-- GENERATED by content/tools/gen_social_seed.py — do not edit by hand.
-- Source: NCERT Social Science, Grade 8 (2026-27). Three scoped chapters:
--   Ch1 Natural Resources (Geography), Ch2 Reshaping India's Political Map (History),
--   Ch3 Universal Franchise & Electoral System (Civics).
-- Every answer is backed by a verbatim chapter sentence, then human-reviewed.

begin;
insert into subjects (code, name, script) values ('social','Social Science','latin') on conflict (code) do nothing;
delete from questions where chapter_id in (select c.id from chapters c join subjects s on s.id=c.subject_id where s.code='social');
delete from concept_sections where chapter_id in (select c.id from chapters c join subjects s on s.id=c.subject_id where s.code='social');
delete from skills where id >= 300 and id < 400;
delete from chapters where subject_id = (select id from subjects where code='social');

-- chapters
insert into chapters (code, number, title, book, subject_id) values ('soc-geo', 1, 'Geography — Natural Resources and their Uses', 'NCERT Social Science, Grade 8', (select id from subjects where code='social'));
insert into chapters (code, number, title, book, subject_id) values ('soc-hist', 2, 'History — Reshaping India''s Political Map', 'NCERT Social Science, Grade 8', (select id from subjects where code='social'));
insert into chapters (code, number, title, book, subject_id) values ('soc-civ', 3, 'Civics — Universal Franchise & India''s Electoral System', 'NCERT Social Science, Grade 8', (select id from subjects where code='social'));

-- skills
insert into skills (id, chapter_id, name, exams_seen_in, total_exams, tier) values (301, (select id from chapters where code='soc-geo'), 'Types of natural resources', 32, 51, '***');
insert into skills (id, chapter_id, name, exams_seen_in, total_exams, tier) values (302, (select id from chapters where code='soc-geo'), 'Renewable vs non-renewable', 32, 51, '***');
insert into skills (id, chapter_id, name, exams_seen_in, total_exams, tier) values (303, (select id from chapters where code='soc-geo'), 'Distribution of resources in India', 32, 51, '***');
insert into skills (id, chapter_id, name, exams_seen_in, total_exams, tier) values (304, (select id from chapters where code='soc-geo'), 'Conservation and stewardship', 32, 51, '***');
insert into skills (id, chapter_id, name, exams_seen_in, total_exams, tier) values (305, (select id from chapters where code='soc-hist'), 'The Delhi Sultanate', 11, 51, '**');
insert into skills (id, chapter_id, name, exams_seen_in, total_exams, tier) values (306, (select id from chapters where code='soc-hist'), 'The Vijayanagara Empire', 11, 51, '**');
insert into skills (id, chapter_id, name, exams_seen_in, total_exams, tier) values (307, (select id from chapters where code='soc-hist'), 'The Mughals', 11, 51, '**');
insert into skills (id, chapter_id, name, exams_seen_in, total_exams, tier) values (308, (select id from chapters where code='soc-hist'), 'Resistance: Rajputs, Ahoms, Sikhs', 11, 51, '**');
insert into skills (id, chapter_id, name, exams_seen_in, total_exams, tier) values (309, (select id from chapters where code='soc-hist'), 'Administration & people''s lives', 11, 51, '**');
insert into skills (id, chapter_id, name, exams_seen_in, total_exams, tier) values (310, (select id from chapters where code='soc-civ'), 'Universal adult franchise', 17, 51, '**');
insert into skills (id, chapter_id, name, exams_seen_in, total_exams, tier) values (311, (select id from chapters where code='soc-civ'), 'The Election Commission of India', 17, 51, '**');
insert into skills (id, chapter_id, name, exams_seen_in, total_exams, tier) values (312, (select id from chapters where code='soc-civ'), 'EVM, VVPAT and the Model Code', 17, 51, '**');
insert into skills (id, chapter_id, name, exams_seen_in, total_exams, tier) values (313, (select id from chapters where code='soc-civ'), 'Lok Sabha, Rajya Sabha & elections', 17, 51, '**');
insert into skills (id, chapter_id, name, exams_seen_in, total_exams, tier) values (314, (select id from chapters where code='soc-geo'), 'Textbook fine print (Geography)', 32, 51, '***');
insert into skills (id, chapter_id, name, exams_seen_in, total_exams, tier) values (315, (select id from chapters where code='soc-hist'), 'Textbook fine print (History)', 11, 51, '**');
insert into skills (id, chapter_id, name, exams_seen_in, total_exams, tier) values (316, (select id from chapters where code='soc-civ'), 'Textbook fine print (Civics)', 17, 51, '**');

-- questions
insert into questions (code, chapter_id, skill_id, source_exam, marks, difficulty, timer_seconds, type, stem_latex, stem_en, options_latex, correct_option, answer_latex, explain_en) values ('soc-geo-q001', (select id from chapters where code='soc-geo'), 301, 'NCERT Social Science Grade 8', 1, 'easy', 60, 'mcq', 'What are the three categories of natural resources based on their use?', null, '["Resources essential for life, resources for materials, resources for energy", "Renewable resources, non-renewable resources, and recyclable resources", "Water resources, mineral resources, and biological resources", "Land resources, water resources, and air resources"]'::jsonb, 0, 'Resources essential for life, resources for materials, resources for energy', 'The chapter categorizes natural resources based on their use into three types: essential for life, for materials, and for energy.  ▸ Textbook: One of the ways we could categorise natural resources is based on the uses we put them to — essential for our life, source for materials and sources f');
insert into questions (code, chapter_id, skill_id, source_exam, marks, difficulty, timer_seconds, type, stem_latex, stem_en, options_latex, correct_option, answer_latex, explain_en) values ('soc-geo-q002', (select id from chapters where code='soc-geo'), 302, 'NCERT Social Science Grade 8', 1, 'easy', 60, 'mcq', 'Which of the following is a renewable resource?', null, '["Coal", "Petroleum", "Solar energy", "Natural gas"]'::jsonb, 2, 'Solar energy', 'Solar energy is renewable because it can be replenished naturally and sustainably.  ▸ Textbook: Solar energy, wind energy, energy from flowing water, timber from forests are renewable resources as long as we are able to manage them in a sustainab');
insert into questions (code, chapter_id, skill_id, source_exam, marks, difficulty, timer_seconds, type, stem_latex, stem_en, options_latex, correct_option, answer_latex, explain_en) values ('soc-geo-q003', (select id from chapters where code='soc-geo'), 302, 'NCERT Social Science Grade 8', 2, 'medium', 120, 'mcq', 'What is the main condition for a resource to be considered renewable?', null, '["It must be economically feasible to extract", "It must be technologically accessible", "The natural rhythm of restoration and regeneration must not be disturbed", "It must be culturally acceptable to use"]'::jsonb, 2, 'The natural rhythm of restoration and regeneration must not be disturbed', 'Renewable resources must be managed so that their natural cycles of restoration and regeneration are not disrupted.  ▸ Textbook: However, for them to remain renewable there is a condition — the natural rhythm of restoration and regeneration must not be disturbed.');
insert into questions (code, chapter_id, skill_id, source_exam, marks, difficulty, timer_seconds, type, stem_latex, stem_en, options_latex, correct_option, answer_latex, explain_en) values ('soc-geo-q004', (select id from chapters where code='soc-geo'), 303, 'NCERT Social Science Grade 8', 2, 'medium', 120, 'mcq', 'Which state in India is facing a severe groundwater depletion crisis due to overexploitation?', null, '["Rajasthan", "Punjab", "Kerala", "Tamil Nadu"]'::jsonb, 1, 'Punjab', 'Punjab is highlighted in the chapter as facing a groundwater crisis due to overuse.  ▸ Textbook: A crisis has unfolded in the fertile plains of Punjab where groundwater resources have been severely depleted.');
insert into questions (code, chapter_id, skill_id, source_exam, marks, difficulty, timer_seconds, type, stem_latex, stem_en, options_latex, correct_option, answer_latex, explain_en) values ('soc-geo-q005', (select id from chapters where code='soc-geo'), 303, 'NCERT Social Science Grade 8', 2, 'medium', 120, 'mcq', 'What is the ''paradox of plenty''?', null, '["Having abundant resources leads to economic prosperity", "Abundant resources guarantee sustainable development", "Regions rich in resources can experience slower economic growth", "Natural resources are evenly distributed across the world"]'::jsonb, 2, 'Regions rich in resources can experience slower economic growth', 'The paradox of plenty refers to the situation where resource-rich regions do not necessarily experience economic prosperity.  ▸ Textbook: Some regions rich in natural resources can experience slower economic growth and development — a phenomenon economists call the ‘natural resource curs');
insert into questions (code, chapter_id, skill_id, source_exam, marks, difficulty, timer_seconds, type, stem_latex, stem_en, options_latex, correct_option, answer_latex, explain_en) values ('soc-geo-q007', (select id from chapters where code='soc-geo'), 303, 'NCERT Social Science Grade 8', 2, 'medium', 120, 'mcq', 'What is the primary reason for the uneven distribution of natural resources?', null, '["Human intervention", "Geographical factors", "Technological advancement", "Cultural practices"]'::jsonb, 1, 'Geographical factors', 'Geographical factors lead to the uneven distribution of resources across different regions.  ▸ Textbook: Natural resources are not evenly distributed across our planet or even within countries.');
insert into questions (code, chapter_id, skill_id, source_exam, marks, difficulty, timer_seconds, type, stem_latex, stem_en, options_latex, correct_option, answer_latex, explain_en) values ('soc-geo-q008', (select id from chapters where code='soc-geo'), 304, 'NCERT Social Science Grade 8', 1, 'easy', 60, 'mcq', 'Which practice is an example of conservation and stewardship?', null, '["Overfishing during spawning season", "Using chemical fertilizers excessively", "Practicing organic farming", "Clearing forests for agriculture"]'::jsonb, 2, 'Practicing organic farming', 'Organic farming involves using natural methods to conserve resources and maintain ecological balance.  ▸ Textbook: Practices like the use of cow dung and other natural fertilisers, mulching, multi-cropping, and so on, enabled holistic soil management.');
insert into questions (code, chapter_id, skill_id, source_exam, marks, difficulty, timer_seconds, type, stem_latex, stem_en, options_latex, correct_option, answer_latex, explain_en) values ('soc-geo-q009', (select id from chapters where code='soc-geo'), 304, 'NCERT Social Science Grade 8', 2, 'medium', 120, 'mcq', 'What is the main implication of unsustainable use of natural resources?', null, '["Increased biodiversity", "Economic prosperity", "Environmental degradation", "Technological advancement"]'::jsonb, 2, 'Environmental degradation', 'Unsustainable use leads to environmental issues like pollution and biodiversity loss.  ▸ Textbook: Scientists studying these aspects have warned that the irresponsible treatment of natural resources has led to pollution, biodiversity loss and climat');
insert into questions (code, chapter_id, skill_id, source_exam, marks, difficulty, timer_seconds, type, stem_latex, stem_en, options_latex, correct_option, answer_latex, explain_en) values ('soc-geo-q010', (select id from chapters where code='soc-geo'), 301, 'NCERT Social Science Grade 8', 1, 'easy', 60, 'mcq', 'Which of the following resources is essential for life?', null, '["Gold", "Air", "Coal", "Iron"]'::jsonb, 1, 'Air', 'Air is essential for life as it is necessary for breathing.  ▸ Textbook: Life could not exist on Earth without the air we breathe, the water we drink and the food we eat.');
insert into questions (code, chapter_id, skill_id, source_exam, marks, difficulty, timer_seconds, type, stem_latex, stem_en, options_latex, correct_option, answer_latex, explain_en) values ('soc-geo-q011', (select id from chapters where code='soc-geo'), 302, 'NCERT Social Science Grade 8', 1, 'easy', 60, 'mcq', 'What is a key characteristic of non-renewable resources?', null, '["They can be replenished quickly", "They are abundant in nature", "They are created over long periods", "They are always environmentally friendly"]'::jsonb, 2, 'They are created over long periods', 'Non-renewable resources take a long time to form and cannot be quickly replenished.  ▸ Textbook: Non-renewable resources are created over long periods. They cannot be replenished at the rate we use them.');
insert into questions (code, chapter_id, skill_id, source_exam, marks, difficulty, timer_seconds, type, stem_latex, stem_en, options_latex, correct_option, answer_latex, explain_en) values ('soc-geo-q012', (select id from chapters where code='soc-geo'), 301, 'NCERT Social Science Grade 8', 1, 'easy', 60, 'mcq', 'Which of the following is an example of a resource for materials?', null, '["Air", "Water", "Wood", "Sunlight"]'::jsonb, 2, 'Wood', 'Wood is used to create materials like furniture and art.  ▸ Textbook: Human beings create physical objects out of Nature’s gifts. We make them for our utility or to create things of beauty that enrich our lives and those');
insert into questions (code, chapter_id, skill_id, source_exam, marks, difficulty, timer_seconds, type, stem_latex, stem_en, options_latex, correct_option, answer_latex, explain_en) values ('soc-geo-q013', (select id from chapters where code='soc-geo'), 304, 'NCERT Social Science Grade 8', 2, 'medium', 120, 'mcq', 'What is the role of the Central Pollution Control Board regarding cement factories?', null, '["To increase production", "To ensure pollution is minimized", "To promote cement exports", "To close down all cement factories"]'::jsonb, 1, 'To ensure pollution is minimized', 'The board sets guidelines to reduce pollution from cement production.  ▸ Textbook: The Central Pollution Control Board has created guidelines for cement factories to ensure that the pollution is minimised or eliminated.');
insert into questions (code, chapter_id, skill_id, source_exam, marks, difficulty, timer_seconds, type, stem_latex, stem_en, options_latex, correct_option, answer_latex, explain_en) values ('soc-geo-q014', (select id from chapters where code='soc-geo'), 301, 'NCERT Social Science Grade 8', 1, 'easy', 60, 'mcq', 'Which natural resource is primarily used for energy?', null, '["Marble", "Coal", "Gold", "Timber"]'::jsonb, 1, 'Coal', 'Coal is a major source of energy used for electricity and heating.  ▸ Textbook: This energy can come from diverse natural sources: coal, water, petroleum, natural gas, sunlight, wind, etc.');
insert into questions (code, chapter_id, skill_id, source_exam, marks, difficulty, timer_seconds, type, stem_latex, stem_en, options_latex, correct_option, answer_latex, explain_en) values ('soc-geo-q015', (select id from chapters where code='soc-geo'), 303, 'NCERT Social Science Grade 8', 2, 'medium', 120, 'mcq', 'What is the impact of over-pumping groundwater in Punjab?', null, '["Increased water availability", "Improved soil quality", "Depletion of groundwater resources", "Reduction in agricultural productivity"]'::jsonb, 2, 'Depletion of groundwater resources', 'Over-pumping has led to a significant depletion of groundwater resources.  ▸ Textbook: Almost 80% of the area of Punjab has been classified as ‘over-exploited’; in other words, we have drawn water at a rate much greater than at which res');
insert into questions (code, chapter_id, skill_id, source_exam, marks, difficulty, timer_seconds, type, stem_latex, stem_en, options_latex, correct_option, answer_latex, explain_en) values ('soc-geo-q016', (select id from chapters where code='soc-geo'), 304, 'NCERT Social Science Grade 8', 2, 'medium', 120, 'mcq', 'Which of the following is a traditional practice that helps in soil management?', null, '["Using chemical fertilizers", "Monocropping", "Mulching", "Deforestation"]'::jsonb, 2, 'Mulching', 'Mulching is a traditional practice that helps retain soil moisture and improve fertility.  ▸ Textbook: Practices like the use of cow dung and other natural fertilisers, mulching, multi-cropping, and so on, enabled holistic soil management.');
insert into questions (code, chapter_id, skill_id, source_exam, marks, difficulty, timer_seconds, type, stem_latex, stem_en, options_latex, correct_option, answer_latex, explain_en) values ('soc-geo-q017', (select id from chapters where code='soc-geo'), 303, 'NCERT Social Science Grade 8', 2, 'medium', 120, 'mcq', 'What is the main reason for the ''natural resource curse''?', null, '["Lack of natural resources", "Over-reliance on resource extraction", "Abundant technological resources", "Equal distribution of resources"]'::jsonb, 1, 'Over-reliance on resource extraction', 'The curse occurs when economies rely too much on resource extraction without developing other industries.  ▸ Textbook: Frequently, economies are unable to develop industries that convert the resources into products of higher value; the chapter ‘Factors of Production’ i');
insert into questions (code, chapter_id, skill_id, source_exam, marks, difficulty, timer_seconds, type, stem_latex, stem_en, options_latex, correct_option, answer_latex, explain_en) values ('soc-geo-q019', (select id from chapters where code='soc-geo'), 303, 'NCERT Social Science Grade 8', 2, 'medium', 120, 'mcq', 'What is the primary use of iron ore in India?', null, '["Jewelry making", "Construction", "Energy production", "Agricultural tools"]'::jsonb, 1, 'Construction', 'Iron ore is primarily used in construction and manufacturing industries.  ▸ Textbook: India’s geographical diversity provides us with a wide variety of natural resources, from wood to marble, and coal to gold.');
insert into questions (code, chapter_id, skill_id, source_exam, marks, difficulty, timer_seconds, type, stem_latex, stem_en, options_latex, correct_option, answer_latex, explain_en) values ('soc-geo-q020', (select id from chapters where code='soc-geo'), 304, 'NCERT Social Science Grade 8', 2, 'medium', 120, 'mcq', 'Which of the following practices can help in the conservation of water resources?', null, '["Over-irrigation", "Rainwater harvesting", "Deforestation", "Chemical pollution"]'::jsonb, 1, 'Rainwater harvesting', 'Rainwater harvesting helps conserve water by collecting and storing rainwater for future use.  ▸ Textbook: Traditional practices of water harvesting, rejuvenation of ponds and tanks, cutting down on wasteful consumption of water, processing and reusing wate');
insert into questions (code, chapter_id, skill_id, source_exam, marks, difficulty, timer_seconds, type, stem_latex, stem_en, options_latex, correct_option, answer_latex, explain_en) values ('soc-geo-q021', (select id from chapters where code='soc-geo'), 304, 'NCERT Social Science Grade 8', 2, 'medium', 120, 'mcq', 'What is the main challenge in managing natural resources sustainably?', null, '["Lack of technology", "Political boundaries", "Balancing extraction with sustainability", "Abundance of resources"]'::jsonb, 2, 'Balancing extraction with sustainability', 'The main challenge is to extract resources without compromising their sustainability for future generations.  ▸ Textbook: However, the challenge of balancing resource extraction with sustainability remains.');
insert into questions (code, chapter_id, skill_id, source_exam, marks, difficulty, timer_seconds, type, stem_latex, stem_en, options_latex, correct_option, answer_latex, explain_en) values ('soc-geo-q023', (select id from chapters where code='soc-geo'), 304, 'NCERT Social Science Grade 8', 2, 'medium', 120, 'mcq', 'What is the significance of the Vṛikṣhāyurveda in resource management?', null, '["It promotes chemical fertilizers", "It focuses on sustainable agriculture", "It encourages deforestation", "It supports monocropping"]'::jsonb, 1, 'It focuses on sustainable agriculture', 'Vṛikṣhāyurveda promotes sustainable agricultural practices that maintain ecological balance.  ▸ Textbook: Vṛikṣhāyurveda is an ancient Indian botanical science that focuses on the study and care of plants and trees.');
insert into questions (code, chapter_id, skill_id, source_exam, marks, difficulty, timer_seconds, type, stem_latex, stem_en, options_latex, correct_option, answer_latex, explain_en) values ('soc-geo-q025', (select id from chapters where code='soc-geo'), 304, 'NCERT Social Science Grade 8', 2, 'medium', 120, 'mcq', 'What is the impact of industrial waste on natural resources?', null, '["Enhances soil fertility", "Increases biodiversity", "Disturbs Nature’s cycle of restoration and regeneration", "Improves water quality"]'::jsonb, 2, 'Disturbs Nature’s cycle of restoration and regeneration', 'Industrial waste can disrupt natural cycles, leading to pollution and environmental degradation.  ▸ Textbook: Instead, it leads to a disturbance in Nature’s cycle of restoration and regeneration, leading to a situation where the river becomes poisonous and can');
insert into questions (code, chapter_id, skill_id, source_exam, marks, difficulty, timer_seconds, type, stem_latex, stem_en, options_latex, correct_option, answer_latex, explain_en) values ('soc-geo-q026', (select id from chapters where code='soc-geo'), 304, 'NCERT Social Science Grade 8', 2, 'medium', 120, 'mcq', 'Which of the following is a traditional method to maintain fish populations?', null, '["Overfishing", "Fishing during spawning season", "Regulating fishing during spawning season", "Using chemical baits"]'::jsonb, 2, 'Regulating fishing during spawning season', 'Regulating fishing during spawning helps maintain fish populations by allowing them to reproduce.  ▸ Textbook: Traditionally, communities had a system of regulating (or refraining from) fishing during the spawning season to enable the maintenance of the fish po');
insert into questions (code, chapter_id, skill_id, source_exam, marks, difficulty, timer_seconds, type, stem_latex, stem_en, options_latex, correct_option, answer_latex, explain_en) values ('soc-geo-q027', (select id from chapters where code='soc-geo'), 304, 'NCERT Social Science Grade 8', 2, 'medium', 120, 'mcq', 'What is the role of human knowledge in resource management?', null, '["To exploit resources without limits", "To ensure resources are used sustainably", "To ignore resource distribution", "To prioritize non-renewable resources"]'::jsonb, 1, 'To ensure resources are used sustainably', 'Human knowledge helps in planning and managing resources sustainably for long-term benefits.  ▸ Textbook: Understanding and managing natural resources is a valuable starting point, but human knowledge, good governance, and strategic planning determine whet');
insert into questions (code, chapter_id, skill_id, source_exam, marks, difficulty, timer_seconds, type, stem_latex, stem_en, options_latex, correct_option, answer_latex, explain_en) values ('soc-geo-q029', (select id from chapters where code='soc-geo'), 303, 'NCERT Social Science Grade 8', 2, 'medium', 120, 'mcq', 'What is the primary challenge in sharing natural resources across political boundaries?', null, '["Technological limitations", "Cultural differences", "Tensions and conflicts", "Abundance of resources"]'::jsonb, 2, 'Tensions and conflicts', 'Sharing resources across boundaries can lead to tensions and conflicts due to differing interests.  ▸ Textbook: Nature does not pay attention to political boundaries. This leads to tensions regarding the sharing of natural resources across states as well as coun');
insert into questions (code, chapter_id, skill_id, source_exam, marks, difficulty, timer_seconds, type, stem_latex, stem_en, options_latex, correct_option, answer_latex, explain_en) values ('soc-hist-q001', (select id from chapters where code='soc-hist'), 305, 'NCERT Social Science Grade 8', 1, 'easy', 60, 'mcq', 'When was the Delhi Sultanate established?', null, '["1206", "1192", "1336", "1526"]'::jsonb, 0, '1206', 'The chapter states that the Delhi Sultanate was established in 1206.  ▸ Textbook: 1206: Establishment of the Delhi Sultanate');
insert into questions (code, chapter_id, skill_id, source_exam, marks, difficulty, timer_seconds, type, stem_latex, stem_en, options_latex, correct_option, answer_latex, explain_en) values ('soc-hist-q002', (select id from chapters where code='soc-hist'), 305, 'NCERT Social Science Grade 8', 2, 'medium', 120, 'mcq', 'Which dynasty was the last to rule the Delhi Sultanate?', null, '["Khiljis", "Tughlaqs", "Sayyids", "Lodis"]'::jsonb, 3, 'Lodis', 'The Lodis were the final dynasty of the Delhi Sultanate as per the chapter.  ▸ Textbook: ...the Lodis emerged and established the last dynasty of the Delhi Sultanate.');
insert into questions (code, chapter_id, skill_id, source_exam, marks, difficulty, timer_seconds, type, stem_latex, stem_en, options_latex, correct_option, answer_latex, explain_en) values ('soc-hist-q003', (select id from chapters where code='soc-hist'), 308, 'NCERT Social Science Grade 8', 2, 'medium', 120, 'mcq', 'Which ruler was known for the construction of the Sūrya temple at Konark?', null, '["Ala-ud-din Khilji", "Narasimhadeva I", "Muhammad bin Tughlaq", "Krishnadevaraya"]'::jsonb, 1, 'Narasimhadeva I', 'Narasimhadeva I built the Sūrya temple to commemorate his victories.  ▸ Textbook: Partly to commemorate these victories, he built the famed Sūrya temple at Konark (present-day Odisha).');
insert into questions (code, chapter_id, skill_id, source_exam, marks, difficulty, timer_seconds, type, stem_latex, stem_en, options_latex, correct_option, answer_latex, explain_en) values ('soc-hist-q004', (select id from chapters where code='soc-hist'), 307, 'NCERT Social Science Grade 8', 1, 'easy', 60, 'mcq', 'What was the outcome of the First Battle of Panipat in 1526?', null, '["Babur''s victory established the Mughal Empire", "The Delhi Sultanate expanded its territory", "The Vijayanagara Empire was defeated", "The Bahmani Sultanate was established"]'::jsonb, 0, 'Babur''s victory established the Mughal Empire', 'Babur''s victory in this battle led to the establishment of the Mughal Empire.  ▸ Textbook: 1526: First Battle of Panipat; Babur’s victory establishes the Mughal Empire');
insert into questions (code, chapter_id, skill_id, source_exam, marks, difficulty, timer_seconds, type, stem_latex, stem_en, options_latex, correct_option, answer_latex, explain_en) values ('soc-hist-q005', (select id from chapters where code='soc-hist'), 307, 'NCERT Social Science Grade 8', 1, 'easy', 60, 'mcq', 'Which battle marked the decisive victory of Akbar in 1556?', null, '["Battle of Haldighati", "Second Battle of Panipat", "Battle of Talikota", "Battle of Saraighat"]'::jsonb, 1, 'Second Battle of Panipat', 'Akbar''s decisive victory was at the Second Battle of Panipat in 1556.  ▸ Textbook: 1556: Second Battle of Panipat; Akbar’s decisive victory');
insert into questions (code, chapter_id, skill_id, source_exam, marks, difficulty, timer_seconds, type, stem_latex, stem_en, options_latex, correct_option, answer_latex, explain_en) values ('soc-hist-q006', (select id from chapters where code='soc-hist'), 306, 'NCERT Social Science Grade 8', 2, 'medium', 120, 'mcq', 'What was the significance of the Battle of Talikota in 1565?', null, '["It marked the end of the Bahmani Sultanate", "It led to the destruction of Vijayanagara city", "It was a decisive victory for the Mughals", "It established the Sikh Empire"]'::jsonb, 1, 'It led to the destruction of Vijayanagara city', 'The battle led to the destruction of the Vijayanagara city.  ▸ Textbook: 1565: Battle of Talikota, destruction of Vijayanagara city');
insert into questions (code, chapter_id, skill_id, source_exam, marks, difficulty, timer_seconds, type, stem_latex, stem_en, options_latex, correct_option, answer_latex, explain_en) values ('soc-hist-q007', (select id from chapters where code='soc-hist'), 306, 'NCERT Social Science Grade 8', 1, 'easy', 60, 'mcq', 'Who was the ruler of the Vijayanagara Empire during its peak in the 16th century?', null, '["Harihara", "Bukka Raya", "Krishnadevaraya", "Ramaraya"]'::jsonb, 2, 'Krishnadevaraya', 'Krishnadevaraya was the ruler during the empire''s peak.  ▸ Textbook: In the 16th century, the Vijayanagara Empire reached its peak under its celebrated ruler, Krishnadevaraya.');
insert into questions (code, chapter_id, skill_id, source_exam, marks, difficulty, timer_seconds, type, stem_latex, stem_en, options_latex, correct_option, answer_latex, explain_en) values ('soc-hist-q008', (select id from chapters where code='soc-hist'), 308, 'NCERT Social Science Grade 8', 1, 'easy', 60, 'mcq', 'Which battle did Maharana Pratap fight against the Mughals?', null, '["Battle of Panipat", "Battle of Haldighati", "Battle of Talikota", "Battle of Saraighat"]'::jsonb, 1, 'Battle of Haldighati', 'Maharana Pratap fought the Battle of Haldighati against the Mughals.  ▸ Textbook: 1576: Battle of Haldighati; Maharana Pratap forced to retreat');
insert into questions (code, chapter_id, skill_id, source_exam, marks, difficulty, timer_seconds, type, stem_latex, stem_en, options_latex, correct_option, answer_latex, explain_en) values ('soc-hist-q010', (select id from chapters where code='soc-hist'), 308, 'NCERT Social Science Grade 8', 1, 'easy', 60, 'mcq', 'Who established the Khalsa in 1699?', null, '["Guru Nanak", "Guru Gobind Singh", "Guru Arjan Dev", "Guru Tegh Bahadur"]'::jsonb, 1, 'Guru Gobind Singh', 'Guru Gobind Singh established the Khalsa in 1699.  ▸ Textbook: 1699: Formation of the Khalsa by Guru Gobind Singh');
insert into questions (code, chapter_id, skill_id, source_exam, marks, difficulty, timer_seconds, type, stem_latex, stem_en, options_latex, correct_option, answer_latex, explain_en) values ('soc-hist-q011', (select id from chapters where code='soc-hist'), 305, 'NCERT Social Science Grade 8', 2, 'medium', 120, 'mcq', 'Which ruler moved the capital from Delhi to Daulatabad?', null, '["Ala-ud-din Khilji", "Muhammad bin Tughlaq", "Ibrahim Lodi", "Babur"]'::jsonb, 1, 'Muhammad bin Tughlaq', 'Muhammad bin Tughlaq moved the capital to Daulatabad.  ▸ Textbook: Muhammad bin Tughlaq had ambitious schemes, but they were often poorly executed. One such was moving his capital from Delhi to Daulatabad...');
insert into questions (code, chapter_id, skill_id, source_exam, marks, difficulty, timer_seconds, type, stem_latex, stem_en, options_latex, correct_option, answer_latex, explain_en) values ('soc-hist-q012', (select id from chapters where code='soc-hist'), 307, 'NCERT Social Science Grade 8', 2, 'medium', 120, 'mcq', 'What was the primary reason for Babur''s interest in India?', null, '["To spread Islam", "To escape from Samarkand", "India''s wealth", "To form alliances with Indian rulers"]'::jsonb, 2, 'India''s wealth', 'Babur was interested in India''s wealth.  ▸ Textbook: Perhaps for the last reasons, especially India’s wealth, he decided to stay and build his empire in India rather than return to Central Asia.');
insert into questions (code, chapter_id, skill_id, source_exam, marks, difficulty, timer_seconds, type, stem_latex, stem_en, options_latex, correct_option, answer_latex, explain_en) values ('soc-hist-q013', (select id from chapters where code='soc-hist'), 307, 'NCERT Social Science Grade 8', 2, 'medium', 120, 'mcq', 'Which empire did Sher Shah Suri establish after defeating Humayun?', null, '["Mughal Empire", "Sur Empire", "Delhi Sultanate", "Vijayanagara Empire"]'::jsonb, 1, 'Sur Empire', 'Sher Shah Suri established the Sur Empire.  ▸ Textbook: Sher Shah Suri, a powerful Afghan leader, established the Sur Empire over large parts of north India...');
insert into questions (code, chapter_id, skill_id, source_exam, marks, difficulty, timer_seconds, type, stem_latex, stem_en, options_latex, correct_option, answer_latex, explain_en) values ('soc-hist-q014', (select id from chapters where code='soc-hist'), 305, 'NCERT Social Science Grade 8', 2, 'medium', 120, 'mcq', 'What was the impact of Timur''s invasion of Delhi?', null, '["It strengthened the Delhi Sultanate", "It led to the establishment of the Mughal Empire", "It left the city in ruins", "It resulted in the formation of the Sikh Empire"]'::jsonb, 2, 'It left the city in ruins', 'Timur''s invasion left Delhi in ruins.  ▸ Textbook: Large numbers were killed or enslaved, and the city was left in ruins.');
insert into questions (code, chapter_id, skill_id, source_exam, marks, difficulty, timer_seconds, type, stem_latex, stem_en, options_latex, correct_option, answer_latex, explain_en) values ('soc-hist-q015', (select id from chapters where code='soc-hist'), 305, 'NCERT Social Science Grade 8', 1, 'easy', 60, 'mcq', 'Which ruler was known for his ambitious but poorly executed schemes?', null, '["Ala-ud-din Khilji", "Muhammad bin Tughlaq", "Krishnadevaraya", "Babur"]'::jsonb, 1, 'Muhammad bin Tughlaq', 'Muhammad bin Tughlaq was known for poorly executed schemes.  ▸ Textbook: Muhammad bin Tughlaq had ambitious schemes, but they were often poorly executed.');
insert into questions (code, chapter_id, skill_id, source_exam, marks, difficulty, timer_seconds, type, stem_latex, stem_en, options_latex, correct_option, answer_latex, explain_en) values ('soc-hist-q017', (select id from chapters where code='soc-hist'), 306, 'NCERT Social Science Grade 8', 2, 'medium', 120, 'mcq', 'Which ruler expanded the Vijayanagara Empire''s dominance over the Deccan?', null, '["Harihara", "Bukka Raya", "Krishnadevaraya", "Ramaraya"]'::jsonb, 2, 'Krishnadevaraya', 'Krishnadevaraya expanded the empire''s dominance.  ▸ Textbook: In the 16th century, the Vijayanagara Empire reached its peak under its celebrated ruler, Krishnadevaraya, who expanded and secured the empire’s domin');
insert into questions (code, chapter_id, skill_id, source_exam, marks, difficulty, timer_seconds, type, stem_latex, stem_en, options_latex, correct_option, answer_latex, explain_en) values ('soc-hist-q018', (select id from chapters where code='soc-hist'), 306, 'NCERT Social Science Grade 8', 2, 'medium', 120, 'mcq', 'What was the main reason for the decline of the Vijayanagara Empire?', null, '["Invasion by the Mughals", "Internal conflicts", "Defeat at the Battle of Talikota", "Economic decline"]'::jsonb, 2, 'Defeat at the Battle of Talikota', 'The defeat at the Battle of Talikota led to the empire''s decline.  ▸ Textbook: In 1565, the Deccan Sultanates formed a coalition and defeated the Vijayanagara forces led by Ramaraya, Krishnadevaraya’s son-in-law, at the Battle of');
insert into questions (code, chapter_id, skill_id, source_exam, marks, difficulty, timer_seconds, type, stem_latex, stem_en, options_latex, correct_option, answer_latex, explain_en) values ('soc-hist-q019', (select id from chapters where code='soc-hist'), 307, 'NCERT Social Science Grade 8', 1, 'easy', 60, 'mcq', 'Which Mughal ruler was known for his autobiography, Baburnama?', null, '["Akbar", "Humayun", "Babur", "Aurangzeb"]'::jsonb, 2, 'Babur', 'Babur wrote the Baburnama.  ▸ Textbook: Babur left a candid autobiography of great historical value, Baburnama (‘Babur’s Memoirs’).');
insert into questions (code, chapter_id, skill_id, source_exam, marks, difficulty, timer_seconds, type, stem_latex, stem_en, options_latex, correct_option, answer_latex, explain_en) values ('soc-hist-q020', (select id from chapters where code='soc-hist'), 305, 'NCERT Social Science Grade 8', 2, 'medium', 120, 'mcq', 'What was the purpose of the jizya tax imposed by some sultans?', null, '["To fund military campaigns", "To grant protection and exemption from military service to non-Muslims", "To encourage trade", "To build infrastructure"]'::jsonb, 1, 'To grant protection and exemption from military service to non-Muslims', 'The jizya was a tax for protection and exemption from military service.  ▸ Textbook: Some of the sultans also imposed the jizya, a tax on non-Muslim subjects to grant them protection and exemption from military service.');
insert into questions (code, chapter_id, skill_id, source_exam, marks, difficulty, timer_seconds, type, stem_latex, stem_en, options_latex, correct_option, answer_latex, explain_en) values ('soc-hist-q021', (select id from chapters where code='soc-hist'), 308, 'NCERT Social Science Grade 8', 2, 'medium', 120, 'mcq', 'Who was the ruler of the Mewar kingdom who resisted invasions in the 15th century?', null, '["Maharana Pratap", "Rana Kumbha", "Rana Sanga", "Rana Udai Singh"]'::jsonb, 1, 'Rana Kumbha', 'Rana Kumbha resisted invasions in the 15th century.  ▸ Textbook: In the 15th century, it faced stiff resistance from Rana Kumbha, the ruler of the Mewar kingdom, who also successfully repelled invasions from these l');
insert into questions (code, chapter_id, skill_id, source_exam, marks, difficulty, timer_seconds, type, stem_latex, stem_en, options_latex, correct_option, answer_latex, explain_en) values ('soc-hist-q023', (select id from chapters where code='soc-hist'), 305, 'NCERT Social Science Grade 8', 2, 'medium', 120, 'mcq', 'What was the main reason for Muhammad bin Tughlaq''s capital relocation to Daulatabad?', null, '["To escape Mongol invasions", "To centralize control over the empire", "To establish a new trade route", "To build a new palace"]'::jsonb, 1, 'To centralize control over the empire', 'The relocation was intended to centralize control.  ▸ Textbook: ...perhaps he thought its more central location would offer better control of the empire.');
insert into questions (code, chapter_id, skill_id, source_exam, marks, difficulty, timer_seconds, type, stem_latex, stem_en, options_latex, correct_option, answer_latex, explain_en) values ('soc-hist-q024', (select id from chapters where code='soc-hist'), 307, 'NCERT Social Science Grade 8', 1, 'easy', 60, 'mcq', 'Which empire did Babur establish after defeating Ibrahim Lodi?', null, '["Delhi Sultanate", "Vijayanagara Empire", "Mughal Empire", "Sur Empire"]'::jsonb, 2, 'Mughal Empire', 'Babur established the Mughal Empire.  ▸ Textbook: ...Babur’s victory establishes the Mughal Empire');
insert into questions (code, chapter_id, skill_id, source_exam, marks, difficulty, timer_seconds, type, stem_latex, stem_en, options_latex, correct_option, answer_latex, explain_en) values ('soc-hist-q026', (select id from chapters where code='soc-hist'), 305, 'NCERT Social Science Grade 8', 2, 'medium', 120, 'mcq', 'Which ruler''s military campaigns expanded the Delhi Sultanate''s reach southward?', null, '["Ala-ud-din Khilji", "Muhammad bin Tughlaq", "Ibrahim Lodi", "Babur"]'::jsonb, 0, 'Ala-ud-din Khilji', 'Ala-ud-din Khilji''s campaigns expanded the Sultanate southward.  ▸ Textbook: His slave-general Malik Kafur expanded the Sultanate’s reach southward, conquering several kingdoms on the way...');
insert into questions (code, chapter_id, skill_id, source_exam, marks, difficulty, timer_seconds, type, stem_latex, stem_en, options_latex, correct_option, answer_latex, explain_en) values ('soc-hist-q028', (select id from chapters where code='soc-hist'), 307, 'NCERT Social Science Grade 8', 2, 'medium', 120, 'mcq', 'Which ruler was known for his brutal and ruthless conquests, including erecting ''towers of skulls''?', null, '["Akbar", "Babur", "Ala-ud-din Khilji", "Muhammad bin Tughlaq"]'::jsonb, 1, 'Babur', 'Babur was known for his brutal conquests.  ▸ Textbook: But he was also a brutal and ruthless conqueror, slaughtering entire populations of cities, enslaving women and children, and taking pride in erecting');
insert into questions (code, chapter_id, skill_id, source_exam, marks, difficulty, timer_seconds, type, stem_latex, stem_en, options_latex, correct_option, answer_latex, explain_en) values ('soc-hist-q031', (select id from chapters where code='soc-hist'), 305, 'NCERT Social Science Grade 8', 2, 'medium', 120, 'mcq', 'Which ruler''s military campaigns were repelled by Ala-ud-din Khilji?', null, '["Mongol forces", "Rajput forces", "Vijayanagara forces", "Bahmani Sultanate forces"]'::jsonb, 0, 'Mongol forces', 'Ala-ud-din Khilji repelled Mongol invasions.  ▸ Textbook: ...he also repelled several invasions by Mongol forces, who were trying to add India to the vast Mongol Empire...');
insert into questions (code, chapter_id, skill_id, source_exam, marks, difficulty, timer_seconds, type, stem_latex, stem_en, options_latex, correct_option, answer_latex, explain_en) values ('soc-civ-q001', (select id from chapters where code='soc-civ'), 310, 'NCERT Social Science Grade 8', 1, 'easy', 60, 'mcq', 'What is the minimum age for voting in India as per the universal adult franchise?', null, '["18 years", "21 years", "16 years", "25 years"]'::jsonb, 0, '18 years', 'The chapter states that the voting age was changed to 18 in 1988.  ▸ Textbook: India changed the minimum age for voting from 21 to 18 in 1988.');
insert into questions (code, chapter_id, skill_id, source_exam, marks, difficulty, timer_seconds, type, stem_latex, stem_en, options_latex, correct_option, answer_latex, explain_en) values ('soc-civ-q002', (select id from chapters where code='soc-civ'), 310, 'NCERT Social Science Grade 8', 1, 'easy', 60, 'mcq', 'Which article of the Indian Constitution is related to universal adult franchise?', null, '["Article 326", "Article 370", "Article 21", "Article 51"]'::jsonb, 0, 'Article 326', 'The chapter explicitly mentions Article 326 in relation to universal franchise.  ▸ Textbook: Elections to the Lok Sabha, the legislative assembly of every state and union territory, and all the local elections in villages and cities are based ');
insert into questions (code, chapter_id, skill_id, source_exam, marks, difficulty, timer_seconds, type, stem_latex, stem_en, options_latex, correct_option, answer_latex, explain_en) values ('soc-civ-q003', (select id from chapters where code='soc-civ'), 311, 'NCERT Social Science Grade 8', 1, 'easy', 60, 'mcq', 'Who is responsible for conducting elections to the Lok Sabha and State Legislative Assemblies in India?', null, '["Election Commission of India", "Supreme Court of India", "President of India", "Parliament of India"]'::jsonb, 0, 'Election Commission of India', 'The ECI is mentioned as the body responsible for conducting elections.  ▸ Textbook: The Election Commission of India (ECI) is an independent constitutional body responsible for conducting free and fair elections.');
insert into questions (code, chapter_id, skill_id, source_exam, marks, difficulty, timer_seconds, type, stem_latex, stem_en, options_latex, correct_option, answer_latex, explain_en) values ('soc-civ-q004', (select id from chapters where code='soc-civ'), 310, 'NCERT Social Science Grade 8', 2, 'medium', 120, 'mcq', 'What innovative measure was introduced in 2024 to help elderly and disabled voters in India?', null, '["Postal voting", "Online voting", "Proxy voting", "Compulsory voting"]'::jsonb, 0, 'Postal voting', 'The chapter describes postal voting as a new measure for accessibility.  ▸ Textbook: In 2024, for the first time, the elderly and people with disabilities could cast their votes from home, and the postal voting option was available for');
insert into questions (code, chapter_id, skill_id, source_exam, marks, difficulty, timer_seconds, type, stem_latex, stem_en, options_latex, correct_option, answer_latex, explain_en) values ('soc-civ-q005', (select id from chapters where code='soc-civ'), 311, 'NCERT Social Science Grade 8', 2, 'medium', 120, 'mcq', 'Who was the first Chief Election Commissioner to bring significant reforms in Indian elections?', null, '["T.N. Seshan", "Sukumar Sen", "Sunil Arora", "S.Y. Quraishi"]'::jsonb, 0, 'T.N. Seshan', 'T.N. Seshan is credited with major electoral reforms.  ▸ Textbook: T.N. Seshan became the Chief Election Commissioner in 1990. He brought in reforms to ensure free and fair elections.');
insert into questions (code, chapter_id, skill_id, source_exam, marks, difficulty, timer_seconds, type, stem_latex, stem_en, options_latex, correct_option, answer_latex, explain_en) values ('soc-civ-q006', (select id from chapters where code='soc-civ'), 312, 'NCERT Social Science Grade 8', 1, 'easy', 60, 'mcq', 'What is the purpose of the Model Code of Conduct during elections?', null, '["To ensure free and fair elections", "To increase voter turnout", "To promote political parties", "To regulate media coverage"]'::jsonb, 0, 'To ensure free and fair elections', 'The Model Code of Conduct is designed to ensure fair elections.  ▸ Textbook: The code is followed to ensure free and fair elections, listing the dos and don’ts for leaders, political parties, and candidates that must be adhered');
insert into questions (code, chapter_id, skill_id, source_exam, marks, difficulty, timer_seconds, type, stem_latex, stem_en, options_latex, correct_option, answer_latex, explain_en) values ('soc-civ-q007', (select id from chapters where code='soc-civ'), 313, 'NCERT Social Science Grade 8', 2, 'medium', 120, 'mcq', 'How are Members of the Rajya Sabha elected?', null, '["Indirect elections by state legislative assemblies", "Direct elections by the public", "Nominated by the President", "Elected by Lok Sabha members"]'::jsonb, 0, 'Indirect elections by state legislative assemblies', 'Rajya Sabha members are elected indirectly by state assemblies.  ▸ Textbook: The candidates elected to the Rajya Sabha are also known as Members of Parliament (MPs), but they are chosen through indirect elections.');
insert into questions (code, chapter_id, skill_id, source_exam, marks, difficulty, timer_seconds, type, stem_latex, stem_en, options_latex, correct_option, answer_latex, explain_en) values ('soc-civ-q008', (select id from chapters where code='soc-civ'), 313, 'NCERT Social Science Grade 8', 1, 'easy', 60, 'mcq', 'What is the term length for a member of the Rajya Sabha?', null, '["6 years", "5 years", "4 years", "3 years"]'::jsonb, 0, '6 years', 'The chapter states that Rajya Sabha members serve for six years.  ▸ Textbook: A member of the Rajya Sabha has a six-year term.');
insert into questions (code, chapter_id, skill_id, source_exam, marks, difficulty, timer_seconds, type, stem_latex, stem_en, options_latex, correct_option, answer_latex, explain_en) values ('soc-civ-q009', (select id from chapters where code='soc-civ'), 312, 'NCERT Social Science Grade 8', 1, 'easy', 60, 'mcq', 'What does VVPAT stand for in the context of Indian elections?', null, '["Voter Verifiable Paper Audit Trail", "Voter Verification and Polling Audit Technology", "Voting Verification and Paper Audit Trail", "Voter Verification and Paper Audit Technology"]'::jsonb, 0, 'Voter Verifiable Paper Audit Trail', 'VVPAT is a system for verifying electronic votes with a paper trail.  ▸ Textbook: VVPAT is a system that produces a physical paper record, allowing voters to verify that their electronic votes were cast correctly.');
insert into questions (code, chapter_id, skill_id, source_exam, marks, difficulty, timer_seconds, type, stem_latex, stem_en, options_latex, correct_option, answer_latex, explain_en) values ('soc-civ-q010', (select id from chapters where code='soc-civ'), 313, 'NCERT Social Science Grade 8', 2, 'medium', 120, 'mcq', 'Which system is used for voting in the Lok Sabha elections?', null, '["First-Past-the-Post", "Proportional Representation", "Single Transferable Vote", "Mixed-Member Proportional"]'::jsonb, 0, 'First-Past-the-Post', 'The chapter mentions the First-Past-the-Post system for Lok Sabha elections.  ▸ Textbook: India uses the ‘First-Past-the-Post’ electoral system, wherein the candidate receiving the most votes in a constituency wins.');
insert into questions (code, chapter_id, skill_id, source_exam, marks, difficulty, timer_seconds, type, stem_latex, stem_en, options_latex, correct_option, answer_latex, explain_en) values ('soc-civ-q011', (select id from chapters where code='soc-civ'), 311, 'NCERT Social Science Grade 8', 1, 'easy', 60, 'mcq', 'What is the role of the Returning Officer in Indian elections?', null, '["Conducts elections", "Registers political parties", "Sets election dates", "Oversees the entire electoral process"]'::jsonb, 0, 'Conducts elections', 'The Returning Officer is responsible for conducting elections.  ▸ Textbook: Returning Officer (RO) (conducts elections)');
insert into questions (code, chapter_id, skill_id, source_exam, marks, difficulty, timer_seconds, type, stem_latex, stem_en, options_latex, correct_option, answer_latex, explain_en) values ('soc-civ-q012', (select id from chapters where code='soc-civ'), 313, 'NCERT Social Science Grade 8', 1, 'easy', 60, 'mcq', 'How many Lok Sabha constituencies are there in India?', null, '["543", "545", "550", "540"]'::jsonb, 0, '543', 'The chapter states there are 543 Lok Sabha constituencies.  ▸ Textbook: Over 968 million voters were eligible to exercise their franchise for the 543 constituencies of the Lok Sabha.');
insert into questions (code, chapter_id, skill_id, source_exam, marks, difficulty, timer_seconds, type, stem_latex, stem_en, options_latex, correct_option, answer_latex, explain_en) values ('soc-civ-q014', (select id from chapters where code='soc-civ'), 311, 'NCERT Social Science Grade 8', 2, 'medium', 120, 'mcq', 'Which body manages elections to gram panchayats and urban local bodies?', null, '["State Election Commissions", "Election Commission of India", "Ministry of Home Affairs", "Local Government Bodies"]'::jsonb, 0, 'State Election Commissions', 'State Election Commissions handle local body elections.  ▸ Textbook: The State Election Commissions manage these.');
insert into questions (code, chapter_id, skill_id, source_exam, marks, difficulty, timer_seconds, type, stem_latex, stem_en, options_latex, correct_option, answer_latex, explain_en) values ('soc-civ-q015', (select id from chapters where code='soc-civ'), 311, 'NCERT Social Science Grade 8', 2, 'medium', 120, 'mcq', 'What is the primary function of the Chief Election Commissioner?', null, '["Oversees the entire electoral process", "Registers political parties", "Sets election dates", "Conducts elections"]'::jsonb, 0, 'Oversees the entire electoral process', 'The Chief Election Commissioner oversees the electoral process.  ▸ Textbook: The Election Commission of India (ECI) is an independent constitutional body responsible for conducting free and fair elections.');
insert into questions (code, chapter_id, skill_id, source_exam, marks, difficulty, timer_seconds, type, stem_latex, stem_en, options_latex, correct_option, answer_latex, explain_en) values ('soc-civ-q016', (select id from chapters where code='soc-civ'), 311, 'NCERT Social Science Grade 8', 2, 'medium', 120, 'mcq', 'Which of the following is NOT a task performed by the Election Commission of India?', null, '["Conducting elections to the Lok Sabha", "Registering political parties", "Enforcing the Model Code of Conduct", "Appointing the Prime Minister"]'::jsonb, 3, 'Appointing the Prime Minister', 'The ECI does not appoint the Prime Minister.  ▸ Textbook: The Election Commission of India (ECI) is an independent constitutional body responsible for conducting free and fair elections.');
insert into questions (code, chapter_id, skill_id, source_exam, marks, difficulty, timer_seconds, type, stem_latex, stem_en, options_latex, correct_option, answer_latex, explain_en) values ('soc-civ-q018', (select id from chapters where code='soc-civ'), 312, 'NCERT Social Science Grade 8', 2, 'medium', 120, 'mcq', 'Which of the following is a violation of the Model Code of Conduct?', null, '["Distributing gifts to influence voters", "Holding public rallies", "Using social media for campaigns", "Announcing election dates"]'::jsonb, 0, 'Distributing gifts to influence voters', 'Distributing gifts to influence voters is against the Model Code.  ▸ Textbook: Influencing voters through gifts in return for votes is punishable.');
insert into questions (code, chapter_id, skill_id, source_exam, marks, difficulty, timer_seconds, type, stem_latex, stem_en, options_latex, correct_option, answer_latex, explain_en) values ('soc-civ-q019', (select id from chapters where code='soc-civ'), 311, 'NCERT Social Science Grade 8', 2, 'medium', 120, 'mcq', 'What is the role of the Chief Electoral Officer at the state level?', null, '["Oversees elections in the state", "Registers political parties", "Sets national election dates", "Conducts elections for the President"]'::jsonb, 0, 'Oversees elections in the state', 'The Chief Electoral Officer oversees state elections.  ▸ Textbook: Chief Electoral Officer');
insert into questions (code, chapter_id, skill_id, source_exam, marks, difficulty, timer_seconds, type, stem_latex, stem_en, options_latex, correct_option, answer_latex, explain_en) values ('soc-civ-q020', (select id from chapters where code='soc-civ'), 313, 'NCERT Social Science Grade 8', 1, 'easy', 60, 'mcq', 'How many members of the Rajya Sabha are nominated by the President of India?', null, '["12", "10", "15", "20"]'::jsonb, 0, '12', 'The President nominates 12 members to the Rajya Sabha.  ▸ Textbook: Of the 245 members of the Rajya Sabha, 233 are elected by the elected members of the state legislative assemblies (MLAs), while the President of India');
insert into questions (code, chapter_id, skill_id, source_exam, marks, difficulty, timer_seconds, type, stem_latex, stem_en, options_latex, correct_option, answer_latex, explain_en) values ('soc-civ-q021', (select id from chapters where code='soc-civ'), 312, 'NCERT Social Science Grade 8', 1, 'easy', 60, 'mcq', 'What is the primary purpose of the VVPAT system?', null, '["To provide a paper trail for electronic votes", "To register political parties", "To announce election results", "To conduct online voting"]'::jsonb, 0, 'To provide a paper trail for electronic votes', 'VVPAT provides a paper trail for verification of electronic votes.  ▸ Textbook: VVPAT is a system that produces a physical paper record, allowing voters to verify that their electronic votes were cast correctly.');
insert into questions (code, chapter_id, skill_id, source_exam, marks, difficulty, timer_seconds, type, stem_latex, stem_en, options_latex, correct_option, answer_latex, explain_en) values ('soc-civ-q022', (select id from chapters where code='soc-civ'), 310, 'NCERT Social Science Grade 8', 1, 'easy', 60, 'mcq', 'What is the term used for the right to vote in elections?', null, '["Franchise", "Mandate", "Referendum", "Plebiscite"]'::jsonb, 0, 'Franchise', 'The term ''franchise'' refers to the right to vote.  ▸ Textbook: Franchise: A right granted by the constitution or government.');
insert into questions (code, chapter_id, skill_id, source_exam, marks, difficulty, timer_seconds, type, stem_latex, stem_en, options_latex, correct_option, answer_latex, explain_en) values ('soc-civ-q023', (select id from chapters where code='soc-civ'), 313, 'NCERT Social Science Grade 8', 2, 'medium', 120, 'mcq', 'Which electoral system is used for Rajya Sabha elections?', null, '["Single transferable vote system", "First-Past-the-Post", "Proportional Representation", "Mixed-Member Proportional"]'::jsonb, 0, 'Single transferable vote system', 'The Rajya Sabha uses the single transferable vote system.  ▸ Textbook: There is a difference, however, in the voting process. It uses what is called a ‘single transferable vote system’.');
insert into questions (code, chapter_id, skill_id, source_exam, marks, difficulty, timer_seconds, type, stem_latex, stem_en, options_latex, correct_option, answer_latex, explain_en) values ('soc-civ-q024', (select id from chapters where code='soc-civ'), 311, 'NCERT Social Science Grade 8', 2, 'medium', 120, 'mcq', 'What is the role of the District Election Officer?', null, '["Oversees elections at the district level", "Registers political parties", "Sets national election dates", "Conducts elections for the President"]'::jsonb, 0, 'Oversees elections at the district level', 'The District Election Officer manages elections at the district level.  ▸ Textbook: District Election Officer');
insert into questions (code, chapter_id, skill_id, source_exam, marks, difficulty, timer_seconds, type, stem_latex, stem_en, options_latex, correct_option, answer_latex, explain_en) values ('soc-civ-q025', (select id from chapters where code='soc-civ'), 313, 'NCERT Social Science Grade 8', 1, 'easy', 60, 'mcq', 'How many seats are reserved for Scheduled Castes in the Lok Sabha?', null, '["84", "47", "100", "50"]'::jsonb, 0, '84', 'The chapter states 84 seats are reserved for Scheduled Castes.  ▸ Textbook: 84 of the Lok Sabha constituencies are reserved for persons from the scheduled castes.');
insert into questions (code, chapter_id, skill_id, source_exam, marks, difficulty, timer_seconds, type, stem_latex, stem_en, options_latex, correct_option, answer_latex, explain_en) values ('soc-civ-q026', (select id from chapters where code='soc-civ'), 311, 'NCERT Social Science Grade 8', 2, 'medium', 120, 'mcq', 'What is the primary function of the Electoral Registration Officer?', null, '["Manages voter list", "Registers political parties", "Sets election dates", "Conducts elections"]'::jsonb, 0, 'Manages voter list', 'The Electoral Registration Officer manages the voter list.  ▸ Textbook: Electoral Registration Officer (ERO) (manages voter list)');
insert into questions (code, chapter_id, skill_id, source_exam, marks, difficulty, timer_seconds, type, stem_latex, stem_en, options_latex, correct_option, answer_latex, explain_en) values ('soc-civ-q027', (select id from chapters where code='soc-civ'), 313, 'NCERT Social Science Grade 8', 1, 'easy', 60, 'mcq', 'What is the significance of the ''First-Past-the-Post'' system?', null, '["Candidate with most votes wins", "Proportional representation", "Single transferable vote", "Mixed-Member Proportional"]'::jsonb, 0, 'Candidate with most votes wins', 'In this system, the candidate with the most votes wins.  ▸ Textbook: India uses the ‘First-Past-the-Post’ electoral system, wherein the candidate receiving the most votes in a constituency wins.');
insert into questions (code, chapter_id, skill_id, source_exam, marks, difficulty, timer_seconds, type, stem_latex, stem_en, options_latex, correct_option, answer_latex, explain_en) values ('soc-geo-fp001', (select id from chapters where code='soc-geo'), 314, 'NCERT Social Science Grade 8', 1, 'easy', 60, 'mcq', 'In many indigenous traditions, how is Nature viewed?', null, '["As a sacred entity", "As a resource to exploit", "As a scientific phenomenon", "As an economic asset"]'::jsonb, 0, 'As a sacred entity', 'The fine print mentions that Nature is considered sacred in many indigenous traditions.  ▸ Textbook: In many indigenous traditions of the world, Nature is considered sacred.');
insert into questions (code, chapter_id, skill_id, source_exam, marks, difficulty, timer_seconds, type, stem_latex, stem_en, options_latex, correct_option, answer_latex, explain_en) values ('soc-geo-fp002', (select id from chapters where code='soc-geo'), 314, 'NCERT Social Science Grade 8', 2, 'medium', 120, 'mcq', 'What is an example of an ecosystem service?', null, '["Trees producing oxygen", "Animals migrating", "Rivers flowing", "Mountains forming"]'::jsonb, 0, 'Trees producing oxygen', 'The fine print explains that trees producing oxygen is an example of an ecosystem service.  ▸ Textbook: For example, trees naturally produce oxygen. When these natural processes benefit humans, we call them ‘ecosystem services’.');
insert into questions (code, chapter_id, skill_id, source_exam, marks, difficulty, timer_seconds, type, stem_latex, stem_en, options_latex, correct_option, answer_latex, explain_en) values ('soc-geo-fp004', (select id from chapters where code='soc-geo'), 314, 'NCERT Social Science Grade 8', 2, 'medium', 120, 'mcq', 'Which river is the Mettur dam in Tamil Nadu built on?', null, '["Kaveri river", "Ganga river", "Yamuna river", "Godavari river"]'::jsonb, 0, 'Kaveri river', 'The fine print specifies that the Mettur dam is built on the Kaveri river.  ▸ Textbook: Fig. 1.13. Mettur dam in Tamil Nadu built on the Kaveri river');
insert into questions (code, chapter_id, skill_id, source_exam, marks, difficulty, timer_seconds, type, stem_latex, stem_en, options_latex, correct_option, answer_latex, explain_en) values ('soc-geo-fp009', (select id from chapters where code='soc-geo'), 314, 'NCERT Social Science Grade 8', 1, 'easy', 60, 'mcq', 'What does the fine print suggest about the origin of things around us?', null, '["They all lead to Nature", "They are man-made", "They are from outer space", "They are eternal"]'::jsonb, 0, 'They all lead to Nature', 'The fine print suggests that everything ultimately originates from Nature.  ▸ Textbook: At some point they all lead to Nature; even the plastic button on your shirt.');
insert into questions (code, chapter_id, skill_id, source_exam, marks, difficulty, timer_seconds, type, stem_latex, stem_en, options_latex, correct_option, answer_latex, explain_en) values ('soc-hist-fp001', (select id from chapters where code='soc-hist'), 315, 'NCERT Social Science Grade 8', 2, 'medium', 120, 'mcq', 'Which term is used in English to refer to statues used for worship in temples or homes, as it is considered neutral?', null, '["Idol", "Icon", "Image", "Mūrti"]'::jsonb, 2, 'Image', 'The term ''image'' is used because ''idol'' and ''icon'' are considered pejorative in certain religious contexts.  ▸ Textbook: In English, ‘image’ is a neutral term.');
insert into questions (code, chapter_id, skill_id, source_exam, marks, difficulty, timer_seconds, type, stem_latex, stem_en, options_latex, correct_option, answer_latex, explain_en) values ('soc-hist-fp002', (select id from chapters where code='soc-hist'), 315, 'NCERT Social Science Grade 8', 2, 'medium', 120, 'mcq', 'Who were the Telugu chieftains that rallied over 75 more chieftains to form a confederacy against the Delhi Sultanate?', null, '["Hoysalas", "Musunuri Nayakas", "Eastern Gangas", "Vijayanagara Kings"]'::jsonb, 1, 'Musunuri Nayakas', 'The Musunuri Nayakas were key figures in resisting the Delhi Sultanate''s forces.  ▸ Textbook: During the time of the Tughlaqs, the Musunuri Nayakas, Telugu chieftains, rallied over 75 more chieftains of the region.');
insert into questions (code, chapter_id, skill_id, source_exam, marks, difficulty, timer_seconds, type, stem_latex, stem_en, options_latex, correct_option, answer_latex, explain_en) values ('soc-hist-fp003', (select id from chapters where code='soc-hist'), 315, 'NCERT Social Science Grade 8', 1, 'easy', 60, 'mcq', 'What remarkable sight did Harihara and Bukka witness at Hampi according to popular folklore?', null, '["A lion chasing a deer", "A hare turning around and chasing a pack of hounds", "An eagle catching a snake", "A tiger swimming across a river"]'::jsonb, 1, 'A hare turning around and chasing a pack of hounds', 'This sight was interpreted as a symbol of resilience and bravery.  ▸ Textbook: According to popular folklore, Harihara and Bukka witnessed a remarkable sight at Hampi (in present-day Karnataka) — a hare turning around and chasing');
insert into questions (code, chapter_id, skill_id, source_exam, marks, difficulty, timer_seconds, type, stem_latex, stem_en, options_latex, correct_option, answer_latex, explain_en) values ('soc-hist-fp004', (select id from chapters where code='soc-hist'), 315, 'NCERT Social Science Grade 8', 2, 'medium', 120, 'mcq', 'Which Portuguese traveller left a detailed record of his stay in the Vijayanagara capital?', null, '["Vasco da Gama", "Ferdinand Magellan", "Domingo Paes", "Christopher Columbus"]'::jsonb, 2, 'Domingo Paes', 'Domingo Paes documented his observations of the Vijayanagara Empire.  ▸ Textbook: One of them, Domingo Paes, left a long and detailed record of his stay in the Vijayanagara capital.');
insert into questions (code, chapter_id, skill_id, source_exam, marks, difficulty, timer_seconds, type, stem_latex, stem_en, options_latex, correct_option, answer_latex, explain_en) values ('soc-hist-fp005', (select id from chapters where code='soc-hist'), 315, 'NCERT Social Science Grade 8', 1, 'easy', 60, 'mcq', 'What does the term ''pati'' mean in titles like ''Gajapati''?', null, '["Warrior", "Priest", "Lord", "Merchant"]'::jsonb, 2, 'Lord', '''Pati'' signifies authority and leadership in titles.  ▸ Textbook: Pati means ‘lord’ or ‘master’ and was commonly used by many ruling dynasties of this period to signify power and stature.');
insert into questions (code, chapter_id, skill_id, source_exam, marks, difficulty, timer_seconds, type, stem_latex, stem_en, options_latex, correct_option, answer_latex, explain_en) values ('soc-hist-fp006', (select id from chapters where code='soc-hist'), 315, 'NCERT Social Science Grade 8', 2, 'medium', 120, 'mcq', 'Which Sikh Guru was beheaded by Aurangzeb in 1675 at the site marked by Gurudwara Sis Ganj Sahib?', null, '["Guru Nanak", "Guru Gobind Singh", "Guru Tegh Bahadur", "Guru Arjan Dev"]'::jsonb, 2, 'Guru Tegh Bahadur', 'Guru Tegh Bahadur''s sacrifice is commemorated at this site.  ▸ Textbook: This one marks the site where Guru Tegh Bahadur, the ninth Sikh Guru, was beheaded by Aurangzeb in 1675.');
insert into questions (code, chapter_id, skill_id, source_exam, marks, difficulty, timer_seconds, type, stem_latex, stem_en, options_latex, correct_option, answer_latex, explain_en) values ('soc-hist-fp007', (select id from chapters where code='soc-hist'), 315, 'NCERT Social Science Grade 8', 2, 'medium', 120, 'mcq', 'What was the primary function of a ''hundi'' in historical trade networks?', null, '["To transport goods", "To serve as a currency", "To make payment instructions", "To record trade agreements"]'::jsonb, 2, 'To make payment instructions', 'Hundis facilitated financial transactions across borders without physical currency.  ▸ Textbook: A hundi was a written instruction to make payment to an individual.');
insert into questions (code, chapter_id, skill_id, source_exam, marks, difficulty, timer_seconds, type, stem_latex, stem_en, options_latex, correct_option, answer_latex, explain_en) values ('soc-hist-fp009', (select id from chapters where code='soc-hist'), 315, 'NCERT Social Science Grade 8', 2, 'medium', 120, 'mcq', 'What was the role of the Mir Bakhshi in the Mughal administration?', null, '["In charge of public works", "Looked after military matters", "Managed trade and industry", "Oversaw agriculture"]'::jsonb, 1, 'Looked after military matters', 'The Mir Bakhshi was responsible for military affairs in the Mughal administration.  ▸ Textbook: while the Mir Bakhshi looked after military matters');
insert into questions (code, chapter_id, skill_id, source_exam, marks, difficulty, timer_seconds, type, stem_latex, stem_en, options_latex, correct_option, answer_latex, explain_en) values ('soc-hist-fp010', (select id from chapters where code='soc-hist'), 315, 'NCERT Social Science Grade 8', 2, 'medium', 120, 'mcq', 'What does the Gurudwara Sis Ganj Sahib in Chandni Chowk signify?', null, '["The birth of Guru Nanak", "The martyrdom of Guru Arjan Dev", "The beheading of Guru Tegh Bahadur", "The establishment of the Khalsa"]'::jsonb, 2, 'The beheading of Guru Tegh Bahadur', 'The Gurudwara commemorates the sacrifice of Guru Tegh Bahadur.  ▸ Textbook: This one marks the site where Guru Tegh Bahadur, the ninth Sikh Guru, was beheaded by Aurangzeb in 1675.');
insert into questions (code, chapter_id, skill_id, source_exam, marks, difficulty, timer_seconds, type, stem_latex, stem_en, options_latex, correct_option, answer_latex, explain_en) values ('soc-hist-fp011', (select id from chapters where code='soc-hist'), 315, 'NCERT Social Science Grade 8', 1, 'easy', 60, 'mcq', 'Which empire''s capital did Harihara and Bukka establish at Hampi?', null, '["Mughal Empire", "Vijayanagara Empire", "Maratha Empire", "Delhi Sultanate"]'::jsonb, 1, 'Vijayanagara Empire', 'Hampi became the capital of the Vijayanagara Empire.  ▸ Textbook: advised them to establish their capital at that very spot.');
insert into questions (code, chapter_id, skill_id, source_exam, marks, difficulty, timer_seconds, type, stem_latex, stem_en, options_latex, correct_option, answer_latex, explain_en) values ('soc-hist-fp012', (select id from chapters where code='soc-hist'), 315, 'NCERT Social Science Grade 8', 2, 'medium', 120, 'mcq', 'What was the primary reason Portuguese travellers were well treated in Vijayanagara?', null, '["They brought precious spices", "They were allies in warfare", "They sold horses", "They introduced new technologies"]'::jsonb, 2, 'They sold horses', 'The king valued the horses for military purposes and wanted to prevent them from reaching enemies.  ▸ Textbook: Portuguese travellers, in particular, were very well treated, as they came to sell horses and the king did not want them to go and sell those precious');
insert into questions (code, chapter_id, skill_id, source_exam, marks, difficulty, timer_seconds, type, stem_latex, stem_en, options_latex, correct_option, answer_latex, explain_en) values ('soc-civ-fp001', (select id from chapters where code='soc-civ'), 316, 'NCERT Social Science Grade 8', 1, 'easy', 60, 'mcq', 'How many elected representatives does India have in local government bodies?', null, '["3.1 million", "2.5 million", "1.3 million", "4 million"]'::jsonb, 0, '3.1 million', 'The fine print mentions the total number of elected representatives in local government bodies.  ▸ Textbook: India has 3.1 million elected representatives (1.3 million of them women) in more than 250,000 local government bodies across India.');
insert into questions (code, chapter_id, skill_id, source_exam, marks, difficulty, timer_seconds, type, stem_latex, stem_en, options_latex, correct_option, answer_latex, explain_en) values ('soc-civ-fp002', (select id from chapters where code='soc-civ'), 316, 'NCERT Social Science Grade 8', 2, 'medium', 120, 'mcq', 'What unique method was used in the 10th century for selecting representatives according to the Uttaramerur inscriptions?', null, '["Drawing lots from a pot", "Voting by raising hands", "Secret ballot", "Voice vote"]'::jsonb, 0, 'Drawing lots from a pot', 'The method involved drawing lots from a pot as described in the inscriptions.  ▸ Textbook: The Uttaramerur inscriptions from the 10th century describe a transparent process for the selection of representatives. Eligible candidates’ names wer');
insert into questions (code, chapter_id, skill_id, source_exam, marks, difficulty, timer_seconds, type, stem_latex, stem_en, options_latex, correct_option, answer_latex, explain_en) values ('soc-civ-fp003', (select id from chapters where code='soc-civ'), 316, 'NCERT Social Science Grade 8', 1, 'easy', 60, 'mcq', 'How many Lok Sabha constituencies are reserved for Scheduled Tribes (ST)?', null, '["47", "84", "100", "65"]'::jsonb, 0, '47', 'The fine print specifies the number of constituencies reserved for STs.  ▸ Textbook: 47 are reserved for scheduled tribes.');
insert into questions (code, chapter_id, skill_id, source_exam, marks, difficulty, timer_seconds, type, stem_latex, stem_en, options_latex, correct_option, answer_latex, explain_en) values ('soc-civ-fp004', (select id from chapters where code='soc-civ'), 316, 'NCERT Social Science Grade 8', 2, 'medium', 120, 'mcq', 'Who became the Chief Election Commissioner of India in 1990 and introduced significant electoral reforms?', null, '["T.N. Seshan", "Sukumar Sen", "Sunil Arora", "Nasim Zaidi"]'::jsonb, 0, 'T.N. Seshan', 'T.N. Seshan is noted for his reforms in the electoral process.  ▸ Textbook: T.N. Seshan became the Chief Election Commissioner in 1990.');
insert into questions (code, chapter_id, skill_id, source_exam, marks, difficulty, timer_seconds, type, stem_latex, stem_en, options_latex, correct_option, answer_latex, explain_en) values ('soc-civ-fp005', (select id from chapters where code='soc-civ'), 316, 'NCERT Social Science Grade 8', 1, 'easy', 60, 'mcq', 'What is the term used for the legislative assembly in some regional languages?', null, '["Vidhan Sabha", "Lok Sabha", "Rajya Sabha", "Panchayat"]'::jsonb, 0, 'Vidhan Sabha', 'The fine print provides examples of regional names for the legislative assembly.  ▸ Textbook: The legislative assembly is called by several names in regional languages, for example, Vidhan Sabha and Niyama Sabha.');
insert into questions (code, chapter_id, skill_id, source_exam, marks, difficulty, timer_seconds, type, stem_latex, stem_en, options_latex, correct_option, answer_latex, explain_en) values ('soc-civ-fp006', (select id from chapters where code='soc-civ'), 316, 'NCERT Social Science Grade 8', 1, 'easy', 60, 'mcq', 'What option is available on the ballot for voters who do not wish to vote for any candidate?', null, '["NOTA", "Blank Vote", "Abstain", "Void"]'::jsonb, 0, 'NOTA', 'NOTA allows voters to express disapproval of all candidates.  ▸ Textbook: NOTA (None Of The Above) option is also available.');
insert into questions (code, chapter_id, skill_id, source_exam, marks, difficulty, timer_seconds, type, stem_latex, stem_en, options_latex, correct_option, answer_latex, explain_en) values ('soc-civ-fp007', (select id from chapters where code='soc-civ'), 316, 'NCERT Social Science Grade 8', 2, 'medium', 120, 'mcq', 'What was one of the reforms introduced by T.N. Seshan to ensure free and fair elections?', null, '["Voter IDs to eliminate proxy voting", "Online voting system", "Extended voting hours", "Mandatory voting"]'::jsonb, 0, 'Voter IDs to eliminate proxy voting', 'Voter IDs were introduced to prevent proxy voting.  ▸ Textbook: T.N. Seshan brought in reforms to ensure free and fair elections, among them: campaigning to follow precise rules, voter IDs to eliminate proxy voting');
insert into questions (code, chapter_id, skill_id, source_exam, marks, difficulty, timer_seconds, type, stem_latex, stem_en, options_latex, correct_option, answer_latex, explain_en) values ('soc-civ-fp008', (select id from chapters where code='soc-civ'), 316, 'NCERT Social Science Grade 8', 1, 'easy', 60, 'mcq', 'What is the cornerstone of Indian democracy?', null, '["Universal adult franchise", "Judicial independence", "Federal structure", "Economic equality"]'::jsonb, 0, 'Universal adult franchise', 'The right to vote for all adults is fundamental to Indian democracy.  ▸ Textbook: Universal adult franchise is the cornerstone of Indian democracy.');
insert into questions (code, chapter_id, skill_id, source_exam, marks, difficulty, timer_seconds, type, stem_latex, stem_en, options_latex, correct_option, answer_latex, explain_en) values ('soc-civ-fp011', (select id from chapters where code='soc-civ'), 316, 'NCERT Social Science Grade 8', 2, 'medium', 120, 'mcq', 'What is the significance of the year 1913?', null, '["Women''s suffrage parade in the USA", "First Indian general election", "Formation of the Election Commission of India", "Introduction of electronic voting machines"]'::jsonb, 0, 'Women''s suffrage parade in the USA', 'The year marks an important event in the women''s suffrage movement.  ▸ Textbook: Fig. 5.3. Women’s suffrage parade, USA, 1913');
insert into questions (code, chapter_id, skill_id, source_exam, marks, difficulty, timer_seconds, type, stem_latex, stem_en, options_latex, correct_option, answer_latex, explain_en) values ('soc-hist-adm001', (select id from chapters where code='soc-hist'), 309, 'NCERT Social Science Grade 8', 2, 'medium', 120, 'mcq', 'Who was responsible for the translation of major Sanskrit texts into Persian during the Mughal period?', null, '["Akbar", "Babur", "Aurangzeb", "Shah Jahan"]'::jsonb, 0, 'Akbar', 'Akbar was keen on cultural integration and promoted the translation of important texts to bridge cultural gaps.  ▸ Textbook: He established a ‘house of translation’ at Fatehpur Sikri where he had major Sanskrit texts translated into Persian, including the Mahābhārata (Razmna');
insert into questions (code, chapter_id, skill_id, source_exam, marks, difficulty, timer_seconds, type, stem_latex, stem_en, options_latex, correct_option, answer_latex, explain_en) values ('soc-hist-adm002', (select id from chapters where code='soc-hist'), 309, 'NCERT Social Science Grade 8', 1, 'easy', 60, 'mcq', 'What was the primary reason Babur decided to stay and build his empire in India?', null, '["India''s wealth", "Fertile lands", "Strategic location", "Cultural diversity"]'::jsonb, 0, 'India''s wealth', 'Babur was attracted by the wealth of India, which influenced his decision to establish his empire there.  ▸ Textbook: Perhaps for the last reasons, especially India’s wealth, he decided to stay and build his empire in India rather than return to Central Asia.');
insert into questions (code, chapter_id, skill_id, source_exam, marks, difficulty, timer_seconds, type, stem_latex, stem_en, options_latex, correct_option, answer_latex, explain_en) values ('soc-hist-adm003', (select id from chapters where code='soc-hist'), 309, 'NCERT Social Science Grade 8', 2, 'medium', 120, 'mcq', 'Which tax did Akbar abolish as part of his policy of religious tolerance?', null, '["Jizya", "Land revenue", "Trade tax", "Military tax"]'::jsonb, 0, 'Jizya', 'The abolition of the jizya was a significant step towards religious tolerance under Akbar''s rule.  ▸ Textbook: ...abolished the jizya, and promoted the doctrine of sulh-i-kul — literally, ‘peace with all’ or tolerance of all faiths.');
insert into questions (code, chapter_id, skill_id, source_exam, marks, difficulty, timer_seconds, type, stem_latex, stem_en, options_latex, correct_option, answer_latex, explain_en) values ('soc-hist-adm004', (select id from chapters where code='soc-hist'), 309, 'NCERT Social Science Grade 8', 2, 'medium', 120, 'mcq', 'What was the impact of Aurangzeb''s military campaigns on the Mughal Empire''s treasury?', null, '["Depleted the treasury", "Increased wealth", "Had no impact", "Led to economic growth"]'::jsonb, 0, 'Depleted the treasury', 'Aurangzeb''s extensive military campaigns were financially draining, contributing to the empire''s decline.  ▸ Textbook: Maintaining large armies for those campaigns depleted the empire’s treasury and put a great strain on the administration; indeed, this is often consid');
insert into questions (code, chapter_id, skill_id, source_exam, marks, difficulty, timer_seconds, type, stem_latex, stem_en, options_latex, correct_option, answer_latex, explain_en) values ('soc-hist-adm006', (select id from chapters where code='soc-hist'), 309, 'NCERT Social Science Grade 8', 2, 'medium', 120, 'mcq', 'How did Akbar''s approach to governance differ from earlier rulers of Delhi?', null, '["He employed political strategies", "He relied solely on military might", "He avoided any conquests", "He isolated his empire"]'::jsonb, 0, 'He employed political strategies', 'Akbar used a combination of political alliances and military strategies to expand and stabilize his empire.  ▸ Textbook: As his empire grew, he increasingly used political strategies to stabilise it; he entered into marriage alliances with princesses of neighbouring king');
insert into questions (code, chapter_id, skill_id, source_exam, marks, difficulty, timer_seconds, type, stem_latex, stem_en, options_latex, correct_option, answer_latex, explain_en) values ('soc-hist-adm007', (select id from chapters where code='soc-hist'), 309, 'NCERT Social Science Grade 8', 2, 'medium', 120, 'mcq', 'What was one of the reasons for the frequent rebellions against the Mughal administration?', null, '["Harsh exploitation", "Religious tolerance", "Cultural diversity", "Economic prosperity"]'::jsonb, 0, 'Harsh exploitation', 'The oppressive policies and exploitation by the Mughal administration led to frequent rebellions.  ▸ Textbook: Over the centuries, many peasant communities rebelled against harsh exploitation.');
insert into questions (code, chapter_id, skill_id, source_exam, marks, difficulty, timer_seconds, type, stem_latex, stem_en, options_latex, correct_option, answer_latex, explain_en) values ('soc-hist-adm008', (select id from chapters where code='soc-hist'), 309, 'NCERT Social Science Grade 8', 1, 'easy', 60, 'mcq', 'What was the role of Abul Fazl in Akbar''s court?', null, '["Court historian and biographer", "Military commander", "Religious leader", "Architect"]'::jsonb, 0, 'Court historian and biographer', 'Abul Fazl was a key figure in documenting Akbar''s reign and policies.  ▸ Textbook: His court historian and biographer Abul Fazl recorded him as stating...');

-- concept guides (several sections per chapter)
insert into concept_sections (chapter_id, idx, title, tier, why, body) values ((select id from chapters where code='soc-geo'), 1, 'What natural resources are, and how we group them', '***', 'Natural resources: 32 of the 51 papers.', '[{"kind": "p", "text": "A NATURAL RESOURCE is any material or substance that occurs in Nature and is useful to humans — from the air we breathe to the coal we burn. Trace anything around you back far enough and it leads to Nature."}, {"kind": "key", "text": "One way to group resources is by their USE: (1) resources ESSENTIAL FOR LIFE — air, water, soil/food; (2) resources for MATERIALS — wood, marble, metals; (3) resources for ENERGY — coal, water, petroleum, sunlight, wind."}]'::jsonb);
insert into concept_sections (chapter_id, idx, title, tier, why, body) values ((select id from chapters where code='soc-geo'), 2, 'Renewable vs non-renewable', '***', 'The other way to group them.', '[{"kind": "key", "text": "RENEWABLE resources restore and regenerate themselves in a natural rhythm (sunlight, wind, water, forests) — as long as we do not disturb that rhythm by overusing them. NON-RENEWABLE resources form over very long periods and run out (coal, petroleum, minerals)."}, {"kind": "eg", "lines": ["Renewable: solar energy, wind, river water, forests.", "Non-renewable: coal, petroleum, natural gas, iron ore."]}]'::jsonb);
insert into concept_sections (chapter_id, idx, title, tier, why, body) values ((select id from chapters where code='soc-geo'), 3, 'How resources are spread across India', '***', 'Distribution: 18 of 51 papers.', '[{"kind": "p", "text": "Resources are spread UNEVENLY because of geography — India has iron ore, coal, oil (e.g. Mumbai High) and water in different regions. This uneven spread can cause tensions when resources cross political boundaries."}, {"kind": "key", "text": "The PARADOX OF PLENTY (or ''resource curse''): a region RICH in resources can actually grow more SLOWLY, if it over-relies on extracting them. Punjab''s groundwater is being depleted by over-pumping."}]'::jsonb);
insert into concept_sections (chapter_id, idx, title, tier, why, body) values ((select id from chapters where code='soc-geo'), 4, 'Using resources wisely — stewardship', '***', 'Conservation: the biggest question set in Ch1.', '[{"kind": "key", "text": "STEWARDSHIP means using resources responsibly so future generations still have them. Overuse and industrial waste DISTURB Nature''s cycle of restoration and regeneration."}, {"kind": "eg", "lines": ["Organic farming (as in Sikkim, India''s first fully organic state).", "Solar energy (e.g. the solar farm near Raichur, Karnataka).", "Rainwater harvesting; mulching to retain soil moisture; regulating fishing during the spawning season."]}]'::jsonb);
insert into concept_sections (chapter_id, idx, title, tier, why, body) values ((select id from chapters where code='soc-hist'), 1, 'The big picture and the timeline', '**', 'NEW to the 2026-27 syllabus — the old papers did not test it.', '[{"kind": "warn", "text": "This History chapter is NEW. Learn the timeline dates cold — they anchor everything."}, {"kind": "tbl", "head": ["Year", "Event"], "rows": [["1206", "The Delhi Sultanate is established"], ["1526", "First Battle of Panipat — Babur''s victory establishes the Mughal Empire"], ["1556", "Second Battle of Panipat — Akbar''s decisive victory"], ["1565", "Battle of Talikota — destruction of Vijayanagara city"], ["1671", "Battle of Saraighat — the Ahoms defeat the Mughals"], ["1699", "Formation of the Khalsa by Guru Gobind Singh"]]}]'::jsonb);
insert into concept_sections (chapter_id, idx, title, tier, why, body) values ((select id from chapters where code='soc-hist'), 2, 'The Delhi Sultanate', '**', '', '[{"kind": "key", "text": "The Delhi Sultanate (from 1206) was ruled by a series of dynasties, ending with the LODIS. Ala-ud-din Khilji pushed south and repelled Mongol invasions; Muhammad bin Tughlaq moved the capital from Delhi to DAULATABAD (an ambitious but poorly executed scheme). Timur''s invasion left Delhi in ruins."}, {"kind": "p", "text": "Some sultans imposed the JIZYA — a tax on non-Muslim subjects in return for protection and exemption from military service."}]'::jsonb);
insert into concept_sections (chapter_id, idx, title, tier, why, body) values ((select id from chapters where code='soc-hist'), 3, 'The Vijayanagara Empire', '**', '', '[{"kind": "key", "text": "Founded by HARIHARA and BUKKA, with its capital at HAMPI. It reached its peak under KRISHNADEVA RAYA — a time of military power and cultural renaissance. Portuguese travellers like Domingo Paes visited and left detailed records. It declined after defeat at the Battle of TALIKOTA (1565)."}]'::jsonb);
insert into concept_sections (chapter_id, idx, title, tier, why, body) values ((select id from chapters where code='soc-hist'), 4, 'The Mughals', '**', '', '[{"kind": "key", "text": "BABUR defeated Ibrahim Lodi at the First Battle of PANIPAT (1526), establishing the Mughal Empire. He wrote the Baburnama and found India a ''country of few charms''. AKBAR won the Second Battle of Panipat (1556) and built a strong administrative framework — his court historian was ABUL FAZL, and he abolished the jizya."}, {"kind": "p", "text": "Sher Shah Suri briefly established the Sur Empire after defeating Humayun. In the Mughal administration the MIR BAKHSHI looked after military matters."}]'::jsonb);
insert into concept_sections (chapter_id, idx, title, tier, why, body) values ((select id from chapters where code='soc-hist'), 5, 'Resistance to the empires', '**', '', '[{"kind": "key", "text": "RAJPUTS — Maharana Pratap resisted Akbar at the Battle of HALDIGHATI (1576). AHOMS — defeated the Mughals at the Battle of SARAIGHAT (1671). SIKHS — Guru Gobind Singh formed the KHALSA (1699); Guru Tegh Bahadur had earlier been executed by Aurangzeb (site of Gurudwara Sis Ganj Sahib)."}]'::jsonb);
insert into concept_sections (chapter_id, idx, title, tier, why, body) values ((select id from chapters where code='soc-civ'), 1, 'Universal adult franchise', '**', 'The foundation of the chapter.', '[{"kind": "key", "text": "UNIVERSAL ADULT FRANCHISE means every adult citizen (18 years and above) gets ONE vote — regardless of caste, religion, gender, wealth or education. It is guaranteed by ARTICLE 326 of the Constitution and is the cornerstone of Indian democracy."}, {"kind": "p", "text": "The system works to bridge barriers so everyone can vote — postal/home voting for the elderly and persons with disabilities, ramps and help at booths."}]'::jsonb);
insert into concept_sections (chapter_id, idx, title, tier, why, body) values ((select id from chapters where code='soc-civ'), 2, 'The Election Commission of India', '**', 'How elections are actually run.', '[{"kind": "key", "text": "The ELECTION COMMISSION OF INDIA (ECI) conducts elections to the Lok Sabha, State Assemblies, and the offices of President and Vice-President. It is headed by the CHIEF ELECTION COMMISSIONER. State Election Commissions handle panchayat and local-body polls."}, {"kind": "tbl", "head": ["Officer", "Level / role"], "rows": [["Chief Election Commissioner", "Heads the ECI; oversees the whole electoral process"], ["Chief Electoral Officer", "Oversees elections in a State/UT"], ["District Election Officer", "Oversees elections in a district"], ["Returning Officer (RO)", "Conducts the election in a constituency"], ["Electoral Registration Officer (ERO)", "Prepares and maintains the voters'' list"]]}, {"kind": "p", "text": "T.N. SESHAN, Chief Election Commissioner from 1990, introduced major reforms — including voter ID cards to stop proxy voting."}]'::jsonb);
insert into concept_sections (chapter_id, idx, title, tier, why, body) values ((select id from chapters where code='soc-civ'), 3, 'EVM, VVPAT and the Model Code', '**', '', '[{"kind": "key", "text": "Votes are cast on an EVM (Electronic Voting Machine). The VVPAT — Voter Verifiable Paper Audit Trail — prints a slip so the voter can confirm their vote, giving a paper trail. NOTA (''None Of The Above'') lets a voter reject all candidates."}, {"kind": "key", "text": "The MODEL CODE OF CONDUCT (MCC) is a set of rules all parties must follow once elections are announced, to ensure free and fair play (e.g. no bribing voters, no using government resources to campaign)."}]'::jsonb);
insert into concept_sections (chapter_id, idx, title, tier, why, body) values ((select id from chapters where code='soc-civ'), 4, 'Lok Sabha, Rajya Sabha and beyond', '**', 'Elections: 17 of the 51 papers.', '[{"kind": "tbl", "head": ["", "How chosen", "Key facts"], "rows": [["Lok Sabha", "directly elected, First-Past-the-Post (most votes wins)", "543 constituencies; SC and ST seats reserved"], ["Rajya Sabha", "INDIRECTLY elected by State Assemblies, single transferable vote", "6-year term; 12 members nominated by the President"], ["President / Vice-President", "elected INDIRECTLY by an electoral college of MPs and MLAs", "—"]]}, {"kind": "key", "text": "FIRST-PAST-THE-POST: whichever candidate gets the most votes in a constituency wins — they do not need a majority."}]'::jsonb);
insert into concept_sections (chapter_id, idx, title, tier, why, body) values ((select id from chapters where code='soc-geo'), 5, 'Textbook fine print — the bits schools ask about', '***', 'The school usually asks from the textbook side-boxes.', '[{"kind": "p", "text": "The school asks from the side-boxes (''DON''T MISS OUT'', ''THINK ABOUT IT'') and captions."}, {"kind": "key", "text": "In many indigenous Indian traditions, Nature is considered SACRED — a nurturer and nourisher (e.g. Tulasī puja for wellbeing)."}]'::jsonb);
insert into concept_sections (chapter_id, idx, title, tier, why, body) values ((select id from chapters where code='soc-hist'), 6, 'Textbook fine print — the bits schools ask about', '***', 'The school usually asks from the textbook side-boxes.', '[{"kind": "p", "text": "The ''Tapestry of the Past'' boxes carry testable detail:"}, {"kind": "eg", "lines": ["The MUSUNURI NAYAKAS (Telugu chieftains) rallied a confederacy against the Delhi Sultanate.", "Harihara and Bukka founded Vijayanagara at Hampi (folklore: a hare chasing hounds).", "Domingo Paes, a Portuguese traveller, recorded life in the Vijayanagara capital.", "Guru Tegh Bahadur was executed by Aurangzeb in 1675 — site of Gurudwara Sis Ganj Sahib.", "A HUNDI was used to make payment instructions in trade networks."]}]'::jsonb);
insert into concept_sections (chapter_id, idx, title, tier, why, body) values ((select id from chapters where code='soc-civ'), 5, 'Textbook fine print — the bits schools ask about', '***', 'The school usually asks from the textbook side-boxes.', '[{"kind": "p", "text": "The ''Governance and Democracy'' boxes carry testable detail:"}, {"kind": "eg", "lines": ["India has about 3.1 million elected representatives in local government bodies.", "The 10th-century Uttaramerur inscriptions describe choosing representatives by DRAWING LOTS from a pot.", "T.N. Seshan became Chief Election Commissioner in 1990 and introduced voter IDs."]}]'::jsonb);

commit;
