-- GENERATED by content/tools/gen_kannada_seed.py — do not edit by hand.
-- Every question is derived from KTBS 'Siri Kannada 8'. Nothing invented:
-- each correct answer is checked against the book's own word list / examples.

begin;
delete from questions where chapter_id in (select c.id from chapters c join subjects s on s.id=c.subject_id where s.code='kannada');
delete from concept_sections where chapter_id in (select c.id from chapters c join subjects s on s.id=c.subject_id where s.code='kannada');
delete from skills where id >= 100;
delete from chapters where subject_id = (select id from subjects where code='kannada');

-- chapters (Kannada lessons + standalone grammar topics)
insert into chapters (code, number, title, book, subject_id) values ('kn-l1', 1, 'ಮಗ್ಗದ ಸಾಹೇಬ — The Loom Master', 'KTBS Siri Kannada 8 · ಬಾಗಲೋಡಿ ದೇವರಾಯ', (select id from subjects where code='kannada'));
insert into chapters (code, number, title, book, subject_id) values ('kn-l5', 5, 'ಕನ್ನಡಿಗರ ತಾಯಿ — Mother of the Kannadigas', 'KTBS Siri Kannada 8 · ರಾಷ್ಟ್ರಕವಿ ಎಂ. ಗೋವಿಂದ ಪೈ', (select id from subjects where code='kannada'));
insert into chapters (code, number, title, book, subject_id) values ('kn-g-varnamale', 10, 'ವರ್ಣಮಾಲೆ — Varnamale', 'ವ್ಯಾಕರಣ · Part 1, p.8 (with Lesson 1)', (select id from subjects where code='kannada'));
insert into chapters (code, number, title, book, subject_id) values ('kn-g-gunitakshara', 11, 'ಗುಣಿತಾಕ್ಷರ — Gunitakshara', 'ವ್ಯಾಕರಣ · Part 1, p.52 (with Lesson 5)', (select id from subjects where code='kannada'));
insert into chapters (code, number, title, book, subject_id) values ('kn-g-sandhi', 12, 'ಸಂಧಿ — Sandhi', 'ವ್ಯಾಕರಣ · Part 2, p.19-21', (select id from subjects where code='kannada'));
insert into chapters (code, number, title, book, subject_id) values ('kn-g-samasa', 13, 'ಸಮಾಸ — Samasa', 'ವ್ಯಾಕರಣ · Part 2, p.30-31', (select id from subjects where code='kannada'));
insert into chapters (code, number, title, book, subject_id) values ('kn-g-tatsama', 14, 'ತತ್ಸಮ – ತದ್ಭವ — Tatsama', 'ವ್ಯಾಕರಣ · Part 1, p.45-46', (select id from subjects where code='kannada'));

-- skills (tier counted from the 49 real Kannada papers, 2009-2026)
insert into skills (id, chapter_id, name, exams_seen_in, total_exams, tier) values (101, (select id from chapters where code='kn-l1'), 'ಪದಗಳ ಅರ್ಥ (ಮಗ್ಗದ ಸಾಹೇಬ) — Word meanings — Maggada Saheba', 33, 49, '***');
insert into skills (id, chapter_id, name, exams_seen_in, total_exams, tier) values (102, (select id from chapters where code='kn-l5'), 'ಪದಗಳ ಅರ್ಥ (ಕನ್ನಡಿಗರ ತಾಯಿ) — Word meanings — Kannadigara Tayi', 33, 49, '***');
insert into skills (id, chapter_id, name, exams_seen_in, total_exams, tier) values (103, (select id from chapters where code='kn-g-varnamale'), 'ವರ್ಣಮಾಲೆ — Varnamale', 0, 49, '*');
insert into skills (id, chapter_id, name, exams_seen_in, total_exams, tier) values (104, (select id from chapters where code='kn-g-gunitakshara'), 'ಗುಣಿತಾಕ್ಷರ — Gunitakshara', 0, 49, '*');
insert into skills (id, chapter_id, name, exams_seen_in, total_exams, tier) values (105, (select id from chapters where code='kn-g-sandhi'), 'ಸಂಧಿ — Sandhi', 41, 49, '***');
insert into skills (id, chapter_id, name, exams_seen_in, total_exams, tier) values (106, (select id from chapters where code='kn-g-samasa'), 'ಸಮಾಸ — Samasa', 19, 49, '**');
insert into skills (id, chapter_id, name, exams_seen_in, total_exams, tier) values (107, (select id from chapters where code='kn-g-tatsama'), 'ತತ್ಸಮ – ತದ್ಭವ — Tatsama', 27, 49, '***');
insert into skills (id, chapter_id, name, exams_seen_in, total_exams, tier) values (108, (select id from chapters where code='kn-l1'), 'ಪಾಠದ ಪ್ರಶ್ನೆಗಳು (ಮಗ್ಗದ ಸಾಹೇಬ) — Lesson comprehension', 33, 49, '***');
insert into skills (id, chapter_id, name, exams_seen_in, total_exams, tier) values (109, (select id from chapters where code='kn-l5'), 'ಪಾಠದ ಪ್ರಶ್ನೆಗಳು (ಕನ್ನಡಿಗರ ತಾಯಿ) — Lesson comprehension', 33, 49, '***');

-- MCQ questions
insert into questions (code, chapter_id, skill_id, source_exam, marks, difficulty, timer_seconds, type, stem_latex, stem_en, options_latex, correct_option, answer_latex, explain_en) values ('kn-l1-vm01', (select id from chapters where code='kn-l1'), 101, 'Siri Kannada 8 (textbook)', 1, 'easy', 45, 'mcq', 'ಅಭೀಷ್ಟ', 'What does this word mean?', '["ಮೃತ ದೇಹ/ಶರೀರ", "ಮುಚ್ಚಲ್ಪಟ್ಟ", "ಬಯಸಿದ್ದು", "ನಿರ್ಗತಿಕ"]'::jsonb, 2, 'ಬಯಸಿದ್ದು', 'ಅಭೀಷ್ಟ = ಬಯಸಿದ್ದು  (ಮಗ್ಗದ ಸಾಹೇಬ, ಪದಗಳ ಅರ್ಥ)');
insert into questions (code, chapter_id, skill_id, source_exam, marks, difficulty, timer_seconds, type, stem_latex, stem_en, options_latex, correct_option, answer_latex, explain_en) values ('kn-l1-mv01', (select id from chapters where code='kn-l1'), 101, 'Siri Kannada 8 (textbook)', 1, 'easy', 45, 'mcq', 'ಬಯಸಿದ್ದು', 'Which word has this meaning?', '["ಕಳೇಬರ", "ಅಭೀಷ್ಟ", "ಗಣಿಸದೆ", "ಆಧಿಪತ್ಯ"]'::jsonb, 1, 'ಅಭೀಷ್ಟ', 'ಬಯಸಿದ್ದು = ಅಭೀಷ್ಟ  (ಮಗ್ಗದ ಸಾಹೇಬ, ಪದಗಳ ಅರ್ಥ)');
insert into questions (code, chapter_id, skill_id, source_exam, marks, difficulty, timer_seconds, type, stem_latex, stem_en, options_latex, correct_option, answer_latex, explain_en) values ('kn-l1-vm02', (select id from chapters where code='kn-l1'), 101, 'Siri Kannada 8 (textbook)', 1, 'easy', 45, 'mcq', 'ಆಧಿಪತ್ಯ', 'What does this word mean?', '["ಹೊಗಳಿಕೆ", "ಯಜಮಾನಿಕೆ", "ಮೃತ ದೇಹ/ಶರೀರ", "ವಿದೇಶ, ಅನ್ಯದೇಶ"]'::jsonb, 1, 'ಯಜಮಾನಿಕೆ', 'ಆಧಿಪತ್ಯ = ಯಜಮಾನಿಕೆ  (ಮಗ್ಗದ ಸಾಹೇಬ, ಪದಗಳ ಅರ್ಥ)');
insert into questions (code, chapter_id, skill_id, source_exam, marks, difficulty, timer_seconds, type, stem_latex, stem_en, options_latex, correct_option, answer_latex, explain_en) values ('kn-l1-mv02', (select id from chapters where code='kn-l1'), 101, 'Siri Kannada 8 (textbook)', 1, 'easy', 45, 'mcq', 'ಯಜಮಾನಿಕೆ', 'Which word has this meaning?', '["ಆಚ್ಛಾದಿತ", "ಪ್ರಶಂಸೆ", "ಆಧಿಪತ್ಯ", "ಪರಿವರ್ತನೆ"]'::jsonb, 2, 'ಆಧಿಪತ್ಯ', 'ಯಜಮಾನಿಕೆ = ಆಧಿಪತ್ಯ  (ಮಗ್ಗದ ಸಾಹೇಬ, ಪದಗಳ ಅರ್ಥ)');
insert into questions (code, chapter_id, skill_id, source_exam, marks, difficulty, timer_seconds, type, stem_latex, stem_en, options_latex, correct_option, answer_latex, explain_en) values ('kn-l1-vm03', (select id from chapters where code='kn-l1'), 101, 'Siri Kannada 8 (textbook)', 1, 'easy', 45, 'mcq', 'ಗಣಿಸದೆ', 'What does this word mean?', '["ಯಜಮಾನಿಕೆ", "ಲೆಕ್ಕಿಸದೆ", "ಮುಚ್ಚಲ್ಪಟ್ಟ", "ಮೃತ ದೇಹ/ಶರೀರ"]'::jsonb, 1, 'ಲೆಕ್ಕಿಸದೆ', 'ಗಣಿಸದೆ = ಲೆಕ್ಕಿಸದೆ  (ಮಗ್ಗದ ಸಾಹೇಬ, ಪದಗಳ ಅರ್ಥ)');
insert into questions (code, chapter_id, skill_id, source_exam, marks, difficulty, timer_seconds, type, stem_latex, stem_en, options_latex, correct_option, answer_latex, explain_en) values ('kn-l1-mv03', (select id from chapters where code='kn-l1'), 101, 'Siri Kannada 8 (textbook)', 1, 'easy', 45, 'mcq', 'ಲೆಕ್ಕಿಸದೆ', 'Which word has this meaning?', '["ಆಚ್ಛಾದಿತ", "ಗೌಪ್ಯ", "ಹಸನ್ಮುಖಿ", "ಗಣಿಸದೆ"]'::jsonb, 3, 'ಗಣಿಸದೆ', 'ಲೆಕ್ಕಿಸದೆ = ಗಣಿಸದೆ  (ಮಗ್ಗದ ಸಾಹೇಬ, ಪದಗಳ ಅರ್ಥ)');
insert into questions (code, chapter_id, skill_id, source_exam, marks, difficulty, timer_seconds, type, stem_latex, stem_en, options_latex, correct_option, answer_latex, explain_en) values ('kn-l1-vm04', (select id from chapters where code='kn-l1'), 101, 'Siri Kannada 8 (textbook)', 1, 'easy', 45, 'mcq', 'ಚಿಂದಿ', 'What does this word mean?', '["ಮುಚ್ಚಲ್ಪಟ್ಟ", "ಚೂರು", "ಗುಟ್ಟು, ರಹಸ್ಯ", "ನಗುಮುಖ ಉಳ್ಳವನು"]'::jsonb, 1, 'ಚೂರು', 'ಚಿಂದಿ = ಚೂರು  (ಮಗ್ಗದ ಸಾಹೇಬ, ಪದಗಳ ಅರ್ಥ)');
insert into questions (code, chapter_id, skill_id, source_exam, marks, difficulty, timer_seconds, type, stem_latex, stem_en, options_latex, correct_option, answer_latex, explain_en) values ('kn-l1-mv04', (select id from chapters where code='kn-l1'), 101, 'Siri Kannada 8 (textbook)', 1, 'easy', 45, 'mcq', 'ಚೂರು', 'Which word has this meaning?', '["ಕಳೇಬರ", "ಚಿಂದಿ", "ಭಿಕಾರಿ", "ಪ್ರಶಂಸೆ"]'::jsonb, 1, 'ಚಿಂದಿ', 'ಚೂರು = ಚಿಂದಿ  (ಮಗ್ಗದ ಸಾಹೇಬ, ಪದಗಳ ಅರ್ಥ)');
insert into questions (code, chapter_id, skill_id, source_exam, marks, difficulty, timer_seconds, type, stem_latex, stem_en, options_latex, correct_option, answer_latex, explain_en) values ('kn-l1-vm05', (select id from chapters where code='kn-l1'), 101, 'Siri Kannada 8 (textbook)', 1, 'easy', 45, 'mcq', 'ಪ್ರಶಂಸೆ', 'What does this word mean?', '["ಗುಟ್ಟು, ರಹಸ್ಯ", "ಮೃತ ದೇಹ/ಶರೀರ", "ಹೊಗಳಿಕೆ", "ಯಜಮಾನಿಕೆ"]'::jsonb, 2, 'ಹೊಗಳಿಕೆ', 'ಪ್ರಶಂಸೆ = ಹೊಗಳಿಕೆ  (ಮಗ್ಗದ ಸಾಹೇಬ, ಪದಗಳ ಅರ್ಥ)');
insert into questions (code, chapter_id, skill_id, source_exam, marks, difficulty, timer_seconds, type, stem_latex, stem_en, options_latex, correct_option, answer_latex, explain_en) values ('kn-l1-mv05', (select id from chapters where code='kn-l1'), 101, 'Siri Kannada 8 (textbook)', 1, 'easy', 45, 'mcq', 'ಹೊಗಳಿಕೆ', 'Which word has this meaning?', '["ಗಣಿಸದೆ", "ಪ್ರಶಂಸೆ", "ವಿಲಾಯತಿ", "ಪರಿವರ್ತನೆ"]'::jsonb, 1, 'ಪ್ರಶಂಸೆ', 'ಹೊಗಳಿಕೆ = ಪ್ರಶಂಸೆ  (ಮಗ್ಗದ ಸಾಹೇಬ, ಪದಗಳ ಅರ್ಥ)');
insert into questions (code, chapter_id, skill_id, source_exam, marks, difficulty, timer_seconds, type, stem_latex, stem_en, options_latex, correct_option, answer_latex, explain_en) values ('kn-l1-vm06', (select id from chapters where code='kn-l1'), 101, 'Siri Kannada 8 (textbook)', 1, 'easy', 45, 'mcq', 'ವಿಲಾಯತಿ', 'What does this word mean?', '["ವಿದೇಶ, ಅನ್ಯದೇಶ", "ನಗುಮುಖ ಉಳ್ಳವನು", "ಚೂರು", "ಲೆಕ್ಕಿಸದೆ"]'::jsonb, 0, 'ವಿದೇಶ, ಅನ್ಯದೇಶ', 'ವಿಲಾಯತಿ = ವಿದೇಶ, ಅನ್ಯದೇಶ  (ಮಗ್ಗದ ಸಾಹೇಬ, ಪದಗಳ ಅರ್ಥ)');
insert into questions (code, chapter_id, skill_id, source_exam, marks, difficulty, timer_seconds, type, stem_latex, stem_en, options_latex, correct_option, answer_latex, explain_en) values ('kn-l1-mv06', (select id from chapters where code='kn-l1'), 101, 'Siri Kannada 8 (textbook)', 1, 'easy', 45, 'mcq', 'ವಿದೇಶ, ಅನ್ಯದೇಶ', 'Which word has this meaning?', '["ಪರಿವರ್ತನೆ", "ವಿಲಾಯತಿ", "ಪ್ರಶಂಸೆ", "ಹಸನ್ಮುಖಿ"]'::jsonb, 1, 'ವಿಲಾಯತಿ', 'ವಿದೇಶ, ಅನ್ಯದೇಶ = ವಿಲಾಯತಿ  (ಮಗ್ಗದ ಸಾಹೇಬ, ಪದಗಳ ಅರ್ಥ)');
insert into questions (code, chapter_id, skill_id, source_exam, marks, difficulty, timer_seconds, type, stem_latex, stem_en, options_latex, correct_option, answer_latex, explain_en) values ('kn-l1-vm07', (select id from chapters where code='kn-l1'), 101, 'Siri Kannada 8 (textbook)', 1, 'easy', 45, 'mcq', 'ಆಚ್ಛಾದಿತ', 'What does this word mean?', '["ಬಯಸಿದ್ದು", "ಬದಲಾವಣೆ", "ಲೆಕ್ಕಿಸದೆ", "ಮುಚ್ಚಲ್ಪಟ್ಟ"]'::jsonb, 3, 'ಮುಚ್ಚಲ್ಪಟ್ಟ', 'ಆಚ್ಛಾದಿತ = ಮುಚ್ಚಲ್ಪಟ್ಟ  (ಮಗ್ಗದ ಸಾಹೇಬ, ಪದಗಳ ಅರ್ಥ)');
insert into questions (code, chapter_id, skill_id, source_exam, marks, difficulty, timer_seconds, type, stem_latex, stem_en, options_latex, correct_option, answer_latex, explain_en) values ('kn-l1-mv07', (select id from chapters where code='kn-l1'), 101, 'Siri Kannada 8 (textbook)', 1, 'easy', 45, 'mcq', 'ಮುಚ್ಚಲ್ಪಟ್ಟ', 'Which word has this meaning?', '["ಅಭೀಷ್ಟ", "ಆಚ್ಛಾದಿತ", "ಚಿಂದಿ", "ಗಣಿಸದೆ"]'::jsonb, 1, 'ಆಚ್ಛಾದಿತ', 'ಮುಚ್ಚಲ್ಪಟ್ಟ = ಆಚ್ಛಾದಿತ  (ಮಗ್ಗದ ಸಾಹೇಬ, ಪದಗಳ ಅರ್ಥ)');
insert into questions (code, chapter_id, skill_id, source_exam, marks, difficulty, timer_seconds, type, stem_latex, stem_en, options_latex, correct_option, answer_latex, explain_en) values ('kn-l1-vm08', (select id from chapters where code='kn-l1'), 101, 'Siri Kannada 8 (textbook)', 1, 'easy', 45, 'mcq', 'ಕಳೇಬರ', 'What does this word mean?', '["ಮೃತ ದೇಹ/ಶರೀರ", "ಮುಚ್ಚಲ್ಪಟ್ಟ", "ಬದಲಾವಣೆ", "ಗುಟ್ಟು, ರಹಸ್ಯ"]'::jsonb, 0, 'ಮೃತ ದೇಹ/ಶರೀರ', 'ಕಳೇಬರ = ಮೃತ ದೇಹ/ಶರೀರ  (ಮಗ್ಗದ ಸಾಹೇಬ, ಪದಗಳ ಅರ್ಥ)');
insert into questions (code, chapter_id, skill_id, source_exam, marks, difficulty, timer_seconds, type, stem_latex, stem_en, options_latex, correct_option, answer_latex, explain_en) values ('kn-l1-mv08', (select id from chapters where code='kn-l1'), 101, 'Siri Kannada 8 (textbook)', 1, 'easy', 45, 'mcq', 'ಮೃತ ದೇಹ/ಶರೀರ', 'Which word has this meaning?', '["ಪರಿವರ್ತನೆ", "ಆಧಿಪತ್ಯ", "ಹಸನ್ಮುಖಿ", "ಕಳೇಬರ"]'::jsonb, 3, 'ಕಳೇಬರ', 'ಮೃತ ದೇಹ/ಶರೀರ = ಕಳೇಬರ  (ಮಗ್ಗದ ಸಾಹೇಬ, ಪದಗಳ ಅರ್ಥ)');
insert into questions (code, chapter_id, skill_id, source_exam, marks, difficulty, timer_seconds, type, stem_latex, stem_en, options_latex, correct_option, answer_latex, explain_en) values ('kn-l1-vm09', (select id from chapters where code='kn-l1'), 101, 'Siri Kannada 8 (textbook)', 1, 'easy', 45, 'mcq', 'ಗೌಪ್ಯ', 'What does this word mean?', '["ನಿರ್ಗತಿಕ", "ಬದಲಾವಣೆ", "ಬಯಸಿದ್ದು", "ಗುಟ್ಟು, ರಹಸ್ಯ"]'::jsonb, 3, 'ಗುಟ್ಟು, ರಹಸ್ಯ', 'ಗೌಪ್ಯ = ಗುಟ್ಟು, ರಹಸ್ಯ  (ಮಗ್ಗದ ಸಾಹೇಬ, ಪದಗಳ ಅರ್ಥ)');
insert into questions (code, chapter_id, skill_id, source_exam, marks, difficulty, timer_seconds, type, stem_latex, stem_en, options_latex, correct_option, answer_latex, explain_en) values ('kn-l1-mv09', (select id from chapters where code='kn-l1'), 101, 'Siri Kannada 8 (textbook)', 1, 'easy', 45, 'mcq', 'ಗುಟ್ಟು, ರಹಸ್ಯ', 'Which word has this meaning?', '["ಆಧಿಪತ್ಯ", "ಪರಿವರ್ತನೆ", "ಗೌಪ್ಯ", "ಚಿಂದಿ"]'::jsonb, 2, 'ಗೌಪ್ಯ', 'ಗುಟ್ಟು, ರಹಸ್ಯ = ಗೌಪ್ಯ  (ಮಗ್ಗದ ಸಾಹೇಬ, ಪದಗಳ ಅರ್ಥ)');
insert into questions (code, chapter_id, skill_id, source_exam, marks, difficulty, timer_seconds, type, stem_latex, stem_en, options_latex, correct_option, answer_latex, explain_en) values ('kn-l1-vm10', (select id from chapters where code='kn-l1'), 101, 'Siri Kannada 8 (textbook)', 1, 'easy', 45, 'mcq', 'ಪರಿವರ್ತನೆ', 'What does this word mean?', '["ವಿದೇಶ, ಅನ್ಯದೇಶ", "ಯಜಮಾನಿಕೆ", "ಬದಲಾವಣೆ", "ಮೃತ ದೇಹ/ಶರೀರ"]'::jsonb, 2, 'ಬದಲಾವಣೆ', 'ಪರಿವರ್ತನೆ = ಬದಲಾವಣೆ  (ಮಗ್ಗದ ಸಾಹೇಬ, ಪದಗಳ ಅರ್ಥ)');
insert into questions (code, chapter_id, skill_id, source_exam, marks, difficulty, timer_seconds, type, stem_latex, stem_en, options_latex, correct_option, answer_latex, explain_en) values ('kn-l1-mv10', (select id from chapters where code='kn-l1'), 101, 'Siri Kannada 8 (textbook)', 1, 'easy', 45, 'mcq', 'ಬದಲಾವಣೆ', 'Which word has this meaning?', '["ಗಣಿಸದೆ", "ಅಭೀಷ್ಟ", "ಆಚ್ಛಾದಿತ", "ಪರಿವರ್ತನೆ"]'::jsonb, 3, 'ಪರಿವರ್ತನೆ', 'ಬದಲಾವಣೆ = ಪರಿವರ್ತನೆ  (ಮಗ್ಗದ ಸಾಹೇಬ, ಪದಗಳ ಅರ್ಥ)');
insert into questions (code, chapter_id, skill_id, source_exam, marks, difficulty, timer_seconds, type, stem_latex, stem_en, options_latex, correct_option, answer_latex, explain_en) values ('kn-l1-vm11', (select id from chapters where code='kn-l1'), 101, 'Siri Kannada 8 (textbook)', 1, 'easy', 45, 'mcq', 'ಭಿಕಾರಿ', 'What does this word mean?', '["ನಿರ್ಗತಿಕ", "ಮುಚ್ಚಲ್ಪಟ್ಟ", "ಹೊಗಳಿಕೆ", "ಲೆಕ್ಕಿಸದೆ"]'::jsonb, 0, 'ನಿರ್ಗತಿಕ', 'ಭಿಕಾರಿ = ನಿರ್ಗತಿಕ  (ಮಗ್ಗದ ಸಾಹೇಬ, ಪದಗಳ ಅರ್ಥ)');
insert into questions (code, chapter_id, skill_id, source_exam, marks, difficulty, timer_seconds, type, stem_latex, stem_en, options_latex, correct_option, answer_latex, explain_en) values ('kn-l1-mv11', (select id from chapters where code='kn-l1'), 101, 'Siri Kannada 8 (textbook)', 1, 'easy', 45, 'mcq', 'ನಿರ್ಗತಿಕ', 'Which word has this meaning?', '["ಆಚ್ಛಾದಿತ", "ವಿಲಾಯತಿ", "ಭಿಕಾರಿ", "ಆಧಿಪತ್ಯ"]'::jsonb, 2, 'ಭಿಕಾರಿ', 'ನಿರ್ಗತಿಕ = ಭಿಕಾರಿ  (ಮಗ್ಗದ ಸಾಹೇಬ, ಪದಗಳ ಅರ್ಥ)');
insert into questions (code, chapter_id, skill_id, source_exam, marks, difficulty, timer_seconds, type, stem_latex, stem_en, options_latex, correct_option, answer_latex, explain_en) values ('kn-l1-vm12', (select id from chapters where code='kn-l1'), 101, 'Siri Kannada 8 (textbook)', 1, 'easy', 45, 'mcq', 'ಹಸನ್ಮುಖಿ', 'What does this word mean?', '["ನಗುಮುಖ ಉಳ್ಳವನು", "ಚೂರು", "ಮುಚ್ಚಲ್ಪಟ್ಟ", "ಮೃತ ದೇಹ/ಶರೀರ"]'::jsonb, 0, 'ನಗುಮುಖ ಉಳ್ಳವನು', 'ಹಸನ್ಮುಖಿ = ನಗುಮುಖ ಉಳ್ಳವನು  (ಮಗ್ಗದ ಸಾಹೇಬ, ಪದಗಳ ಅರ್ಥ)');
insert into questions (code, chapter_id, skill_id, source_exam, marks, difficulty, timer_seconds, type, stem_latex, stem_en, options_latex, correct_option, answer_latex, explain_en) values ('kn-l1-mv12', (select id from chapters where code='kn-l1'), 101, 'Siri Kannada 8 (textbook)', 1, 'easy', 45, 'mcq', 'ನಗುಮುಖ ಉಳ್ಳವನು', 'Which word has this meaning?', '["ಪರಿವರ್ತನೆ", "ಅಭೀಷ್ಟ", "ಹಸನ್ಮುಖಿ", "ಗೌಪ್ಯ"]'::jsonb, 2, 'ಹಸನ್ಮುಖಿ', 'ನಗುಮುಖ ಉಳ್ಳವನು = ಹಸನ್ಮುಖಿ  (ಮಗ್ಗದ ಸಾಹೇಬ, ಪದಗಳ ಅರ್ಥ)');
insert into questions (code, chapter_id, skill_id, source_exam, marks, difficulty, timer_seconds, type, stem_latex, stem_en, options_latex, correct_option, answer_latex, explain_en) values ('kn-l5-vm01', (select id from chapters where code='kn-l5'), 102, 'Siri Kannada 8 (textbook)', 1, 'easy', 45, 'mcq', 'ಆಳ್ವೆ', 'What does this word mean?', '["ಗರ್ಭ, ಗರ್ಭಾಶಯ", "ಆಳುವೆ", "ನೃಪತುಂಗನ ಮತ್ತೊಂದು ಹೆಸರು", "ಸುಗಂಧ, ಸುವಾಸನೆ"]'::jsonb, 1, 'ಆಳುವೆ', 'ಆಳ್ವೆ = ಆಳುವೆ  (ಕನ್ನಡಿಗರ ತಾಯಿ, ಪದಗಳ ಅರ್ಥ)');
insert into questions (code, chapter_id, skill_id, source_exam, marks, difficulty, timer_seconds, type, stem_latex, stem_en, options_latex, correct_option, answer_latex, explain_en) values ('kn-l5-mv01', (select id from chapters where code='kn-l5'), 102, 'Siri Kannada 8 (textbook)', 1, 'easy', 45, 'mcq', 'ಆಳುವೆ', 'Which word has this meaning?', '["ಆಳ್ವೆ", "ತಾಳ್ವೆ", "ಬಸಿರು", "ಕೆನೆ"]'::jsonb, 0, 'ಆಳ್ವೆ', 'ಆಳುವೆ = ಆಳ್ವೆ  (ಕನ್ನಡಿಗರ ತಾಯಿ, ಪದಗಳ ಅರ್ಥ)');
insert into questions (code, chapter_id, skill_id, source_exam, marks, difficulty, timer_seconds, type, stem_latex, stem_en, options_latex, correct_option, answer_latex, explain_en) values ('kn-l5-vm02', (select id from chapters where code='kn-l5'), 102, 'Siri Kannada 8 (textbook)', 1, 'easy', 45, 'mcq', 'ಒಸಗೆ', 'What does this word mean?', '["ಆಳುವೆ", "ಗೋವು", "ನೃಪತುಂಗನ ಮತ್ತೊಂದು ಹೆಸರು", "ಸಂತೋಷ, ಶುಭವಾರ್ತೆ"]'::jsonb, 3, 'ಸಂತೋಷ, ಶುಭವಾರ್ತೆ', 'ಒಸಗೆ = ಸಂತೋಷ, ಶುಭವಾರ್ತೆ  (ಕನ್ನಡಿಗರ ತಾಯಿ, ಪದಗಳ ಅರ್ಥ)');
insert into questions (code, chapter_id, skill_id, source_exam, marks, difficulty, timer_seconds, type, stem_latex, stem_en, options_latex, correct_option, answer_latex, explain_en) values ('kn-l5-mv02', (select id from chapters where code='kn-l5'), 102, 'Siri Kannada 8 (textbook)', 1, 'easy', 45, 'mcq', 'ಸಂತೋಷ, ಶುಭವಾರ್ತೆ', 'Which word has this meaning?', '["ನಗಾಳಿ", "ತೃಷೆ", "ಬೇಲನಾಡು", "ಒಸಗೆ"]'::jsonb, 3, 'ಒಸಗೆ', 'ಸಂತೋಷ, ಶುಭವಾರ್ತೆ = ಒಸಗೆ  (ಕನ್ನಡಿಗರ ತಾಯಿ, ಪದಗಳ ಅರ್ಥ)');
insert into questions (code, chapter_id, skill_id, source_exam, marks, difficulty, timer_seconds, type, stem_latex, stem_en, options_latex, correct_option, answer_latex, explain_en) values ('kn-l5-vm03', (select id from chapters where code='kn-l5'), 102, 'Siri Kannada 8 (textbook)', 1, 'easy', 45, 'mcq', 'ಕಾರಕಳ', 'What does this word mean?', '["ಸಂತೋಷ, ಶುಭವಾರ್ತೆ", "ಸಹಿಸುವೆ", "ಕಾರ್ಕಳ (ಉಡುಪಿ ಜಿಲ್ಲೆಯ ಒಂದು ತಾಲೂಕು ಕೇಂದ್ರ)", "ನೃಪತುಂಗನ ಮತ್ತೊಂದು ಹೆಸರು"]'::jsonb, 2, 'ಕಾರ್ಕಳ (ಉಡುಪಿ ಜಿಲ್ಲೆಯ ಒಂದು ತಾಲೂಕು ಕೇಂದ್ರ)', 'ಕಾರಕಳ = ಕಾರ್ಕಳ (ಉಡುಪಿ ಜಿಲ್ಲೆಯ ಒಂದು ತಾಲೂಕು ಕೇಂದ್ರ)  (ಕನ್ನಡಿಗರ ತಾಯಿ, ಪದಗಳ ಅರ್ಥ)');
insert into questions (code, chapter_id, skill_id, source_exam, marks, difficulty, timer_seconds, type, stem_latex, stem_en, options_latex, correct_option, answer_latex, explain_en) values ('kn-l5-mv03', (select id from chapters where code='kn-l5'), 102, 'Siri Kannada 8 (textbook)', 1, 'easy', 45, 'mcq', 'ಕಾರ್ಕಳ (ಉಡುಪಿ ಜಿಲ್ಲೆಯ ಒಂದು ತಾಲೂಕು ಕೇಂದ್ರ)', 'Which word has this meaning?', '["ನಂದಿನಿ", "ಆಳ್ವೆ", "ನಗಾಳಿ", "ಕಾರಕಳ"]'::jsonb, 3, 'ಕಾರಕಳ', 'ಕಾರ್ಕಳ (ಉಡುಪಿ ಜಿಲ್ಲೆಯ ಒಂದು ತಾಲೂಕು ಕೇಂದ್ರ) = ಕಾರಕಳ  (ಕನ್ನಡಿಗರ ತಾಯಿ, ಪದಗಳ ಅರ್ಥ)');
insert into questions (code, chapter_id, skill_id, source_exam, marks, difficulty, timer_seconds, type, stem_latex, stem_en, options_latex, correct_option, answer_latex, explain_en) values ('kn-l5-vm04', (select id from chapters where code='kn-l5'), 102, 'Siri Kannada 8 (textbook)', 1, 'easy', 45, 'mcq', 'ಕೆನೆ', 'What does this word mean?', '["ಬಾಯಾರಿಕೆ", "ಆಕಾಶ", "ಬೇಲೂರು", "ಸಾರ, ತಿರುಳು"]'::jsonb, 3, 'ಸಾರ, ತಿರುಳು', 'ಕೆನೆ = ಸಾರ, ತಿರುಳು  (ಕನ್ನಡಿಗರ ತಾಯಿ, ಪದಗಳ ಅರ್ಥ)');
insert into questions (code, chapter_id, skill_id, source_exam, marks, difficulty, timer_seconds, type, stem_latex, stem_en, options_latex, correct_option, answer_latex, explain_en) values ('kn-l5-mv04', (select id from chapters where code='kn-l5'), 102, 'Siri Kannada 8 (textbook)', 1, 'easy', 45, 'mcq', 'ಸಾರ, ತಿರುಳು', 'Which word has this meaning?', '["ಒಸಗೆ", "ಕೆನೆ", "ನಿಡುಕರು", "ಲತೆ"]'::jsonb, 1, 'ಕೆನೆ', 'ಸಾರ, ತಿರುಳು = ಕೆನೆ  (ಕನ್ನಡಿಗರ ತಾಯಿ, ಪದಗಳ ಅರ್ಥ)');
insert into questions (code, chapter_id, skill_id, source_exam, marks, difficulty, timer_seconds, type, stem_latex, stem_en, options_latex, correct_option, answer_latex, explain_en) values ('kn-l5-vm05', (select id from chapters where code='kn-l5'), 102, 'Siri Kannada 8 (textbook)', 1, 'easy', 45, 'mcq', 'ತಾಳ್ವೆ', 'What does this word mean?', '["ಬಳ್ಳಿ", "ನೃಪತುಂಗನ ಮತ್ತೊಂದು ಹೆಸರು", "ಸಹಿಸುವೆ", "ಬೆಳಗೊಳ, ಶ್ರವಣಬೆಳಗೊಳ"]'::jsonb, 2, 'ಸಹಿಸುವೆ', 'ತಾಳ್ವೆ = ಸಹಿಸುವೆ  (ಕನ್ನಡಿಗರ ತಾಯಿ, ಪದಗಳ ಅರ್ಥ)');
insert into questions (code, chapter_id, skill_id, source_exam, marks, difficulty, timer_seconds, type, stem_latex, stem_en, options_latex, correct_option, answer_latex, explain_en) values ('kn-l5-mv05', (select id from chapters where code='kn-l5'), 102, 'Siri Kannada 8 (textbook)', 1, 'easy', 45, 'mcq', 'ಸಹಿಸುವೆ', 'Which word has this meaning?', '["ಒಸಗೆ", "ತಾಳ್ವೆ", "ಬಸಿರು", "ಶರ್ವ"]'::jsonb, 1, 'ತಾಳ್ವೆ', 'ಸಹಿಸುವೆ = ತಾಳ್ವೆ  (ಕನ್ನಡಿಗರ ತಾಯಿ, ಪದಗಳ ಅರ್ಥ)');
insert into questions (code, chapter_id, skill_id, source_exam, marks, difficulty, timer_seconds, type, stem_latex, stem_en, options_latex, correct_option, answer_latex, explain_en) values ('kn-l5-vm06', (select id from chapters where code='kn-l5'), 102, 'Siri Kannada 8 (textbook)', 1, 'easy', 45, 'mcq', 'ತೃಷೆ', 'What does this word mean?', '["ಬಾಯಾರಿಕೆ", "ಬೆಳಗೊಳ, ಶ್ರವಣಬೆಳಗೊಳ", "ಆಳುವೆ", "ಬಳ್ಳಿ"]'::jsonb, 0, 'ಬಾಯಾರಿಕೆ', 'ತೃಷೆ = ಬಾಯಾರಿಕೆ  (ಕನ್ನಡಿಗರ ತಾಯಿ, ಪದಗಳ ಅರ್ಥ)');
insert into questions (code, chapter_id, skill_id, source_exam, marks, difficulty, timer_seconds, type, stem_latex, stem_en, options_latex, correct_option, answer_latex, explain_en) values ('kn-l5-mv06', (select id from chapters where code='kn-l5'), 102, 'Siri Kannada 8 (textbook)', 1, 'easy', 45, 'mcq', 'ಬಾಯಾರಿಕೆ', 'Which word has this meaning?', '["ತಾಳ್ವೆ", "ತೃಷೆ", "ಬಿಳಿಯ ಕೊಳ", "ನಿಡುಕರು"]'::jsonb, 1, 'ತೃಷೆ', 'ಬಾಯಾರಿಕೆ = ತೃಷೆ  (ಕನ್ನಡಿಗರ ತಾಯಿ, ಪದಗಳ ಅರ್ಥ)');
insert into questions (code, chapter_id, skill_id, source_exam, marks, difficulty, timer_seconds, type, stem_latex, stem_en, options_latex, correct_option, answer_latex, explain_en) values ('kn-l5-vm07', (select id from chapters where code='kn-l5'), 102, 'Siri Kannada 8 (textbook)', 1, 'easy', 45, 'mcq', 'ದಿವಂ', 'What does this word mean?', '["ಆಕಾಶ", "ಪರ್ವತಗಳ ಸಮೂಹ", "ಬಳ್ಳಿ", "ನೃಪತುಂಗನ ಮತ್ತೊಂದು ಹೆಸರು"]'::jsonb, 0, 'ಆಕಾಶ', 'ದಿವಂ = ಆಕಾಶ  (ಕನ್ನಡಿಗರ ತಾಯಿ, ಪದಗಳ ಅರ್ಥ)');
insert into questions (code, chapter_id, skill_id, source_exam, marks, difficulty, timer_seconds, type, stem_latex, stem_en, options_latex, correct_option, answer_latex, explain_en) values ('kn-l5-mv07', (select id from chapters where code='kn-l5'), 102, 'Siri Kannada 8 (textbook)', 1, 'easy', 45, 'mcq', 'ಆಕಾಶ', 'Which word has this meaning?', '["ದಿವಂ", "ನಂದಿನಿ", "ತಾಳ್ವೆ", "ಸುರಭಿ"]'::jsonb, 0, 'ದಿವಂ', 'ಆಕಾಶ = ದಿವಂ  (ಕನ್ನಡಿಗರ ತಾಯಿ, ಪದಗಳ ಅರ್ಥ)');
insert into questions (code, chapter_id, skill_id, source_exam, marks, difficulty, timer_seconds, type, stem_latex, stem_en, options_latex, correct_option, answer_latex, explain_en) values ('kn-l5-vm08', (select id from chapters where code='kn-l5'), 102, 'Siri Kannada 8 (textbook)', 1, 'easy', 45, 'mcq', 'ನಗಾಳಿ', 'What does this word mean?', '["ಬೇಲೂರು", "ಪರ್ವತಗಳ ಸಮೂಹ", "ನೃಪತುಂಗನ ಮತ್ತೊಂದು ಹೆಸರು", "ಮುಖ"]'::jsonb, 1, 'ಪರ್ವತಗಳ ಸಮೂಹ', 'ನಗಾಳಿ = ಪರ್ವತಗಳ ಸಮೂಹ  (ಕನ್ನಡಿಗರ ತಾಯಿ, ಪದಗಳ ಅರ್ಥ)');
insert into questions (code, chapter_id, skill_id, source_exam, marks, difficulty, timer_seconds, type, stem_latex, stem_en, options_latex, correct_option, answer_latex, explain_en) values ('kn-l5-mv08', (select id from chapters where code='kn-l5'), 102, 'Siri Kannada 8 (textbook)', 1, 'easy', 45, 'mcq', 'ಪರ್ವತಗಳ ಸಮೂಹ', 'Which word has this meaning?', '["ನಗಾಳಿ", "ನಿಡುಕರು", "ಕಾರಕಳ", "ಒಸಗೆ"]'::jsonb, 0, 'ನಗಾಳಿ', 'ಪರ್ವತಗಳ ಸಮೂಹ = ನಗಾಳಿ  (ಕನ್ನಡಿಗರ ತಾಯಿ, ಪದಗಳ ಅರ್ಥ)');
insert into questions (code, chapter_id, skill_id, source_exam, marks, difficulty, timer_seconds, type, stem_latex, stem_en, options_latex, correct_option, answer_latex, explain_en) values ('kn-l5-vm09', (select id from chapters where code='kn-l5'), 102, 'Siri Kannada 8 (textbook)', 1, 'easy', 45, 'mcq', 'ನಿಡುಕರು', 'What does this word mean?', '["ನಿಡಿದಾಗಿ ನಿಂತಿರುವ ಗೊಮ್ಮಟ ಮೂರ್ತಿ", "ಆಳುವೆ", "ಸಹಿಸುವೆ", "ಸಂತೋಷ, ಶುಭವಾರ್ತೆ"]'::jsonb, 0, 'ನಿಡಿದಾಗಿ ನಿಂತಿರುವ ಗೊಮ್ಮಟ ಮೂರ್ತಿ', 'ನಿಡುಕರು = ನಿಡಿದಾಗಿ ನಿಂತಿರುವ ಗೊಮ್ಮಟ ಮೂರ್ತಿ  (ಕನ್ನಡಿಗರ ತಾಯಿ, ಪದಗಳ ಅರ್ಥ)');
insert into questions (code, chapter_id, skill_id, source_exam, marks, difficulty, timer_seconds, type, stem_latex, stem_en, options_latex, correct_option, answer_latex, explain_en) values ('kn-l5-mv09', (select id from chapters where code='kn-l5'), 102, 'Siri Kannada 8 (textbook)', 1, 'easy', 45, 'mcq', 'ನಿಡಿದಾಗಿ ನಿಂತಿರುವ ಗೊಮ್ಮಟ ಮೂರ್ತಿ', 'Which word has this meaning?', '["ತಾಳ್ವೆ", "ನಗಾಳಿ", "ನಿಡುಕರು", "ಬಿಳಿಯ ಕೊಳ"]'::jsonb, 2, 'ನಿಡುಕರು', 'ನಿಡಿದಾಗಿ ನಿಂತಿರುವ ಗೊಮ್ಮಟ ಮೂರ್ತಿ = ನಿಡುಕರು  (ಕನ್ನಡಿಗರ ತಾಯಿ, ಪದಗಳ ಅರ್ಥ)');
insert into questions (code, chapter_id, skill_id, source_exam, marks, difficulty, timer_seconds, type, stem_latex, stem_en, options_latex, correct_option, answer_latex, explain_en) values ('kn-l5-vm10', (select id from chapters where code='kn-l5'), 102, 'Siri Kannada 8 (textbook)', 1, 'easy', 45, 'mcq', 'ಬಸಿರು', 'What does this word mean?', '["ಬಳ್ಳಿ", "ಗೋವು", "ಗರ್ಭ, ಗರ್ಭಾಶಯ", "ಸಂತೋಷ, ಶುಭವಾರ್ತೆ"]'::jsonb, 2, 'ಗರ್ಭ, ಗರ್ಭಾಶಯ', 'ಬಸಿರು = ಗರ್ಭ, ಗರ್ಭಾಶಯ  (ಕನ್ನಡಿಗರ ತಾಯಿ, ಪದಗಳ ಅರ್ಥ)');
insert into questions (code, chapter_id, skill_id, source_exam, marks, difficulty, timer_seconds, type, stem_latex, stem_en, options_latex, correct_option, answer_latex, explain_en) values ('kn-l5-mv10', (select id from chapters where code='kn-l5'), 102, 'Siri Kannada 8 (textbook)', 1, 'easy', 45, 'mcq', 'ಗರ್ಭ, ಗರ್ಭಾಶಯ', 'Which word has this meaning?', '["ತೃಷೆ", "ದಿವಂ", "ನಂದಿನಿ", "ಬಸಿರು"]'::jsonb, 3, 'ಬಸಿರು', 'ಗರ್ಭ, ಗರ್ಭಾಶಯ = ಬಸಿರು  (ಕನ್ನಡಿಗರ ತಾಯಿ, ಪದಗಳ ಅರ್ಥ)');
insert into questions (code, chapter_id, skill_id, source_exam, marks, difficulty, timer_seconds, type, stem_latex, stem_en, options_latex, correct_option, answer_latex, explain_en) values ('kn-l5-vm11', (select id from chapters where code='kn-l5'), 102, 'Siri Kannada 8 (textbook)', 1, 'easy', 45, 'mcq', 'ಬಿಳಿಯ ಕೊಳ', 'What does this word mean?', '["ಕಾರ್ಕಳ (ಉಡುಪಿ ಜಿಲ್ಲೆಯ ಒಂದು ತಾಲೂಕು ಕೇಂದ್ರ)", "ಬೇಲೂರು", "ಬೆಳಗೊಳ, ಶ್ರವಣಬೆಳಗೊಳ", "ಸುಗಂಧ, ಸುವಾಸನೆ"]'::jsonb, 2, 'ಬೆಳಗೊಳ, ಶ್ರವಣಬೆಳಗೊಳ', 'ಬಿಳಿಯ ಕೊಳ = ಬೆಳಗೊಳ, ಶ್ರವಣಬೆಳಗೊಳ  (ಕನ್ನಡಿಗರ ತಾಯಿ, ಪದಗಳ ಅರ್ಥ)');
insert into questions (code, chapter_id, skill_id, source_exam, marks, difficulty, timer_seconds, type, stem_latex, stem_en, options_latex, correct_option, answer_latex, explain_en) values ('kn-l5-mv11', (select id from chapters where code='kn-l5'), 102, 'Siri Kannada 8 (textbook)', 1, 'easy', 45, 'mcq', 'ಬೆಳಗೊಳ, ಶ್ರವಣಬೆಳಗೊಳ', 'Which word has this meaning?', '["ಆಳ್ವೆ", "ಕೆನೆ", "ಬಿಳಿಯ ಕೊಳ", "ನಿಡುಕರು"]'::jsonb, 2, 'ಬಿಳಿಯ ಕೊಳ', 'ಬೆಳಗೊಳ, ಶ್ರವಣಬೆಳಗೊಳ = ಬಿಳಿಯ ಕೊಳ  (ಕನ್ನಡಿಗರ ತಾಯಿ, ಪದಗಳ ಅರ್ಥ)');
insert into questions (code, chapter_id, skill_id, source_exam, marks, difficulty, timer_seconds, type, stem_latex, stem_en, options_latex, correct_option, answer_latex, explain_en) values ('kn-l5-vm12', (select id from chapters where code='kn-l5'), 102, 'Siri Kannada 8 (textbook)', 1, 'easy', 45, 'mcq', 'ಬೇಲನಾಡು', 'What does this word mean?', '["ಸಾರ, ತಿರುಳು", "ಬೇಲೂರು", "ಸಹಿಸುವೆ", "ಪರ್ವತಗಳ ಸಮೂಹ"]'::jsonb, 1, 'ಬೇಲೂರು', 'ಬೇಲನಾಡು = ಬೇಲೂರು  (ಕನ್ನಡಿಗರ ತಾಯಿ, ಪದಗಳ ಅರ್ಥ)');
insert into questions (code, chapter_id, skill_id, source_exam, marks, difficulty, timer_seconds, type, stem_latex, stem_en, options_latex, correct_option, answer_latex, explain_en) values ('kn-l5-mv12', (select id from chapters where code='kn-l5'), 102, 'Siri Kannada 8 (textbook)', 1, 'easy', 45, 'mcq', 'ಬೇಲೂರು', 'Which word has this meaning?', '["ನಿಡುಕರು", "ತೃಷೆ", "ತಾಳ್ವೆ", "ಬೇಲನಾಡು"]'::jsonb, 3, 'ಬೇಲನಾಡು', 'ಬೇಲೂರು = ಬೇಲನಾಡು  (ಕನ್ನಡಿಗರ ತಾಯಿ, ಪದಗಳ ಅರ್ಥ)');
insert into questions (code, chapter_id, skill_id, source_exam, marks, difficulty, timer_seconds, type, stem_latex, stem_en, options_latex, correct_option, answer_latex, explain_en) values ('kn-l5-vm13', (select id from chapters where code='kn-l5'), 102, 'Siri Kannada 8 (textbook)', 1, 'easy', 45, 'mcq', 'ಮೊಗ', 'What does this word mean?', '["ಕಾರ್ಕಳ (ಉಡುಪಿ ಜಿಲ್ಲೆಯ ಒಂದು ತಾಲೂಕು ಕೇಂದ್ರ)", "ಸುಗಂಧ, ಸುವಾಸನೆ", "ಮುಖ", "ಸಹಿಸುವೆ"]'::jsonb, 2, 'ಮುಖ', 'ಮೊಗ = ಮುಖ  (ಕನ್ನಡಿಗರ ತಾಯಿ, ಪದಗಳ ಅರ್ಥ)');
insert into questions (code, chapter_id, skill_id, source_exam, marks, difficulty, timer_seconds, type, stem_latex, stem_en, options_latex, correct_option, answer_latex, explain_en) values ('kn-l5-mv13', (select id from chapters where code='kn-l5'), 102, 'Siri Kannada 8 (textbook)', 1, 'easy', 45, 'mcq', 'ಮುಖ', 'Which word has this meaning?', '["ಬೇಲನಾಡು", "ಒಸಗೆ", "ಮೊಗ", "ನಿಡುಕರು"]'::jsonb, 2, 'ಮೊಗ', 'ಮುಖ = ಮೊಗ  (ಕನ್ನಡಿಗರ ತಾಯಿ, ಪದಗಳ ಅರ್ಥ)');
insert into questions (code, chapter_id, skill_id, source_exam, marks, difficulty, timer_seconds, type, stem_latex, stem_en, options_latex, correct_option, answer_latex, explain_en) values ('kn-l5-vm14', (select id from chapters where code='kn-l5'), 102, 'Siri Kannada 8 (textbook)', 1, 'easy', 45, 'mcq', 'ಲತೆ', 'What does this word mean?', '["ಆಳುವೆ", "ಮುಖ", "ನಿಡಿದಾಗಿ ನಿಂತಿರುವ ಗೊಮ್ಮಟ ಮೂರ್ತಿ", "ಬಳ್ಳಿ"]'::jsonb, 3, 'ಬಳ್ಳಿ', 'ಲತೆ = ಬಳ್ಳಿ  (ಕನ್ನಡಿಗರ ತಾಯಿ, ಪದಗಳ ಅರ್ಥ)');
insert into questions (code, chapter_id, skill_id, source_exam, marks, difficulty, timer_seconds, type, stem_latex, stem_en, options_latex, correct_option, answer_latex, explain_en) values ('kn-l5-mv14', (select id from chapters where code='kn-l5'), 102, 'Siri Kannada 8 (textbook)', 1, 'easy', 45, 'mcq', 'ಬಳ್ಳಿ', 'Which word has this meaning?', '["ಶರ್ವ", "ಲತೆ", "ಮೊಗ", "ಕಾರಕಳ"]'::jsonb, 1, 'ಲತೆ', 'ಬಳ್ಳಿ = ಲತೆ  (ಕನ್ನಡಿಗರ ತಾಯಿ, ಪದಗಳ ಅರ್ಥ)');
insert into questions (code, chapter_id, skill_id, source_exam, marks, difficulty, timer_seconds, type, stem_latex, stem_en, options_latex, correct_option, answer_latex, explain_en) values ('kn-l5-vm15', (select id from chapters where code='kn-l5'), 102, 'Siri Kannada 8 (textbook)', 1, 'easy', 45, 'mcq', 'ಶರ್ವ', 'What does this word mean?', '["ಸಹಿಸುವೆ", "ಮುಖ", "ಸಂತೋಷ, ಶುಭವಾರ್ತೆ", "ನೃಪತುಂಗನ ಮತ್ತೊಂದು ಹೆಸರು"]'::jsonb, 3, 'ನೃಪತುಂಗನ ಮತ್ತೊಂದು ಹೆಸರು', 'ಶರ್ವ = ನೃಪತುಂಗನ ಮತ್ತೊಂದು ಹೆಸರು  (ಕನ್ನಡಿಗರ ತಾಯಿ, ಪದಗಳ ಅರ್ಥ)');
insert into questions (code, chapter_id, skill_id, source_exam, marks, difficulty, timer_seconds, type, stem_latex, stem_en, options_latex, correct_option, answer_latex, explain_en) values ('kn-l5-mv15', (select id from chapters where code='kn-l5'), 102, 'Siri Kannada 8 (textbook)', 1, 'easy', 45, 'mcq', 'ನೃಪತುಂಗನ ಮತ್ತೊಂದು ಹೆಸರು', 'Which word has this meaning?', '["ಕಾರಕಳ", "ಶರ್ವ", "ಸುರಭಿ", "ತಾಳ್ವೆ"]'::jsonb, 1, 'ಶರ್ವ', 'ನೃಪತುಂಗನ ಮತ್ತೊಂದು ಹೆಸರು = ಶರ್ವ  (ಕನ್ನಡಿಗರ ತಾಯಿ, ಪದಗಳ ಅರ್ಥ)');
insert into questions (code, chapter_id, skill_id, source_exam, marks, difficulty, timer_seconds, type, stem_latex, stem_en, options_latex, correct_option, answer_latex, explain_en) values ('kn-l5-vm16', (select id from chapters where code='kn-l5'), 102, 'Siri Kannada 8 (textbook)', 1, 'easy', 45, 'mcq', 'ಸುರಭಿ', 'What does this word mean?', '["ಆಕಾಶ", "ಸಹಿಸುವೆ", "ಸುಗಂಧ, ಸುವಾಸನೆ", "ಗರ್ಭ, ಗರ್ಭಾಶಯ"]'::jsonb, 2, 'ಸುಗಂಧ, ಸುವಾಸನೆ', 'ಸುರಭಿ = ಸುಗಂಧ, ಸುವಾಸನೆ  (ಕನ್ನಡಿಗರ ತಾಯಿ, ಪದಗಳ ಅರ್ಥ)');
insert into questions (code, chapter_id, skill_id, source_exam, marks, difficulty, timer_seconds, type, stem_latex, stem_en, options_latex, correct_option, answer_latex, explain_en) values ('kn-l5-mv16', (select id from chapters where code='kn-l5'), 102, 'Siri Kannada 8 (textbook)', 1, 'easy', 45, 'mcq', 'ಸುಗಂಧ, ಸುವಾಸನೆ', 'Which word has this meaning?', '["ನಿಡುಕರು", "ಲತೆ", "ಸುರಭಿ", "ಕೆನೆ"]'::jsonb, 2, 'ಸುರಭಿ', 'ಸುಗಂಧ, ಸುವಾಸನೆ = ಸುರಭಿ  (ಕನ್ನಡಿಗರ ತಾಯಿ, ಪದಗಳ ಅರ್ಥ)');
insert into questions (code, chapter_id, skill_id, source_exam, marks, difficulty, timer_seconds, type, stem_latex, stem_en, options_latex, correct_option, answer_latex, explain_en) values ('kn-l5-vm17', (select id from chapters where code='kn-l5'), 102, 'Siri Kannada 8 (textbook)', 1, 'easy', 45, 'mcq', 'ನಂದಿನಿ', 'What does this word mean?', '["ಸಾರ, ತಿರುಳು", "ಮುಖ", "ಗೋವು", "ನಿಡಿದಾಗಿ ನಿಂತಿರುವ ಗೊಮ್ಮಟ ಮೂರ್ತಿ"]'::jsonb, 2, 'ಗೋವು', 'ನಂದಿನಿ = ಗೋವು  (ಕನ್ನಡಿಗರ ತಾಯಿ, ಪದಗಳ ಅರ್ಥ)');
insert into questions (code, chapter_id, skill_id, source_exam, marks, difficulty, timer_seconds, type, stem_latex, stem_en, options_latex, correct_option, answer_latex, explain_en) values ('kn-l5-mv17', (select id from chapters where code='kn-l5'), 102, 'Siri Kannada 8 (textbook)', 1, 'easy', 45, 'mcq', 'ಗೋವು', 'Which word has this meaning?', '["ಸುರಭಿ", "ಕಾರಕಳ", "ನಂದಿನಿ", "ದಿವಂ"]'::jsonb, 2, 'ನಂದಿನಿ', 'ಗೋವು = ನಂದಿನಿ  (ಕನ್ನಡಿಗರ ತಾಯಿ, ಪದಗಳ ಅರ್ಥ)');
insert into questions (code, chapter_id, skill_id, source_exam, marks, difficulty, timer_seconds, type, stem_latex, stem_en, options_latex, correct_option, answer_latex, explain_en) values ('kn-g-varnamale-fact01', (select id from chapters where code='kn-g-varnamale'), 103, 'Siri Kannada 8 (textbook)', 1, 'easy', 45, 'mcq', '', 'Letters that can be spoken on their own', '["ಸ್ವರ", "ಯೋಗವಾಹ", "ಗುಣಿತಾಕ್ಷರ", "ವ್ಯಂಜನ"]'::jsonb, 0, 'ಸ್ವರ', 'Letters that can be spoken on their own → ಸ್ವರ  (ವರ್ಣಮಾಲೆ)');
insert into questions (code, chapter_id, skill_id, source_exam, marks, difficulty, timer_seconds, type, stem_latex, stem_en, options_latex, correct_option, answer_latex, explain_en) values ('kn-g-varnamale-fact02', (select id from chapters where code='kn-g-varnamale'), 103, 'Siri Kannada 8 (textbook)', 1, 'easy', 45, 'mcq', '', 'Letters that need a vowel to be spoken', '["ಸಂಯುಕ್ತಾಕ್ಷರ", "ವ್ಯಂಜನ", "ಯೋಗವಾಹ", "ಸ್ವರ"]'::jsonb, 1, 'ವ್ಯಂಜನ', 'Letters that need a vowel to be spoken → ವ್ಯಂಜನ  (ವರ್ಣಮಾಲೆ)');
insert into questions (code, chapter_id, skill_id, source_exam, marks, difficulty, timer_seconds, type, stem_latex, stem_en, options_latex, correct_option, answer_latex, explain_en) values ('kn-g-varnamale-fact03', (select id from chapters where code='kn-g-varnamale'), 103, 'Siri Kannada 8 (textbook)', 1, 'easy', 45, 'mcq', '', 'Anusvara and visarga are called', '["ಯೋಗವಾಹ", "ವ್ಯಂಜನ", "ಸ್ವರ", "ಸಂಯುಕ್ತಾಕ್ಷರ"]'::jsonb, 0, 'ಯೋಗವಾಹ', 'Anusvara and visarga are called → ಯೋಗವಾಹ  (ವರ್ಣಮಾಲೆ)');
insert into questions (code, chapter_id, skill_id, source_exam, marks, difficulty, timer_seconds, type, stem_latex, stem_en, options_latex, correct_option, answer_latex, explain_en) values ('kn-g-gunitakshara-fact01', (select id from chapters where code='kn-g-gunitakshara'), 104, 'Siri Kannada 8 (textbook)', 1, 'easy', 45, 'mcq', '', 'A consonant joined to a vowel is called', '["ಗುಣಿತಾಕ್ಷರ", "ಯೋಗವಾಹ", "ವ್ಯಂಜನ", "ಸಂಯುಕ್ತಾಕ್ಷರ"]'::jsonb, 0, 'ಗುಣಿತಾಕ್ಷರ', 'A consonant joined to a vowel is called → ಗುಣಿತಾಕ್ಷರ  (ಗುಣಿತಾಕ್ಷರ)');
insert into questions (code, chapter_id, skill_id, source_exam, marks, difficulty, timer_seconds, type, stem_latex, stem_en, options_latex, correct_option, answer_latex, explain_en) values ('kn-g-gunitakshara-fact02', (select id from chapters where code='kn-g-gunitakshara'), 104, 'Siri Kannada 8 (textbook)', 1, 'easy', 45, 'mcq', '', 'Two or more consonants joined together', '["ಯೋಗವಾಹ", "ಗುಣಿತಾಕ್ಷರ", "ವ್ಯಂಜನ", "ಸಂಯುಕ್ತಾಕ್ಷರ"]'::jsonb, 3, 'ಸಂಯುಕ್ತಾಕ್ಷರ', 'Two or more consonants joined together → ಸಂಯುಕ್ತಾಕ್ಷರ  (ಗುಣಿತಾಕ್ಷರ)');
insert into questions (code, chapter_id, skill_id, source_exam, marks, difficulty, timer_seconds, type, stem_latex, stem_en, options_latex, correct_option, answer_latex, explain_en) values ('kn-g-sandhi-lopa01', (select id from chapters where code='kn-g-sandhi'), 105, 'Siri Kannada 8 (textbook)', 1, 'easy', 45, 'mcq', 'ಊರು + ಊರು  →  ಊರೂರು', 'Which type is this?', '["ಪ್ರಕೃತಿಭಾವ", "ಲೋಪಸಂಧಿ", "ಆದೇಶಸಂಧಿ", "ಆಗಮಸಂಧಿ"]'::jsonb, 1, 'ಲೋಪಸಂಧಿ', 'ಊರು + ಊರು → ಊರೂರು is ಲೋಪಸಂಧಿ (Lopa - a letter is DROPPED). A vowel meets a vowel, and the first vowel disappears.');
insert into questions (code, chapter_id, skill_id, source_exam, marks, difficulty, timer_seconds, type, stem_latex, stem_en, options_latex, correct_option, answer_latex, explain_en) values ('kn-g-sandhi-lopa02', (select id from chapters where code='kn-g-sandhi'), 105, 'Siri Kannada 8 (textbook)', 1, 'easy', 45, 'mcq', 'ಬಲ್ಲನು + ಎಂದು  →  ಬಲ್ಲನೆಂದು', 'Which type is this?', '["ಆಗಮಸಂಧಿ", "ಪ್ರಕೃತಿಭಾವ", "ಆದೇಶಸಂಧಿ", "ಲೋಪಸಂಧಿ"]'::jsonb, 3, 'ಲೋಪಸಂಧಿ', 'ಬಲ್ಲನು + ಎಂದು → ಬಲ್ಲನೆಂದು is ಲೋಪಸಂಧಿ (Lopa - a letter is DROPPED). A vowel meets a vowel, and the first vowel disappears.');
insert into questions (code, chapter_id, skill_id, source_exam, marks, difficulty, timer_seconds, type, stem_latex, stem_en, options_latex, correct_option, answer_latex, explain_en) values ('kn-g-sandhi-lopa03', (select id from chapters where code='kn-g-sandhi'), 105, 'Siri Kannada 8 (textbook)', 1, 'easy', 45, 'mcq', 'ಊರು + ಇಂದ  →  ಊರಿಂದ', 'Which type is this?', '["ಆಗಮಸಂಧಿ", "ಆದೇಶಸಂಧಿ", "ಪ್ರಕೃತಿಭಾವ", "ಲೋಪಸಂಧಿ"]'::jsonb, 3, 'ಲೋಪಸಂಧಿ', 'ಊರು + ಇಂದ → ಊರಿಂದ is ಲೋಪಸಂಧಿ (Lopa - a letter is DROPPED). A vowel meets a vowel, and the first vowel disappears.');
insert into questions (code, chapter_id, skill_id, source_exam, marks, difficulty, timer_seconds, type, stem_latex, stem_en, options_latex, correct_option, answer_latex, explain_en) values ('kn-g-sandhi-agam01', (select id from chapters where code='kn-g-sandhi'), 105, 'Siri Kannada 8 (textbook)', 1, 'easy', 45, 'mcq', 'ಮನೆ + ಅಲ್ಲಿ  →  ಮನೆಯಲ್ಲಿ', 'Which type is this?', '["ಪ್ರಕೃತಿಭಾವ", "ಆದೇಶಸಂಧಿ", "ಲೋಪಸಂಧಿ", "ಆಗಮಸಂಧಿ"]'::jsonb, 3, 'ಆಗಮಸಂಧಿ', 'ಮನೆ + ಅಲ್ಲಿ → ಮನೆಯಲ್ಲಿ is ಆಗಮಸಂಧಿ (Agama - a letter is ADDED). A vowel meets a vowel, and a NEW ಯ್ or ವ್ is slipped in between them.');
insert into questions (code, chapter_id, skill_id, source_exam, marks, difficulty, timer_seconds, type, stem_latex, stem_en, options_latex, correct_option, answer_latex, explain_en) values ('kn-g-sandhi-agam02', (select id from chapters where code='kn-g-sandhi'), 105, 'Siri Kannada 8 (textbook)', 1, 'easy', 45, 'mcq', 'ಕೈ + ಅನ್ನು  →  ಕೈಯನ್ನು', 'Which type is this?', '["ಆಗಮಸಂಧಿ", "ಆದೇಶಸಂಧಿ", "ಪ್ರಕೃತಿಭಾವ", "ಲೋಪಸಂಧಿ"]'::jsonb, 0, 'ಆಗಮಸಂಧಿ', 'ಕೈ + ಅನ್ನು → ಕೈಯನ್ನು is ಆಗಮಸಂಧಿ (Agama - a letter is ADDED). A vowel meets a vowel, and a NEW ಯ್ or ವ್ is slipped in between them.');
insert into questions (code, chapter_id, skill_id, source_exam, marks, difficulty, timer_seconds, type, stem_latex, stem_en, options_latex, correct_option, answer_latex, explain_en) values ('kn-g-sandhi-agam03', (select id from chapters where code='kn-g-sandhi'), 105, 'Siri Kannada 8 (textbook)', 1, 'easy', 45, 'mcq', 'ಚಳಿ + ಇಂದ  →  ಚಳಿಯಿಂದ', 'Which type is this?', '["ಪ್ರಕೃತಿಭಾವ", "ಆದೇಶಸಂಧಿ", "ಲೋಪಸಂಧಿ", "ಆಗಮಸಂಧಿ"]'::jsonb, 3, 'ಆಗಮಸಂಧಿ', 'ಚಳಿ + ಇಂದ → ಚಳಿಯಿಂದ is ಆಗಮಸಂಧಿ (Agama - a letter is ADDED). A vowel meets a vowel, and a NEW ಯ್ or ವ್ is slipped in between them.');
insert into questions (code, chapter_id, skill_id, source_exam, marks, difficulty, timer_seconds, type, stem_latex, stem_en, options_latex, correct_option, answer_latex, explain_en) values ('kn-g-sandhi-agam04', (select id from chapters where code='kn-g-sandhi'), 105, 'Siri Kannada 8 (textbook)', 1, 'easy', 45, 'mcq', 'ಗುರು + ಅನ್ನು  →  ಗುರುವನ್ನು', 'Which type is this?', '["ಪ್ರಕೃತಿಭಾವ", "ಲೋಪಸಂಧಿ", "ಆದೇಶಸಂಧಿ", "ಆಗಮಸಂಧಿ"]'::jsonb, 3, 'ಆಗಮಸಂಧಿ', 'ಗುರು + ಅನ್ನು → ಗುರುವನ್ನು is ಆಗಮಸಂಧಿ (Agama - a letter is ADDED). A vowel meets a vowel, and a NEW ಯ್ or ವ್ is slipped in between them.');
insert into questions (code, chapter_id, skill_id, source_exam, marks, difficulty, timer_seconds, type, stem_latex, stem_en, options_latex, correct_option, answer_latex, explain_en) values ('kn-g-sandhi-agam05', (select id from chapters where code='kn-g-sandhi'), 105, 'Siri Kannada 8 (textbook)', 1, 'easy', 45, 'mcq', 'ಪುಸ್ತಕ + ಅನ್ನು  →  ಪುಸ್ತಕವನ್ನು', 'Which type is this?', '["ಲೋಪಸಂಧಿ", "ಆಗಮಸಂಧಿ", "ಆದೇಶಸಂಧಿ", "ಪ್ರಕೃತಿಭಾವ"]'::jsonb, 1, 'ಆಗಮಸಂಧಿ', 'ಪುಸ್ತಕ + ಅನ್ನು → ಪುಸ್ತಕವನ್ನು is ಆಗಮಸಂಧಿ (Agama - a letter is ADDED). A vowel meets a vowel, and a NEW ಯ್ or ವ್ is slipped in between them.');
insert into questions (code, chapter_id, skill_id, source_exam, marks, difficulty, timer_seconds, type, stem_latex, stem_en, options_latex, correct_option, answer_latex, explain_en) values ('kn-g-sandhi-ades01', (select id from chapters where code='kn-g-sandhi'), 105, 'Siri Kannada 8 (textbook)', 1, 'easy', 45, 'mcq', 'ಮಳೆ + ಕಾಲ  →  ಮಳೆಗಾಲ', 'Which type is this?', '["ಆದೇಶಸಂಧಿ", "ಲೋಪಸಂಧಿ", "ಪ್ರಕೃತಿಭಾವ", "ಆಗಮಸಂಧಿ"]'::jsonb, 0, 'ಆದೇಶಸಂಧಿ', 'ಮಳೆ + ಕಾಲ → ಮಳೆಗಾಲ is ಆದೇಶಸಂಧಿ (Adesha - a letter is REPLACED). The consonant that starts the second word is swapped for another. ಕ ತ ಪ become ಗ ದ ಬ.');
insert into questions (code, chapter_id, skill_id, source_exam, marks, difficulty, timer_seconds, type, stem_latex, stem_en, options_latex, correct_option, answer_latex, explain_en) values ('kn-g-sandhi-ades02', (select id from chapters where code='kn-g-sandhi'), 105, 'Siri Kannada 8 (textbook)', 1, 'easy', 45, 'mcq', 'ಹುಲ್ಲು + ಕಾವಲು  →  ಹುಲ್ಲುಗಾವಲು', 'Which type is this?', '["ಆದೇಶಸಂಧಿ", "ಆಗಮಸಂಧಿ", "ಲೋಪಸಂಧಿ", "ಪ್ರಕೃತಿಭಾವ"]'::jsonb, 0, 'ಆದೇಶಸಂಧಿ', 'ಹುಲ್ಲು + ಕಾವಲು → ಹುಲ್ಲುಗಾವಲು is ಆದೇಶಸಂಧಿ (Adesha - a letter is REPLACED). The consonant that starts the second word is swapped for another. ಕ ತ ಪ become ಗ ದ ಬ.');
insert into questions (code, chapter_id, skill_id, source_exam, marks, difficulty, timer_seconds, type, stem_latex, stem_en, options_latex, correct_option, answer_latex, explain_en) values ('kn-g-sandhi-ades03', (select id from chapters where code='kn-g-sandhi'), 105, 'Siri Kannada 8 (textbook)', 1, 'easy', 45, 'mcq', 'ಮೈ + ತೊಳೆ  →  ಮೈದೊಳೆ', 'Which type is this?', '["ಆದೇಶಸಂಧಿ", "ಪ್ರಕೃತಿಭಾವ", "ಲೋಪಸಂಧಿ", "ಆಗಮಸಂಧಿ"]'::jsonb, 0, 'ಆದೇಶಸಂಧಿ', 'ಮೈ + ತೊಳೆ → ಮೈದೊಳೆ is ಆದೇಶಸಂಧಿ (Adesha - a letter is REPLACED). The consonant that starts the second word is swapped for another. ಕ ತ ಪ become ಗ ದ ಬ.');
insert into questions (code, chapter_id, skill_id, source_exam, marks, difficulty, timer_seconds, type, stem_latex, stem_en, options_latex, correct_option, answer_latex, explain_en) values ('kn-g-sandhi-ades04', (select id from chapters where code='kn-g-sandhi'), 105, 'Siri Kannada 8 (textbook)', 1, 'easy', 45, 'mcq', 'ಕೆನೆ + ಪಾಲ್  →  ಕೆನೆವಾಲ್', 'Which type is this?', '["ಆದೇಶಸಂಧಿ", "ಪ್ರಕೃತಿಭಾವ", "ಲೋಪಸಂಧಿ", "ಆಗಮಸಂಧಿ"]'::jsonb, 0, 'ಆದೇಶಸಂಧಿ', 'ಕೆನೆ + ಪಾಲ್ → ಕೆನೆವಾಲ್ is ಆದೇಶಸಂಧಿ (Adesha - a letter is REPLACED). The consonant that starts the second word is swapped for another. ಕ ತ ಪ become ಗ ದ ಬ.');
insert into questions (code, chapter_id, skill_id, source_exam, marks, difficulty, timer_seconds, type, stem_latex, stem_en, options_latex, correct_option, answer_latex, explain_en) values ('kn-g-sandhi-prak01', (select id from chapters where code='kn-g-sandhi'), 105, 'Siri Kannada 8 (textbook)', 1, 'easy', 45, 'mcq', 'ಅಯ್ಯೋ + ಇದೇನು  →  (stays apart)', 'Which type is this?', '["ಆಗಮಸಂಧಿ", "ಪ್ರಕೃತಿಭಾವ", "ಲೋಪಸಂಧಿ", "ಆದೇಶಸಂಧಿ"]'::jsonb, 1, 'ಪ್ರಕೃತಿಭಾವ', 'ಅಯ್ಯೋ + ಇದೇನು → (stays apart) is ಪ್ರಕೃತಿಭಾವ (Prakrutibhava - NO sandhi happens). A vowel meets a vowel, but the words refuse to join - because joining them would wreck the meaning.');
insert into questions (code, chapter_id, skill_id, source_exam, marks, difficulty, timer_seconds, type, stem_latex, stem_en, options_latex, correct_option, answer_latex, explain_en) values ('kn-g-sandhi-prak02', (select id from chapters where code='kn-g-sandhi'), 105, 'Siri Kannada 8 (textbook)', 1, 'easy', 45, 'mcq', 'ಅಕ್ಕ + ಇತ್ತಬಾ  →  (stays apart)', 'Which type is this?', '["ಆಗಮಸಂಧಿ", "ಆದೇಶಸಂಧಿ", "ಪ್ರಕೃತಿಭಾವ", "ಲೋಪಸಂಧಿ"]'::jsonb, 2, 'ಪ್ರಕೃತಿಭಾವ', 'ಅಕ್ಕ + ಇತ್ತಬಾ → (stays apart) is ಪ್ರಕೃತಿಭಾವ (Prakrutibhava - NO sandhi happens). A vowel meets a vowel, but the words refuse to join - because joining them would wreck the meaning.');
insert into questions (code, chapter_id, skill_id, source_exam, marks, difficulty, timer_seconds, type, stem_latex, stem_en, options_latex, correct_option, answer_latex, explain_en) values ('kn-g-sandhi-joinlop01', (select id from chapters where code='kn-g-sandhi'), 105, 'Siri Kannada 8 (textbook)', 2, 'medium', 90, 'mcq', 'ಊರು + ಊರು', 'Join these two words. What do you get?', '["ಚಳಿಯಿಂದ", "ಬಲ್ಲನೆಂದು", "ಊರೂರು", "ಹುಲ್ಲುಗಾವಲು"]'::jsonb, 2, 'ಊರೂರು', 'ಊರು + ಊರು → ಊರೂರು  (ಲೋಪಸಂಧಿ)');
insert into questions (code, chapter_id, skill_id, source_exam, marks, difficulty, timer_seconds, type, stem_latex, stem_en, options_latex, correct_option, answer_latex, explain_en) values ('kn-g-sandhi-joinlop02', (select id from chapters where code='kn-g-sandhi'), 105, 'Siri Kannada 8 (textbook)', 2, 'medium', 90, 'mcq', 'ಬಲ್ಲನು + ಎಂದು', 'Join these two words. What do you get?', '["ಕೈಯನ್ನು", "ಬಲ್ಲನೆಂದು", "ಊರಿಂದ", "ಮನೆಯಲ್ಲಿ"]'::jsonb, 1, 'ಬಲ್ಲನೆಂದು', 'ಬಲ್ಲನು + ಎಂದು → ಬಲ್ಲನೆಂದು  (ಲೋಪಸಂಧಿ)');
insert into questions (code, chapter_id, skill_id, source_exam, marks, difficulty, timer_seconds, type, stem_latex, stem_en, options_latex, correct_option, answer_latex, explain_en) values ('kn-g-sandhi-joinlop03', (select id from chapters where code='kn-g-sandhi'), 105, 'Siri Kannada 8 (textbook)', 2, 'medium', 90, 'mcq', 'ಊರು + ಇಂದ', 'Join these two words. What do you get?', '["ಊರಿಂದ", "ಊರೂರು", "ಕೈಯನ್ನು", "ಹುಲ್ಲುಗಾವಲು"]'::jsonb, 0, 'ಊರಿಂದ', 'ಊರು + ಇಂದ → ಊರಿಂದ  (ಲೋಪಸಂಧಿ)');
insert into questions (code, chapter_id, skill_id, source_exam, marks, difficulty, timer_seconds, type, stem_latex, stem_en, options_latex, correct_option, answer_latex, explain_en) values ('kn-g-sandhi-joinaga01', (select id from chapters where code='kn-g-sandhi'), 105, 'Siri Kannada 8 (textbook)', 2, 'medium', 90, 'mcq', 'ಮನೆ + ಅಲ್ಲಿ', 'Join these two words. What do you get?', '["ಕೈಯನ್ನು", "ಮನೆಯಲ್ಲಿ", "ಊರಿಂದ", "ಹುಲ್ಲುಗಾವಲು"]'::jsonb, 1, 'ಮನೆಯಲ್ಲಿ', 'ಮನೆ + ಅಲ್ಲಿ → ಮನೆಯಲ್ಲಿ  (ಆಗಮಸಂಧಿ)');
insert into questions (code, chapter_id, skill_id, source_exam, marks, difficulty, timer_seconds, type, stem_latex, stem_en, options_latex, correct_option, answer_latex, explain_en) values ('kn-g-sandhi-joinaga02', (select id from chapters where code='kn-g-sandhi'), 105, 'Siri Kannada 8 (textbook)', 2, 'medium', 90, 'mcq', 'ಕೈ + ಅನ್ನು', 'Join these two words. What do you get?', '["ಬಲ್ಲನೆಂದು", "ಊರಿಂದ", "ಗುರುವನ್ನು", "ಕೈಯನ್ನು"]'::jsonb, 3, 'ಕೈಯನ್ನು', 'ಕೈ + ಅನ್ನು → ಕೈಯನ್ನು  (ಆಗಮಸಂಧಿ)');
insert into questions (code, chapter_id, skill_id, source_exam, marks, difficulty, timer_seconds, type, stem_latex, stem_en, options_latex, correct_option, answer_latex, explain_en) values ('kn-g-sandhi-joinaga03', (select id from chapters where code='kn-g-sandhi'), 105, 'Siri Kannada 8 (textbook)', 2, 'medium', 90, 'mcq', 'ಚಳಿ + ಇಂದ', 'Join these two words. What do you get?', '["ಮನೆಯಲ್ಲಿ", "ಚಳಿಯಿಂದ", "ಬಲ್ಲನೆಂದು", "ಊರೂರು"]'::jsonb, 1, 'ಚಳಿಯಿಂದ', 'ಚಳಿ + ಇಂದ → ಚಳಿಯಿಂದ  (ಆಗಮಸಂಧಿ)');
insert into questions (code, chapter_id, skill_id, source_exam, marks, difficulty, timer_seconds, type, stem_latex, stem_en, options_latex, correct_option, answer_latex, explain_en) values ('kn-g-sandhi-joinaga04', (select id from chapters where code='kn-g-sandhi'), 105, 'Siri Kannada 8 (textbook)', 2, 'medium', 90, 'mcq', 'ಗುರು + ಅನ್ನು', 'Join these two words. What do you get?', '["ಊರೂರು", "ಗುರುವನ್ನು", "ಕೆನೆವಾಲ್", "ಪುಸ್ತಕವನ್ನು"]'::jsonb, 1, 'ಗುರುವನ್ನು', 'ಗುರು + ಅನ್ನು → ಗುರುವನ್ನು  (ಆಗಮಸಂಧಿ)');
insert into questions (code, chapter_id, skill_id, source_exam, marks, difficulty, timer_seconds, type, stem_latex, stem_en, options_latex, correct_option, answer_latex, explain_en) values ('kn-g-sandhi-joinaga05', (select id from chapters where code='kn-g-sandhi'), 105, 'Siri Kannada 8 (textbook)', 2, 'medium', 90, 'mcq', 'ಪುಸ್ತಕ + ಅನ್ನು', 'Join these two words. What do you get?', '["ಬಲ್ಲನೆಂದು", "ಕೈಯನ್ನು", "ಗುರುವನ್ನು", "ಪುಸ್ತಕವನ್ನು"]'::jsonb, 3, 'ಪುಸ್ತಕವನ್ನು', 'ಪುಸ್ತಕ + ಅನ್ನು → ಪುಸ್ತಕವನ್ನು  (ಆಗಮಸಂಧಿ)');
insert into questions (code, chapter_id, skill_id, source_exam, marks, difficulty, timer_seconds, type, stem_latex, stem_en, options_latex, correct_option, answer_latex, explain_en) values ('kn-g-sandhi-joinade01', (select id from chapters where code='kn-g-sandhi'), 105, 'Siri Kannada 8 (textbook)', 2, 'medium', 90, 'mcq', 'ಮಳೆ + ಕಾಲ', 'Join these two words. What do you get?', '["ಚಳಿಯಿಂದ", "ಕೆನೆವಾಲ್", "ಮಳೆಗಾಲ", "ಬಲ್ಲನೆಂದು"]'::jsonb, 2, 'ಮಳೆಗಾಲ', 'ಮಳೆ + ಕಾಲ → ಮಳೆಗಾಲ  (ಆದೇಶಸಂಧಿ)');
insert into questions (code, chapter_id, skill_id, source_exam, marks, difficulty, timer_seconds, type, stem_latex, stem_en, options_latex, correct_option, answer_latex, explain_en) values ('kn-g-sandhi-joinade02', (select id from chapters where code='kn-g-sandhi'), 105, 'Siri Kannada 8 (textbook)', 2, 'medium', 90, 'mcq', 'ಹುಲ್ಲು + ಕಾವಲು', 'Join these two words. What do you get?', '["ಗುರುವನ್ನು", "ಹುಲ್ಲುಗಾವಲು", "ಮಳೆಗಾಲ", "ಮೈದೊಳೆ"]'::jsonb, 1, 'ಹುಲ್ಲುಗಾವಲು', 'ಹುಲ್ಲು + ಕಾವಲು → ಹುಲ್ಲುಗಾವಲು  (ಆದೇಶಸಂಧಿ)');
insert into questions (code, chapter_id, skill_id, source_exam, marks, difficulty, timer_seconds, type, stem_latex, stem_en, options_latex, correct_option, answer_latex, explain_en) values ('kn-g-sandhi-joinade03', (select id from chapters where code='kn-g-sandhi'), 105, 'Siri Kannada 8 (textbook)', 2, 'medium', 90, 'mcq', 'ಮೈ + ತೊಳೆ', 'Join these two words. What do you get?', '["ಕೈಯನ್ನು", "ಮಳೆಗಾಲ", "ಮೈದೊಳೆ", "ಪುಸ್ತಕವನ್ನು"]'::jsonb, 2, 'ಮೈದೊಳೆ', 'ಮೈ + ತೊಳೆ → ಮೈದೊಳೆ  (ಆದೇಶಸಂಧಿ)');
insert into questions (code, chapter_id, skill_id, source_exam, marks, difficulty, timer_seconds, type, stem_latex, stem_en, options_latex, correct_option, answer_latex, explain_en) values ('kn-g-sandhi-joinade04', (select id from chapters where code='kn-g-sandhi'), 105, 'Siri Kannada 8 (textbook)', 2, 'medium', 90, 'mcq', 'ಕೆನೆ + ಪಾಲ್', 'Join these two words. What do you get?', '["ಗುರುವನ್ನು", "ಪುಸ್ತಕವನ್ನು", "ಕೈಯನ್ನು", "ಕೆನೆವಾಲ್"]'::jsonb, 3, 'ಕೆನೆವಾಲ್', 'ಕೆನೆ + ಪಾಲ್ → ಕೆನೆವಾಲ್  (ಆದೇಶಸಂಧಿ)');
insert into questions (code, chapter_id, skill_id, source_exam, marks, difficulty, timer_seconds, type, stem_latex, stem_en, options_latex, correct_option, answer_latex, explain_en) values ('kn-g-samasa-tatp01', (select id from chapters where code='kn-g-samasa'), 106, 'Siri Kannada 8 (textbook)', 1, 'easy', 45, 'mcq', 'ವಯಸ್ಸಿನಿಂದ + ವೃದ್ಧ  →  ವಯೋವೃದ್ಧ', 'Which type is this?', '["ತತ್ಪುರುಷ ಸಮಾಸ", "ದ್ವಿಗು ಸಮಾಸ", "ಕರ್ಮಧಾರಯ ಸಮಾಸ"]'::jsonb, 0, 'ತತ್ಪುರುಷ ಸಮಾಸ', 'ವಯಸ್ಸಿನಿಂದ + ವೃದ್ಧ → ವಯೋವೃದ್ಧ is ತತ್ಪುರುಷ ಸಮಾಸ (Tatpurusha - the SECOND word carries the meaning).');
insert into questions (code, chapter_id, skill_id, source_exam, marks, difficulty, timer_seconds, type, stem_latex, stem_en, options_latex, correct_option, answer_latex, explain_en) values ('kn-g-samasa-tatp02', (select id from chapters where code='kn-g-samasa'), 106, 'Siri Kannada 8 (textbook)', 1, 'easy', 45, 'mcq', 'ಹಗಲಿನಲ್ಲಿ + ಕನಸು  →  ಹಗಲುಗನಸು', 'Which type is this?', '["ದ್ವಿಗು ಸಮಾಸ", "ತತ್ಪುರುಷ ಸಮಾಸ", "ಕರ್ಮಧಾರಯ ಸಮಾಸ"]'::jsonb, 1, 'ತತ್ಪುರುಷ ಸಮಾಸ', 'ಹಗಲಿನಲ್ಲಿ + ಕನಸು → ಹಗಲುಗನಸು is ತತ್ಪುರುಷ ಸಮಾಸ (Tatpurusha - the SECOND word carries the meaning).');
insert into questions (code, chapter_id, skill_id, source_exam, marks, difficulty, timer_seconds, type, stem_latex, stem_en, options_latex, correct_option, answer_latex, explain_en) values ('kn-g-samasa-karm01', (select id from chapters where code='kn-g-samasa'), 106, 'Siri Kannada 8 (textbook)', 1, 'easy', 45, 'mcq', 'ಹಿರಿದು + ಮರ  →  ಹೆಮ್ಮರ', 'Which type is this?', '["ತತ್ಪುರುಷ ಸಮಾಸ", "ಕರ್ಮಧಾರಯ ಸಮಾಸ", "ದ್ವಿಗು ಸಮಾಸ"]'::jsonb, 1, 'ಕರ್ಮಧಾರಯ ಸಮಾಸ', 'ಹಿರಿದು + ಮರ → ಹೆಮ್ಮರ is ಕರ್ಮಧಾರಯ ಸಮಾಸ (Karmadharaya - the FIRST word describes the second).');
insert into questions (code, chapter_id, skill_id, source_exam, marks, difficulty, timer_seconds, type, stem_latex, stem_en, options_latex, correct_option, answer_latex, explain_en) values ('kn-g-samasa-karm02', (select id from chapters where code='kn-g-samasa'), 106, 'Siri Kannada 8 (textbook)', 1, 'easy', 45, 'mcq', 'ಮೆಲ್ಲಿತು + ನುಡಿ  →  ಮೆಲ್ನುಡಿ', 'Which type is this?', '["ದ್ವಿಗು ಸಮಾಸ", "ಕರ್ಮಧಾರಯ ಸಮಾಸ", "ತತ್ಪುರುಷ ಸಮಾಸ"]'::jsonb, 1, 'ಕರ್ಮಧಾರಯ ಸಮಾಸ', 'ಮೆಲ್ಲಿತು + ನುಡಿ → ಮೆಲ್ನುಡಿ is ಕರ್ಮಧಾರಯ ಸಮಾಸ (Karmadharaya - the FIRST word describes the second).');
insert into questions (code, chapter_id, skill_id, source_exam, marks, difficulty, timer_seconds, type, stem_latex, stem_en, options_latex, correct_option, answer_latex, explain_en) values ('kn-g-samasa-karm03', (select id from chapters where code='kn-g-samasa'), 106, 'Siri Kannada 8 (textbook)', 1, 'easy', 45, 'mcq', 'ದಿವ್ಯವಾದ + ಪ್ರಕಾಶ  →  ದಿವ್ಯಪ್ರಕಾಶ', 'Which type is this?', '["ಕರ್ಮಧಾರಯ ಸಮಾಸ", "ದ್ವಿಗು ಸಮಾಸ", "ತತ್ಪುರುಷ ಸಮಾಸ"]'::jsonb, 0, 'ಕರ್ಮಧಾರಯ ಸಮಾಸ', 'ದಿವ್ಯವಾದ + ಪ್ರಕಾಶ → ದಿವ್ಯಪ್ರಕಾಶ is ಕರ್ಮಧಾರಯ ಸಮಾಸ (Karmadharaya - the FIRST word describes the second).');
insert into questions (code, chapter_id, skill_id, source_exam, marks, difficulty, timer_seconds, type, stem_latex, stem_en, options_latex, correct_option, answer_latex, explain_en) values ('kn-g-samasa-dvig01', (select id from chapters where code='kn-g-samasa'), 106, 'Siri Kannada 8 (textbook)', 1, 'easy', 45, 'mcq', 'ಮೂರು + ಮಡಿ  →  ಮುಮ್ಮಡಿ', 'Which type is this?', '["ತತ್ಪುರುಷ ಸಮಾಸ", "ದ್ವಿಗು ಸಮಾಸ", "ಕರ್ಮಧಾರಯ ಸಮಾಸ"]'::jsonb, 1, 'ದ್ವಿಗು ಸಮಾಸ', 'ಮೂರು + ಮಡಿ → ಮುಮ್ಮಡಿ is ದ್ವಿಗು ಸಮಾಸ (Dvigu - the FIRST word is a NUMBER).');
insert into questions (code, chapter_id, skill_id, source_exam, marks, difficulty, timer_seconds, type, stem_latex, stem_en, options_latex, correct_option, answer_latex, explain_en) values ('kn-g-samasa-dvig02', (select id from chapters where code='kn-g-samasa'), 106, 'Siri Kannada 8 (textbook)', 1, 'easy', 45, 'mcq', 'ನಾಲ್ಕು + ದೆಸೆ  →  ನಾಲ್ದೆಸೆ', 'Which type is this?', '["ತತ್ಪುರುಷ ಸಮಾಸ", "ಕರ್ಮಧಾರಯ ಸಮಾಸ", "ದ್ವಿಗು ಸಮಾಸ"]'::jsonb, 2, 'ದ್ವಿಗು ಸಮಾಸ', 'ನಾಲ್ಕು + ದೆಸೆ → ನಾಲ್ದೆಸೆ is ದ್ವಿಗು ಸಮಾಸ (Dvigu - the FIRST word is a NUMBER).');
insert into questions (code, chapter_id, skill_id, source_exam, marks, difficulty, timer_seconds, type, stem_latex, stem_en, options_latex, correct_option, answer_latex, explain_en) values ('kn-g-samasa-dvig03', (select id from chapters where code='kn-g-samasa'), 106, 'Siri Kannada 8 (textbook)', 1, 'easy', 45, 'mcq', 'ಪಂಚಗಳಾದ + ಇಂದ್ರಿಯ  →  ಪಂಚೇಂದ್ರಿಯ', 'Which type is this?', '["ಕರ್ಮಧಾರಯ ಸಮಾಸ", "ದ್ವಿಗು ಸಮಾಸ", "ತತ್ಪುರುಷ ಸಮಾಸ"]'::jsonb, 1, 'ದ್ವಿಗು ಸಮಾಸ', 'ಪಂಚಗಳಾದ + ಇಂದ್ರಿಯ → ಪಂಚೇಂದ್ರಿಯ is ದ್ವಿಗು ಸಮಾಸ (Dvigu - the FIRST word is a NUMBER).');
insert into questions (code, chapter_id, skill_id, source_exam, marks, difficulty, timer_seconds, type, stem_latex, stem_en, options_latex, correct_option, answer_latex, explain_en) values ('kn-g-samasa-jointat01', (select id from chapters where code='kn-g-samasa'), 106, 'Siri Kannada 8 (textbook)', 2, 'medium', 90, 'mcq', 'ವಯಸ್ಸಿನಿಂದ + ವೃದ್ಧ', 'Join these two words. What do you get?', '["ದಿವ್ಯಪ್ರಕಾಶ", "ವಯೋವೃದ್ಧ", "ಮುಮ್ಮಡಿ", "ಹಗಲುಗನಸು"]'::jsonb, 1, 'ವಯೋವೃದ್ಧ', 'ವಯಸ್ಸಿನಿಂದ + ವೃದ್ಧ → ವಯೋವೃದ್ಧ  (ತತ್ಪುರುಷ ಸಮಾಸ)');
insert into questions (code, chapter_id, skill_id, source_exam, marks, difficulty, timer_seconds, type, stem_latex, stem_en, options_latex, correct_option, answer_latex, explain_en) values ('kn-g-samasa-jointat02', (select id from chapters where code='kn-g-samasa'), 106, 'Siri Kannada 8 (textbook)', 2, 'medium', 90, 'mcq', 'ಹಗಲಿನಲ್ಲಿ + ಕನಸು', 'Join these two words. What do you get?', '["ಮೆಲ್ನುಡಿ", "ಪಂಚೇಂದ್ರಿಯ", "ಹಗಲುಗನಸು", "ಮುಮ್ಮಡಿ"]'::jsonb, 2, 'ಹಗಲುಗನಸು', 'ಹಗಲಿನಲ್ಲಿ + ಕನಸು → ಹಗಲುಗನಸು  (ತತ್ಪುರುಷ ಸಮಾಸ)');
insert into questions (code, chapter_id, skill_id, source_exam, marks, difficulty, timer_seconds, type, stem_latex, stem_en, options_latex, correct_option, answer_latex, explain_en) values ('kn-g-samasa-joinkar01', (select id from chapters where code='kn-g-samasa'), 106, 'Siri Kannada 8 (textbook)', 2, 'medium', 90, 'mcq', 'ಹಿರಿದು + ಮರ', 'Join these two words. What do you get?', '["ಹೆಮ್ಮರ", "ಹಗಲುಗನಸು", "ವಯೋವೃದ್ಧ", "ಮೆಲ್ನುಡಿ"]'::jsonb, 0, 'ಹೆಮ್ಮರ', 'ಹಿರಿದು + ಮರ → ಹೆಮ್ಮರ  (ಕರ್ಮಧಾರಯ ಸಮಾಸ)');
insert into questions (code, chapter_id, skill_id, source_exam, marks, difficulty, timer_seconds, type, stem_latex, stem_en, options_latex, correct_option, answer_latex, explain_en) values ('kn-g-samasa-joinkar02', (select id from chapters where code='kn-g-samasa'), 106, 'Siri Kannada 8 (textbook)', 2, 'medium', 90, 'mcq', 'ಮೆಲ್ಲಿತು + ನುಡಿ', 'Join these two words. What do you get?', '["ಹೆಮ್ಮರ", "ದಿವ್ಯಪ್ರಕಾಶ", "ಮೆಲ್ನುಡಿ", "ವಯೋವೃದ್ಧ"]'::jsonb, 2, 'ಮೆಲ್ನುಡಿ', 'ಮೆಲ್ಲಿತು + ನುಡಿ → ಮೆಲ್ನುಡಿ  (ಕರ್ಮಧಾರಯ ಸಮಾಸ)');
insert into questions (code, chapter_id, skill_id, source_exam, marks, difficulty, timer_seconds, type, stem_latex, stem_en, options_latex, correct_option, answer_latex, explain_en) values ('kn-g-samasa-joinkar03', (select id from chapters where code='kn-g-samasa'), 106, 'Siri Kannada 8 (textbook)', 2, 'medium', 90, 'mcq', 'ದಿವ್ಯವಾದ + ಪ್ರಕಾಶ', 'Join these two words. What do you get?', '["ಮೆಲ್ನುಡಿ", "ಮುಮ್ಮಡಿ", "ನಾಲ್ದೆಸೆ", "ದಿವ್ಯಪ್ರಕಾಶ"]'::jsonb, 3, 'ದಿವ್ಯಪ್ರಕಾಶ', 'ದಿವ್ಯವಾದ + ಪ್ರಕಾಶ → ದಿವ್ಯಪ್ರಕಾಶ  (ಕರ್ಮಧಾರಯ ಸಮಾಸ)');
insert into questions (code, chapter_id, skill_id, source_exam, marks, difficulty, timer_seconds, type, stem_latex, stem_en, options_latex, correct_option, answer_latex, explain_en) values ('kn-g-samasa-joindvi01', (select id from chapters where code='kn-g-samasa'), 106, 'Siri Kannada 8 (textbook)', 2, 'medium', 90, 'mcq', 'ಮೂರು + ಮಡಿ', 'Join these two words. What do you get?', '["ಮುಮ್ಮಡಿ", "ಹೆಮ್ಮರ", "ಹಗಲುಗನಸು", "ದಿವ್ಯಪ್ರಕಾಶ"]'::jsonb, 0, 'ಮುಮ್ಮಡಿ', 'ಮೂರು + ಮಡಿ → ಮುಮ್ಮಡಿ  (ದ್ವಿಗು ಸಮಾಸ)');
insert into questions (code, chapter_id, skill_id, source_exam, marks, difficulty, timer_seconds, type, stem_latex, stem_en, options_latex, correct_option, answer_latex, explain_en) values ('kn-g-samasa-joindvi02', (select id from chapters where code='kn-g-samasa'), 106, 'Siri Kannada 8 (textbook)', 2, 'medium', 90, 'mcq', 'ನಾಲ್ಕು + ದೆಸೆ', 'Join these two words. What do you get?', '["ನಾಲ್ದೆಸೆ", "ಮುಮ್ಮಡಿ", "ಮೆಲ್ನುಡಿ", "ಹಗಲುಗನಸು"]'::jsonb, 0, 'ನಾಲ್ದೆಸೆ', 'ನಾಲ್ಕು + ದೆಸೆ → ನಾಲ್ದೆಸೆ  (ದ್ವಿಗು ಸಮಾಸ)');
insert into questions (code, chapter_id, skill_id, source_exam, marks, difficulty, timer_seconds, type, stem_latex, stem_en, options_latex, correct_option, answer_latex, explain_en) values ('kn-g-samasa-joindvi03', (select id from chapters where code='kn-g-samasa'), 106, 'Siri Kannada 8 (textbook)', 2, 'medium', 90, 'mcq', 'ಪಂಚಗಳಾದ + ಇಂದ್ರಿಯ', 'Join these two words. What do you get?', '["ಹಗಲುಗನಸು", "ಪಂಚೇಂದ್ರಿಯ", "ದಿವ್ಯಪ್ರಕಾಶ", "ಮೆಲ್ನುಡಿ"]'::jsonb, 1, 'ಪಂಚೇಂದ್ರಿಯ', 'ಪಂಚಗಳಾದ + ಇಂದ್ರಿಯ → ಪಂಚೇಂದ್ರಿಯ  (ದ್ವಿಗು ಸಮಾಸ)');
insert into questions (code, chapter_id, skill_id, source_exam, marks, difficulty, timer_seconds, type, stem_latex, stem_en, options_latex, correct_option, answer_latex, explain_en) values ('kn-g-tatsama-tats01', (select id from chapters where code='kn-g-tatsama'), 107, 'Siri Kannada 8 (textbook)', 1, 'easy', 45, 'mcq', 'ರಾಮ', 'Which type of word is this?', '["ತತ್ಸಮ", "ತದ್ಭವ", "ಅನ್ಯದೇಶ್ಯ"]'::jsonb, 0, 'ತತ್ಸಮ', 'ರಾಮ is ತತ್ಸಮ — Tatsama - came in UNCHANGED.');
insert into questions (code, chapter_id, skill_id, source_exam, marks, difficulty, timer_seconds, type, stem_latex, stem_en, options_latex, correct_option, answer_latex, explain_en) values ('kn-g-tatsama-tats02', (select id from chapters where code='kn-g-tatsama'), 107, 'Siri Kannada 8 (textbook)', 1, 'easy', 45, 'mcq', 'ಭೀಮ', 'Which type of word is this?', '["ಅನ್ಯದೇಶ್ಯ", "ತತ್ಸಮ", "ತದ್ಭವ"]'::jsonb, 1, 'ತತ್ಸಮ', 'ಭೀಮ is ತತ್ಸಮ — Tatsama - came in UNCHANGED.');
insert into questions (code, chapter_id, skill_id, source_exam, marks, difficulty, timer_seconds, type, stem_latex, stem_en, options_latex, correct_option, answer_latex, explain_en) values ('kn-g-tatsama-tats03', (select id from chapters where code='kn-g-tatsama'), 107, 'Siri Kannada 8 (textbook)', 1, 'easy', 45, 'mcq', 'ವಸಂತ', 'Which type of word is this?', '["ತತ್ಸಮ", "ತದ್ಭವ", "ಅನ್ಯದೇಶ್ಯ"]'::jsonb, 0, 'ತತ್ಸಮ', 'ವಸಂತ is ತತ್ಸಮ — Tatsama - came in UNCHANGED.');
insert into questions (code, chapter_id, skill_id, source_exam, marks, difficulty, timer_seconds, type, stem_latex, stem_en, options_latex, correct_option, answer_latex, explain_en) values ('kn-g-tatsama-tats04', (select id from chapters where code='kn-g-tatsama'), 107, 'Siri Kannada 8 (textbook)', 1, 'easy', 45, 'mcq', 'ಚಂದ್ರ', 'Which type of word is this?', '["ಅನ್ಯದೇಶ್ಯ", "ತತ್ಸಮ", "ತದ್ಭವ"]'::jsonb, 1, 'ತತ್ಸಮ', 'ಚಂದ್ರ is ತತ್ಸಮ — Tatsama - came in UNCHANGED.');
insert into questions (code, chapter_id, skill_id, source_exam, marks, difficulty, timer_seconds, type, stem_latex, stem_en, options_latex, correct_option, answer_latex, explain_en) values ('kn-g-tatsama-tats05', (select id from chapters where code='kn-g-tatsama'), 107, 'Siri Kannada 8 (textbook)', 1, 'easy', 45, 'mcq', 'ಸ್ತ್ರೀ', 'Which type of word is this?', '["ತತ್ಸಮ", "ತದ್ಭವ", "ಅನ್ಯದೇಶ್ಯ"]'::jsonb, 0, 'ತತ್ಸಮ', 'ಸ್ತ್ರೀ is ತತ್ಸಮ — Tatsama - came in UNCHANGED.');
insert into questions (code, chapter_id, skill_id, source_exam, marks, difficulty, timer_seconds, type, stem_latex, stem_en, options_latex, correct_option, answer_latex, explain_en) values ('kn-g-tatsama-tadb01', (select id from chapters where code='kn-g-tatsama'), 107, 'Siri Kannada 8 (textbook)', 1, 'easy', 45, 'mcq', 'ಸಿರಿ', 'Which type of word is this?', '["ತದ್ಭವ", "ತತ್ಸಮ", "ಅನ್ಯದೇಶ್ಯ"]'::jsonb, 0, 'ತದ್ಭವ', 'ಸಿರಿ is ತದ್ಭವ — Tadbhava - CHANGED on the way in.');
insert into questions (code, chapter_id, skill_id, source_exam, marks, difficulty, timer_seconds, type, stem_latex, stem_en, options_latex, correct_option, answer_latex, explain_en) values ('kn-g-tatsama-tadb02', (select id from chapters where code='kn-g-tatsama'), 107, 'Siri Kannada 8 (textbook)', 1, 'easy', 45, 'mcq', 'ಬಾವಿ', 'Which type of word is this?', '["ಅನ್ಯದೇಶ್ಯ", "ತತ್ಸಮ", "ತದ್ಭವ"]'::jsonb, 2, 'ತದ್ಭವ', 'ಬಾವಿ is ತದ್ಭವ — Tadbhava - CHANGED on the way in.');
insert into questions (code, chapter_id, skill_id, source_exam, marks, difficulty, timer_seconds, type, stem_latex, stem_en, options_latex, correct_option, answer_latex, explain_en) values ('kn-g-tatsama-tadb03', (select id from chapters where code='kn-g-tatsama'), 107, 'Siri Kannada 8 (textbook)', 1, 'easy', 45, 'mcq', 'ದನಿ', 'Which type of word is this?', '["ತತ್ಸಮ", "ತದ್ಭವ", "ಅನ್ಯದೇಶ್ಯ"]'::jsonb, 1, 'ತದ್ಭವ', 'ದನಿ is ತದ್ಭವ — Tadbhava - CHANGED on the way in.');
insert into questions (code, chapter_id, skill_id, source_exam, marks, difficulty, timer_seconds, type, stem_latex, stem_en, options_latex, correct_option, answer_latex, explain_en) values ('kn-g-tatsama-tadb04', (select id from chapters where code='kn-g-tatsama'), 107, 'Siri Kannada 8 (textbook)', 1, 'easy', 45, 'mcq', 'ಬಸದಿ', 'Which type of word is this?', '["ತತ್ಸಮ", "ತದ್ಭವ", "ಅನ್ಯದೇಶ್ಯ"]'::jsonb, 1, 'ತದ್ಭವ', 'ಬಸದಿ is ತದ್ಭವ — Tadbhava - CHANGED on the way in.');
insert into questions (code, chapter_id, skill_id, source_exam, marks, difficulty, timer_seconds, type, stem_latex, stem_en, options_latex, correct_option, answer_latex, explain_en) values ('kn-g-tatsama-tadb05', (select id from chapters where code='kn-g-tatsama'), 107, 'Siri Kannada 8 (textbook)', 1, 'easy', 45, 'mcq', 'ಬೇಸಗೆ', 'Which type of word is this?', '["ಅನ್ಯದೇಶ್ಯ", "ತತ್ಸಮ", "ತದ್ಭವ"]'::jsonb, 2, 'ತದ್ಭವ', 'ಬೇಸಗೆ is ತದ್ಭವ — Tadbhava - CHANGED on the way in.');
insert into questions (code, chapter_id, skill_id, source_exam, marks, difficulty, timer_seconds, type, stem_latex, stem_en, options_latex, correct_option, answer_latex, explain_en) values ('kn-g-tatsama-tadb06', (select id from chapters where code='kn-g-tatsama'), 107, 'Siri Kannada 8 (textbook)', 1, 'easy', 45, 'mcq', 'ಕೊಡಲಿ', 'Which type of word is this?', '["ಅನ್ಯದೇಶ್ಯ", "ತತ್ಸಮ", "ತದ್ಭವ"]'::jsonb, 2, 'ತದ್ಭವ', 'ಕೊಡಲಿ is ತದ್ಭವ — Tadbhava - CHANGED on the way in.');
insert into questions (code, chapter_id, skill_id, source_exam, marks, difficulty, timer_seconds, type, stem_latex, stem_en, options_latex, correct_option, answer_latex, explain_en) values ('kn-g-tatsama-tadb07', (select id from chapters where code='kn-g-tatsama'), 107, 'Siri Kannada 8 (textbook)', 1, 'easy', 45, 'mcq', 'ಬಸವ', 'Which type of word is this?', '["ತತ್ಸಮ", "ತದ್ಭವ", "ಅನ್ಯದೇಶ್ಯ"]'::jsonb, 1, 'ತದ್ಭವ', 'ಬಸವ is ತದ್ಭವ — Tadbhava - CHANGED on the way in.');
insert into questions (code, chapter_id, skill_id, source_exam, marks, difficulty, timer_seconds, type, stem_latex, stem_en, options_latex, correct_option, answer_latex, explain_en) values ('kn-g-tatsama-anya01', (select id from chapters where code='kn-g-tatsama'), 107, 'Siri Kannada 8 (textbook)', 1, 'easy', 45, 'mcq', 'ಅರ್ಜಿ', 'Which type of word is this?', '["ತದ್ಭವ", "ತತ್ಸಮ", "ಅನ್ಯದೇಶ್ಯ"]'::jsonb, 2, 'ಅನ್ಯದೇಶ್ಯ', 'ಅರ್ಜಿ is ಅನ್ಯದೇಶ್ಯ — Anyadeshya - borrowed from ANOTHER language.');
insert into questions (code, chapter_id, skill_id, source_exam, marks, difficulty, timer_seconds, type, stem_latex, stem_en, options_latex, correct_option, answer_latex, explain_en) values ('kn-g-tatsama-anya02', (select id from chapters where code='kn-g-tatsama'), 107, 'Siri Kannada 8 (textbook)', 1, 'easy', 45, 'mcq', 'ಕಚೇರಿ', 'Which type of word is this?', '["ತದ್ಭವ", "ಅನ್ಯದೇಶ್ಯ", "ತತ್ಸಮ"]'::jsonb, 1, 'ಅನ್ಯದೇಶ್ಯ', 'ಕಚೇರಿ is ಅನ್ಯದೇಶ್ಯ — Anyadeshya - borrowed from ANOTHER language.');
insert into questions (code, chapter_id, skill_id, source_exam, marks, difficulty, timer_seconds, type, stem_latex, stem_en, options_latex, correct_option, answer_latex, explain_en) values ('kn-g-tatsama-anya03', (select id from chapters where code='kn-g-tatsama'), 107, 'Siri Kannada 8 (textbook)', 1, 'easy', 45, 'mcq', 'ಕಾರ್ಖಾನೆ', 'Which type of word is this?', '["ತದ್ಭವ", "ಅನ್ಯದೇಶ್ಯ", "ತತ್ಸಮ"]'::jsonb, 1, 'ಅನ್ಯದೇಶ್ಯ', 'ಕಾರ್ಖಾನೆ is ಅನ್ಯದೇಶ್ಯ — Anyadeshya - borrowed from ANOTHER language.');
insert into questions (code, chapter_id, skill_id, source_exam, marks, difficulty, timer_seconds, type, stem_latex, stem_en, options_latex, correct_option, answer_latex, explain_en) values ('kn-g-tatsama-anya04', (select id from chapters where code='kn-g-tatsama'), 107, 'Siri Kannada 8 (textbook)', 1, 'easy', 45, 'mcq', 'ಕೋರ್ಟು', 'Which type of word is this?', '["ಅನ್ಯದೇಶ್ಯ", "ತತ್ಸಮ", "ತದ್ಭವ"]'::jsonb, 0, 'ಅನ್ಯದೇಶ್ಯ', 'ಕೋರ್ಟು is ಅನ್ಯದೇಶ್ಯ — Anyadeshya - borrowed from ANOTHER language.');
insert into questions (code, chapter_id, skill_id, source_exam, marks, difficulty, timer_seconds, type, stem_latex, stem_en, options_latex, correct_option, answer_latex, explain_en) values ('kn-g-tatsama-anya05', (select id from chapters where code='kn-g-tatsama'), 107, 'Siri Kannada 8 (textbook)', 1, 'easy', 45, 'mcq', 'ಬ್ಯಾಂಕು', 'Which type of word is this?', '["ತದ್ಭವ", "ತತ್ಸಮ", "ಅನ್ಯದೇಶ್ಯ"]'::jsonb, 2, 'ಅನ್ಯದೇಶ್ಯ', 'ಬ್ಯಾಂಕು is ಅನ್ಯದೇಶ್ಯ — Anyadeshya - borrowed from ANOTHER language.');
insert into questions (code, chapter_id, skill_id, source_exam, marks, difficulty, timer_seconds, type, stem_latex, stem_en, options_latex, correct_option, answer_latex, explain_en) values ('kn-g-tatsama-anya06', (select id from chapters where code='kn-g-tatsama'), 107, 'Siri Kannada 8 (textbook)', 1, 'easy', 45, 'mcq', 'ಹೋಟೆಲು', 'Which type of word is this?', '["ತದ್ಭವ", "ತತ್ಸಮ", "ಅನ್ಯದೇಶ್ಯ"]'::jsonb, 2, 'ಅನ್ಯದೇಶ್ಯ', 'ಹೋಟೆಲು is ಅನ್ಯದೇಶ್ಯ — Anyadeshya - borrowed from ANOTHER language.');
insert into questions (code, chapter_id, skill_id, source_exam, marks, difficulty, timer_seconds, type, stem_latex, stem_en, options_latex, correct_option, answer_latex, explain_en) values ('kn-g-tatsama-anya07', (select id from chapters where code='kn-g-tatsama'), 107, 'Siri Kannada 8 (textbook)', 1, 'easy', 45, 'mcq', 'ಅಲಮಾರು', 'Which type of word is this?', '["ತದ್ಭವ", "ತತ್ಸಮ", "ಅನ್ಯದೇಶ್ಯ"]'::jsonb, 2, 'ಅನ್ಯದೇಶ್ಯ', 'ಅಲಮಾರು is ಅನ್ಯದೇಶ್ಯ — Anyadeshya - borrowed from ANOTHER language.');
insert into questions (code, chapter_id, skill_id, source_exam, marks, difficulty, timer_seconds, type, stem_latex, stem_en, options_latex, correct_option, answer_latex, explain_en) values ('kn-g-tatsama-anya08', (select id from chapters where code='kn-g-tatsama'), 107, 'Siri Kannada 8 (textbook)', 1, 'easy', 45, 'mcq', 'ಸಾಬೂನು', 'Which type of word is this?', '["ಅನ್ಯದೇಶ್ಯ", "ತದ್ಭವ", "ತತ್ಸಮ"]'::jsonb, 0, 'ಅನ್ಯದೇಶ್ಯ', 'ಸಾಬೂನು is ಅನ್ಯದೇಶ್ಯ — Anyadeshya - borrowed from ANOTHER language.');
insert into questions (code, chapter_id, skill_id, source_exam, marks, difficulty, timer_seconds, type, stem_latex, stem_en, options_latex, correct_option, answer_latex, explain_en) values ('kn-g-tatsama-anya09', (select id from chapters where code='kn-g-tatsama'), 107, 'Siri Kannada 8 (textbook)', 1, 'easy', 45, 'mcq', 'ಮೇಜು', 'Which type of word is this?', '["ಅನ್ಯದೇಶ್ಯ", "ತದ್ಭವ", "ತತ್ಸಮ"]'::jsonb, 0, 'ಅನ್ಯದೇಶ್ಯ', 'ಮೇಜು is ಅನ್ಯದೇಶ್ಯ — Anyadeshya - borrowed from ANOTHER language.');
insert into questions (code, chapter_id, skill_id, source_exam, marks, difficulty, timer_seconds, type, stem_latex, stem_en, options_latex, correct_option, answer_latex, explain_en) values ('kn-l1-ws2', (select id from chapters where code='kn-l1'), 108, 'Siri Kannada 8 (textbook)', 1, 'easy', 45, 'mcq', 'ಮುಸ್ಲೀಮರು ಆಚರಿಸುವ ಧಾರ್ಮಿಕ ಉತ್ಸವ.', 'From the school''s practice worksheet:', '["ಮೊಹರಂ", "ಉರ್ಸ್‌", "ಬಕ್ರೀದ್‌", "ರಂಜಾನ್‌"]'::jsonb, 1, 'ಉರ್ಸ್‌', 'The evidence states ''ಉರ್ಸ್‌'' as a Muslim religious festival.  ▸ ಅಲ್ಲಿ "ಉರ್ಸ್‌'' ಎಂಬ ಮುಸಲ್ಮಾನರ ಧಾರ್ಮಿಕ ಉತ್ಸವದ ಕಾಲದಲ್ಲಿ ಲೇಖಕರ ಮನೆತನದ ಒಬ್ಬ ಪ್ರತಿನಿಧಿ ಇದ್ದೇ ಇರಬೇಕೆಂಬ ಸಂಪ್ರದಾಯವಿತ್ತು');
insert into questions (code, chapter_id, skill_id, source_exam, marks, difficulty, timer_seconds, type, stem_latex, stem_en, options_latex, correct_option, answer_latex, explain_en) values ('kn-l1-ws3', (select id from chapters where code='kn-l1'), 108, 'Siri Kannada 8 (textbook)', 1, 'easy', 45, 'mcq', 'ಜೀವನದಲ್ಲಿ ಆಚರಿಸುವ ಸಂಪ್ರದಾಯಗಳು ಹೀಗೆ ಬಳುವಳಿಯಾಗಿ ಬಂದಿವೆ.,', 'From the school''s practice worksheet:', '["ಪುಸ್ತಕದಿಂದ", "ಓದುವುದರಿಂದ", "ತಲತಲಾಂತರದಿಂದ", "ಆಚರಿಸುವುದರಿಂದ"]'::jsonb, 2, 'ತಲತಲಾಂತರದಿಂದ', 'The evidence mentions ''ತಲತಲಾಂತರದಿಂದ'' as a tradition.  ▸ ನಿಮ್ಮ ಮನೆಯ ಹಬ್ಬದ ಪೂಜೆಯ ಪ್ರಸಾದವನ್ನು ನಾವು ತೆಗೆದುಕೊಳ್ಳುವುದು ತಲತಲಾಂತರದಿಂದ ಬಂದ ಹಳೆಯ ಸಂಪ್ರದಾಯವಾಗಿದೆ.');
insert into questions (code, chapter_id, skill_id, source_exam, marks, difficulty, timer_seconds, type, stem_latex, stem_en, options_latex, correct_option, answer_latex, explain_en) values ('kn-l1-ws4', (select id from chapters where code='kn-l1'), 108, 'Siri Kannada 8 (textbook)', 1, 'easy', 45, 'mcq', '“ "“ಅನಿಷ್ಟ ಮಗ್ಗದ ಹೆಸರೆತ್ತ ಬೇಡಿ'''' -” ಮುಂದುವರೆದ ಭಾಗ.', 'From the school''s practice worksheet:', '["ಮಗ್ಗವಲ್ಲ ಕೊರಳಿಗೆ ಹಗ್ಗ !”", "ಮಗ್ಗವಲ್ಲ ಕೊರಳಿಗೆ ಹಾರ!”", "ಮಗ್ಗವಲ್ಲ ಕೊರಳಿಗೆ ಹಿಗ್ಗು!”", "ಯಾವುದೂ ಅಲ್ಲ"]'::jsonb, 0, 'ಮಗ್ಗವಲ್ಲ ಕೊರಳಿಗೆ ಹಗ್ಗ !”', 'The evidence provides the continuation as ''ಮಗ್ಗವಲ್ಲ ಕೊರಳಿಗೆ ಹಗ್ಗ!''.  ▸ “ಅನಿಷ್ಟ ಮಗ್ಗದ ಹೆಸರೆತ್ತಬೇಡಿ”-“ಮಗ್ಗವಲ್ಲ ಕೊರಳಿಗೆ ಹಗ್ಗ!”');
insert into questions (code, chapter_id, skill_id, source_exam, marks, difficulty, timer_seconds, type, stem_latex, stem_en, options_latex, correct_option, answer_latex, explain_en) values ('kn-l1-ws5', (select id from chapters where code='kn-l1'), 108, 'Siri Kannada 8 (textbook)', 1, 'easy', 45, 'mcq', 'ಮಗ್ಗದ ಸಾಹೇಬ ಪಾಠದ ಲೇಖಕರು.', 'From the school''s practice worksheet:', '["ಬಾಗಲೋಡಿ ದೇವರಾಯ", "ಜಿ.ಎಸ್‌. ಶಿವರುದ್ರಪ್ಪ", "ಕುವೆಂಪು", "ಅನಂತಮೂರ್ತಿ"]'::jsonb, 0, 'ಬಾಗಲೋಡಿ ದೇವರಾಯ', 'The evidence attributes the work to ''ಬಾಗಲೋಡಿ ದೇವರಾಯ''.  ▸ ಈ ವಾಕ್ಯವನ್ನು ಭಾಗಲೋಡಿ ದೇವರಾಯ ಅವರ ಸಮಗ್ರ ಕತೆಗಳು ಎಂಬ ಕಥಾಸಂಕಲನದಿಂದ ಆಯ್ದ “ಮಗ್ಗದ ಸಾಹೇಬ'' ಎಂಬ ಗದ್ಯಭಾಗದಿಂದ ಆರಿಸಲಾಗಿದೆ.');
insert into questions (code, chapter_id, skill_id, source_exam, marks, difficulty, timer_seconds, type, stem_latex, stem_en, options_latex, correct_option, answer_latex, explain_en) values ('kn-l1-ws6', (select id from chapters where code='kn-l1'), 108, 'Siri Kannada 8 (textbook)', 1, 'easy', 45, 'mcq', 'ಹುಸೇನ್‌ ಸಾಹೇಬರು ಇಂತಹ ವ್ಯಕ್ತಿಯಾಗಿದ್ದರು.', 'From the school''s practice worksheet:', '["ಜನಪ್ರಿಯ ಮತ್ತು ಧನವಂತ", "ಜನಪ್ರಿಯ ಮತ್ತುಸಾಧಾರಣ", "ಜನಪ್ರಿಯ ಮತ್ತು ಹಠವಾದಿ", "ಹಠವಾದಿ ಮತ್ತು ಛಲವಾದಿ"]'::jsonb, 0, 'ಜನಪ್ರಿಯ ಮತ್ತು ಧನವಂತ', 'The evidence describes him as ''ಜನಪ್ರಿಯ ಮತ್ತು ಧನವಂತ''.  ▸ ಸಾಹೇಬ್‌ ಬಹಾದ್ದೂರ್‌ ಮಗ್ಗದ ಹುಸೇನ್‌ ಸಾಹೇಬರು ಜನಪ್ರಿಯ ಮತ್ತು ಧನವಂತ ವ್ಯಕ್ತಿಯಾಗಿದ್ದರು.');
insert into questions (code, chapter_id, skill_id, source_exam, marks, difficulty, timer_seconds, type, stem_latex, stem_en, options_latex, correct_option, answer_latex, explain_en) values ('kn-l1-ws7', (select id from chapters where code='kn-l1'), 108, 'Siri Kannada 8 (textbook)', 1, 'easy', 45, 'mcq', 'ಮಗ್ಗದ ಸಾಹೇಬ ಗದ್ಯದ ಕಥಾವಸ್ತು.', 'From the school''s practice worksheet:', '["ಕಥೆಯನ್ನು ಹೇಳುವುದು", "ಸ್ವಯಂ ಉದ್ಯೋಗಕ್ಕೆ ಪ್ರೇರಣೆ ನೀಡುವುದು", "ಮಹಾತ್ಮ ಗಾಂಧಿಯ ಬಗ್ಗೆ ತಿಳಿಸುವುದು", "ಸಂತೋಷ ನೀಡುವುದು"]'::jsonb, 1, 'ಸ್ವಯಂ ಉದ್ಯೋಗಕ್ಕೆ ಪ್ರೇರಣೆ ನೀಡುವುದು', 'The evidence suggests self-employment inspiration.  ▸ ಸಣ್ಣಪ್ರಾಯದಲ್ಲೇ ಮಗ್ಗದ ಸಹಕಾರಿ ಸಂಘವೊಂದನ್ನು ಸ್ಥಾಪಿಸಿ ಅವನೀಗ ಅದರ ಅಧ್ಯಕ್ಷನಾಗಿ ಸಾಕಷ್ಟು ಯಶಸ್ವಿಯೂ ಧನವಂತನೂ ಆದನು.');
insert into questions (code, chapter_id, skill_id, source_exam, marks, difficulty, timer_seconds, type, stem_latex, stem_en, options_latex, correct_option, answer_latex, explain_en) values ('kn-l1-ws8', (select id from chapters where code='kn-l1'), 108, 'Siri Kannada 8 (textbook)', 1, 'easy', 45, 'mcq', 'ವಿಲಾಯತಿ ಪದದ ಅರ್ಥ.', 'From the school''s practice worksheet:', '["ದೇಶ", "ಸ್ವದೇಶ", "ವಿದೇಶ", "ಆದೇಶ"]'::jsonb, 2, 'ವಿದೇಶ', 'The evidence defines ''ವಿಲಾಯತಿ'' as ''ವಿದೇಶ''.  ▸ ವಿಲಾಯತಿ = ವಿದೇಶ, ಅನ್ಯದೇಶ');
insert into questions (code, chapter_id, skill_id, source_exam, marks, difficulty, timer_seconds, type, stem_latex, stem_en, options_latex, correct_option, answer_latex, explain_en) values ('kn-l1-ws9', (select id from chapters where code='kn-l1'), 108, 'Siri Kannada 8 (textbook)', 1, 'easy', 45, 'mcq', 'ರಹೀಮನ ಮನೆಯಲ್ಲಿದ್ದ ಮಗ್ಗಗಳು ಇದರಿಂದ ಆವರಿಸಲ್ಪಟ್ಟಿದ್ದವು.', 'From the school''s practice worksheet:', '["ಬಟ್ಟೆಯಿಂದ", "ಮೋಡದಿಂದ", "ಜೇಡದ ಬಲೆಯಿಂದ", "ನೀರಿನಿಂದ"]'::jsonb, 2, 'ಜೇಡದ ಬಲೆಯಿಂದ', 'The evidence states they were covered by ''ಜೇಡನ ಬಲೆ''.  ▸ ಅವನ ಮಗ್ಗಗಳೆಲ್ಲಾ ಧೂಳು ತುಂಬಿ ಜೇಡನ ಬಲೆಗಳಿಂದ ಹಾಳುಬಿದ್ದವು.');
insert into questions (code, chapter_id, skill_id, source_exam, marks, difficulty, timer_seconds, type, stem_latex, stem_en, options_latex, correct_option, answer_latex, explain_en) values ('kn-l1-ws10', (select id from chapters where code='kn-l1'), 108, 'Siri Kannada 8 (textbook)', 1, 'easy', 45, 'mcq', 'ಇವರ ಪ್ರೇರಣೆಯಿಂದ ಶಾಲೆಗಳಲ್ಲಿ ನವೀನ ಶಿಕ್ಷಣ ಆರಂಭವಾಯಿತು.', 'From the school''s practice worksheet:', '["ಗಡಿನಾಡ ಗಾಂಧಿ", "ಇಂದಿರಾ ಗಾಂಧಿ", "ಮಹಾತ್ಮ ಗಾಂಧಿ", "ರಾಜೀವ್‌ ಗಾಂಂಧಿ"]'::jsonb, 2, 'ಮಹಾತ್ಮ ಗಾಂಧಿ', 'The evidence attributes the initiation to ''ಮಹಾತ್ಮಾ ಗಾಂಧಿ''.  ▸ ಮಹಾತ್ಮಾ ಗಾಂಧಿಯವರ ಪ್ರೇರಣೆಯಿಂದ ಕೆಲವು ಶಾಲೆಗಳಲ್ಲಿ “ನವೀನ ಶಿಕ್ಷಣ” ಆರಂಭವಾಯಿತು.');
insert into questions (code, chapter_id, skill_id, source_exam, marks, difficulty, timer_seconds, type, stem_latex, stem_en, options_latex, correct_option, answer_latex, explain_en) values ('kn-l1-ws11', (select id from chapters where code='kn-l1'), 108, 'Siri Kannada 8 (textbook)', 1, 'easy', 45, 'mcq', 'ಕರೀಮ್‌ನ ಶಾಲೆಯ ಮುಖ್ಯೋಪಾಧ್ಯಾಯರು.', 'From the school''s practice worksheet:', '["ಶಂಕರಪ್ಪ", "ಶಂಕರಗೌಡ", "ಶಂಕರ್‌ ಗೌಡ", "ಶಂಕೇಶ್ವರ"]'::jsonb, 0, 'ಶಂಕರಪ್ಪ', 'The evidence mentions ''ಶಂಕರಪ್ಪ'' in relation to Kareem.  ▸ ಕರೀಮನು ಶಂಕರಪ್ಪನವರಿಗೆ ಹೇಳಿದ್ದಾನೆ.');
insert into questions (code, chapter_id, skill_id, source_exam, marks, difficulty, timer_seconds, type, stem_latex, stem_en, options_latex, correct_option, answer_latex, explain_en) values ('kn-l1-ws12', (select id from chapters where code='kn-l1'), 108, 'Siri Kannada 8 (textbook)', 1, 'easy', 45, 'mcq', 'ಕರೀಮ್‌ ನಾಟಕಕ್ಕೆಂದು ತಾಯಿಯಿಂದ ತೆಗೆದುಕೊಂಡು ಹೋದ ವಸ್ತು.', 'From the school''s practice worksheet:', '["ಸೀರೆ", "ಗೆಜ್ಜೆ", "ಬಳೆ", "ಸರ"]'::jsonb, 3, 'ಸರ', 'The evidence states he took a ''ಚಿನ್ನದ ಸರ''.  ▸ ತಾಯಿಯಿಂದ ಗೌಪ್ಯವಾಗಿ ಹಳೆಕಾಲದ ಚಿನ್ನದ ಸರವನ್ನು ಪಡೆದುಕೊಂಡನು.');
insert into questions (code, chapter_id, skill_id, source_exam, marks, difficulty, timer_seconds, type, stem_latex, stem_en, options_latex, correct_option, answer_latex, explain_en) values ('kn-l1-ws13', (select id from chapters where code='kn-l1'), 108, 'Siri Kannada 8 (textbook)', 1, 'easy', 45, 'mcq', 'ಕರೀಮ್‌ ಶಾಲೆಯಲ್ಲಿ ಆಸಕ್ತಿಯಿಂದ ಕಲಿತ ಕೆಲಸ.', 'From the school''s practice worksheet:', '["ಬಡಗಿ ಕೆಲಸ", "ಕೃಷಿ ಕೆಲಸ", "ಬೆತ್ತದ ಕೆಲಸ", "ಮಗ್ಗದ ಕೆಲಸ"]'::jsonb, 3, 'ಮಗ್ಗದ ಕೆಲಸ', 'The evidence mentions Kareem learned ''ಮಗ್ಗದ ಕೆಲಸ''.  ▸ ಹುಡುಗ ಕರೀಮ್‌ ಮಗ್ಗದ ಕೆಲಸವನ್ನು ಮೀನು ನೀರಿನಲ್ಲಿ ಈಜುವಷ್ಟೇ ಸುಲಭವಾಗಿ ಕಲಿತು');
insert into questions (code, chapter_id, skill_id, source_exam, marks, difficulty, timer_seconds, type, stem_latex, stem_en, options_latex, correct_option, answer_latex, explain_en) values ('kn-l1-ws14', (select id from chapters where code='kn-l1'), 108, 'Siri Kannada 8 (textbook)', 1, 'easy', 45, 'mcq', 'ಮಗ್ಗದಲ್ಲಿ ಸಾಧನೆ ಮಾಡಿದ್ದರ ಫಲಸ್ವರೂಪವಾಗಿ ಸರಕಾರದಿಂದ ಕರೀಮನಿಗೆ ದೊರೆತ ಬಹುಮಾನ .', 'From the school''s practice worksheet:', '["ಬೆಳ್ಳಿಯ ಪದಕ ಮತ್ತು ನೂರು ರೂಪಾಯಿ", "ಬೆಳ್ಳಿಯ ಪದಕ ಮತ್ತು ಇನ್ನೂರು ರೂಪಾಯಿ", "ಚಿನ್ನದ ಪದಕ ಮತ್ತು ನೂರು ರೂಪಾಯಿ", "ಚಿನ್ನದ ಪದಕ ಮತ್ತು ಇನ್ನೂರು ರೂಪಾಯಿ"]'::jsonb, 0, 'ಬೆಳ್ಳಿಯ ಪದಕ ಮತ್ತು ನೂರು ರೂಪಾಯಿ', 'The evidence states he received ''ಬೆಳ್ಳಿಯ ಪದಕ ಮತ್ತು ನೂರು ರೂಪಾಯಿ''.  ▸ ಅವನಿಗೆ ಒಂದು ಬೆಳ್ಳಿಯ ಪದಕವೂ ಒಂದು ನೂರು ರೂಪಾಯಿಯ ಬಹುಮಾನವೂ ದೊರೆಯಿತು.');
insert into questions (code, chapter_id, skill_id, source_exam, marks, difficulty, timer_seconds, type, stem_latex, stem_en, options_latex, correct_option, answer_latex, explain_en) values ('kn-l1-ws15', (select id from chapters where code='kn-l1'), 108, 'Siri Kannada 8 (textbook)', 1, 'easy', 45, 'mcq', '"ಮಗ್ಗದ ಸಾಹೇಬ'' ಗದ್ಯದ ಲೇಖಕರಾದ “ಬಾಗಲೋಡಿ ದೇವರಾಯ''ರ ಊರು.', 'From the school''s practice worksheet:', '["ಬಾಗಲೂರು", "ಬೈಂದೂರು", "ಬೆಂಗಳೂರು", "ಬಾಗಲೋಡಿ"]'::jsonb, 3, 'ಬಾಗಲೋಡಿ', 'The author''s surname is his village — Bagalodi, in Dakshina Kannada district.  ▸ ಬಾಗಲೋಡಿ ದೇವರಾಯ ಅವರು ದಕ್ಷಿಣ ಕನ್ನಡ ಜಿಲ್ಲೆಯ ಬಾಗಲೋಡಿಯವರು. (textbook, ಕೃತಿಕಾರರ ಪರಿಚಯ)');
insert into questions (code, chapter_id, skill_id, source_exam, marks, difficulty, timer_seconds, type, stem_latex, stem_en, options_latex, correct_option, answer_latex, explain_en) values ('kn-l1-ws16', (select id from chapters where code='kn-l1'), 108, 'Siri Kannada 8 (textbook)', 1, 'easy', 45, 'mcq', 'ಕರೀಮನಿಗೆ ರಾಷ್ಟ್ರಪತಿಗಳು ನೀಡಿದ ಅತ್ಯುನ್ನತ ಪ್ರಶಸ್ತಿ.', 'From the school''s practice worksheet:', '["ಜ್ಞಾನಪೀಠ", "ಪದ್ಮವಿಭೂಷಣ", "ಪದ್ಮಭೂಷಣ", "ನೊಬೆಲ್‌"]'::jsonb, 2, 'ಪದ್ಮಭೂಷಣ', 'The evidence defines ''ಪದ್ಮಭೂಷಣ'' as a prestigious award.  ▸ ಪದ್ಮಭೂಷಣ: ಕಲೆ, ವಿಜ್ಞಾನ, ಸಮಾಜಸೇವೆ, ಕ್ರೀಡೆ ಮುಂತಾದ ಕ್ಷೇತ್ರದಲ್ಲಿ ವಿಶೇಷ ಸಾಧನೆ ಮಾಡಿದ ಸಾಧಕರಿಗೆ ಭಾರತ ಸರ್ಕಾರ ನೀಡುವ ಮೌಲಿ');
insert into questions (code, chapter_id, skill_id, source_exam, marks, difficulty, timer_seconds, type, stem_latex, stem_en, options_latex, correct_option, answer_latex, explain_en) values ('kn-l1-ws17', (select id from chapters where code='kn-l1'), 108, 'Siri Kannada 8 (textbook)', 1, 'easy', 45, 'mcq', '"ಹಸನ್ಮುಖಿ'''' ಪದದ ಅರ್ಥ.', 'From the school''s practice worksheet:', '["ಅಳುಮುಂಜಿ", "ನಗು ಮುಖದವನು", "ಅಳು ಮುಖದವನು", "ಕೋಪದ ಮುಖದವನು"]'::jsonb, 1, 'ನಗು ಮುಖದವನು', 'The evidence defines ''ಹಸನ್ಮುಖಿ'' as ''ನಗುಮುಖ''.  ▸ ಹಸನ್ಮುಖಿ = ನಗುಮುಖ ಉಳ್ಳವನು');
insert into questions (code, chapter_id, skill_id, source_exam, marks, difficulty, timer_seconds, type, stem_latex, stem_en, options_latex, correct_option, answer_latex, explain_en) values ('kn-l1-ws೨೧', (select id from chapters where code='kn-l1'), 108, 'Siri Kannada 8 (textbook)', 1, 'easy', 45, 'mcq', '“ಕಳೇಬರ'''' ಪದದ ಅರ್ಥ.', 'From the school''s practice worksheet:', '["ದೇಹ", "ಹೆಣ", "ಶರೀರ", "ಹಣೆಬರಹ"]'::jsonb, 1, 'ಹೆಣ', 'The evidence defines ''ಕಳೇಬರ'' as ''ಹೆಣ''.  ▸ ಕಳೇಬರ = ಮೃತ ದೇಹ/ಶರೀರ');
insert into questions (code, chapter_id, skill_id, source_exam, marks, difficulty, timer_seconds, type, stem_latex, stem_en, options_latex, correct_option, answer_latex, explain_en) values ('kn-l5-ws30', (select id from chapters where code='kn-l5'), 109, 'Siri Kannada 8 (textbook)', 1, 'easy', 45, 'mcq', 'ಉಡುಪಿ ಜಿಲ್ಲೆಯ ಒಂದು ತಾಲೂಕು ಕೇಂದ್ರ', 'From the school''s practice worksheet:', '["ಹಳೇಬಿಡು", "ಬೇಲೂರು", "ಕಾರಕಳ", "ಬೆಳಗೋಳ"]'::jsonb, 2, 'ಕಾರಕಳ', 'Evidence states ಕಾರ್ಕಳ is a taluk center in Udupi district.  ▸ ಕಾರಕಳ = ಕಾರ್ಕಳ (ಉಡುಪಿ ಜಿಲ್ಲೆಯ ಒಂದು ತಾಲೂಕು ಕೇಂದ್ರ)');
insert into questions (code, chapter_id, skill_id, source_exam, marks, difficulty, timer_seconds, type, stem_latex, stem_en, options_latex, correct_option, answer_latex, explain_en) values ('kn-l5-ws38', (select id from chapters where code='kn-l5'), 109, 'Siri Kannada 8 (textbook)', 1, 'easy', 45, 'mcq', 'ನಂದಿನಿ ಎಂದರೆ', 'From the school''s practice worksheet:', '["ಸುಗಂಧ", "ಹಾಲು", "ಹುಡುಗಿ", "ಗೋವು"]'::jsonb, 3, 'ಗೋವು', 'Evidence states ನಂದಿನಿ means cow.  ▸ ನಂದಿನಿ = ಗೋವು');
insert into questions (code, chapter_id, skill_id, source_exam, marks, difficulty, timer_seconds, type, stem_latex, stem_en, options_latex, correct_option, answer_latex, explain_en) values ('kn-l5-ws43', (select id from chapters where code='kn-l5'), 109, 'Siri Kannada 8 (textbook)', 1, 'easy', 45, 'mcq', 'ತನ್ನ ಕಂಪನ್ನು ಹೊರಗಡೆ ಹುಡುಕುವ ಪ್ರಾಣಿ', 'From the school''s practice worksheet:', '["ಕಸ್ತೂರಿ ಮೃಗ", "ಉರಗ", "ಮೃಗ", "ಮನುಷ್ಯ"]'::jsonb, 0, 'ಕಸ್ತೂರಿ ಮೃಗ', 'Evidence states ಕಸ್ತೂರಿ ಮೃಗ searches for its scent outside.  ▸ ನಮ್ಮ ಪಾಡು ಪರರ

ನುಡಿಗೆ ಮಿಡುಕುವುದು ಅಂದರೆ ಸಂಕೋಚದ ಸ್ವಭಾವದ ಕಸ್ತೂರಿ ಮೃಗವು ಅಂತರಂಗದ ಕಂಪನು
ಅರಿಯದೆ ಹೊರಗೆ ಹುಡುಕುವಂತೆ');

-- tap-to-match questions (no Kannada typing needed)
insert into questions (code, chapter_id, skill_id, source_exam, marks, difficulty, timer_seconds, type, stem_latex, stem_en, match_pairs, answer_latex) values ('kn-l1-match1', (select id from chapters where code='kn-l1'), 101, 'Siri Kannada 8 (textbook)', 5, 'medium', 150, 'match', '', 'Match each word to its meaning', '[{"left": "ಅಭೀಷ್ಟ", "right": "ಬಯಸಿದ್ದು"}, {"left": "ಆಧಿಪತ್ಯ", "right": "ಯಜಮಾನಿಕೆ"}, {"left": "ಗಣಿಸದೆ", "right": "ಲೆಕ್ಕಿಸದೆ"}, {"left": "ಚಿಂದಿ", "right": "ಚೂರು"}, {"left": "ಪ್ರಶಂಸೆ", "right": "ಹೊಗಳಿಕೆ"}]'::jsonb, 'ಅಭೀಷ್ಟ = ಬಯಸಿದ್ದು; ಆಧಿಪತ್ಯ = ಯಜಮಾನಿಕೆ; ಗಣಿಸದೆ = ಲೆಕ್ಕಿಸದೆ; ಚಿಂದಿ = ಚೂರು; ಪ್ರಶಂಸೆ = ಹೊಗಳಿಕೆ');
insert into questions (code, chapter_id, skill_id, source_exam, marks, difficulty, timer_seconds, type, stem_latex, stem_en, match_pairs, answer_latex) values ('kn-l1-match2', (select id from chapters where code='kn-l1'), 101, 'Siri Kannada 8 (textbook)', 5, 'medium', 150, 'match', '', 'Match each word to its meaning', '[{"left": "ವಿಲಾಯತಿ", "right": "ವಿದೇಶ, ಅನ್ಯದೇಶ"}, {"left": "ಆಚ್ಛಾದಿತ", "right": "ಮುಚ್ಚಲ್ಪಟ್ಟ"}, {"left": "ಕಳೇಬರ", "right": "ಮೃತ ದೇಹ/ಶರೀರ"}, {"left": "ಗೌಪ್ಯ", "right": "ಗುಟ್ಟು, ರಹಸ್ಯ"}, {"left": "ಪರಿವರ್ತನೆ", "right": "ಬದಲಾವಣೆ"}]'::jsonb, 'ವಿಲಾಯತಿ = ವಿದೇಶ, ಅನ್ಯದೇಶ; ಆಚ್ಛಾದಿತ = ಮುಚ್ಚಲ್ಪಟ್ಟ; ಕಳೇಬರ = ಮೃತ ದೇಹ/ಶರೀರ; ಗೌಪ್ಯ = ಗುಟ್ಟು, ರಹಸ್ಯ; ಪರಿವರ್ತನೆ = ಬದಲಾವಣೆ');
insert into questions (code, chapter_id, skill_id, source_exam, marks, difficulty, timer_seconds, type, stem_latex, stem_en, match_pairs, answer_latex) values ('kn-l5-match1', (select id from chapters where code='kn-l5'), 102, 'Siri Kannada 8 (textbook)', 5, 'medium', 150, 'match', '', 'Match each word to its meaning', '[{"left": "ಆಳ್ವೆ", "right": "ಆಳುವೆ"}, {"left": "ಒಸಗೆ", "right": "ಸಂತೋಷ, ಶುಭವಾರ್ತೆ"}, {"left": "ಕಾರಕಳ", "right": "ಕಾರ್ಕಳ (ಉಡುಪಿ ಜಿಲ್ಲೆಯ ಒಂದು ತಾಲೂಕು ಕೇಂದ್ರ)"}, {"left": "ಕೆನೆ", "right": "ಸಾರ, ತಿರುಳು"}, {"left": "ತಾಳ್ವೆ", "right": "ಸಹಿಸುವೆ"}]'::jsonb, 'ಆಳ್ವೆ = ಆಳುವೆ; ಒಸಗೆ = ಸಂತೋಷ, ಶುಭವಾರ್ತೆ; ಕಾರಕಳ = ಕಾರ್ಕಳ (ಉಡುಪಿ ಜಿಲ್ಲೆಯ ಒಂದು ತಾಲೂಕು ಕೇಂದ್ರ); ಕೆನೆ = ಸಾರ, ತಿರುಳು; ತಾಳ್ವೆ = ಸಹಿಸುವೆ');
insert into questions (code, chapter_id, skill_id, source_exam, marks, difficulty, timer_seconds, type, stem_latex, stem_en, match_pairs, answer_latex) values ('kn-l5-match2', (select id from chapters where code='kn-l5'), 102, 'Siri Kannada 8 (textbook)', 5, 'medium', 150, 'match', '', 'Match each word to its meaning', '[{"left": "ತೃಷೆ", "right": "ಬಾಯಾರಿಕೆ"}, {"left": "ದಿವಂ", "right": "ಆಕಾಶ"}, {"left": "ನಗಾಳಿ", "right": "ಪರ್ವತಗಳ ಸಮೂಹ"}, {"left": "ನಿಡುಕರು", "right": "ನಿಡಿದಾಗಿ ನಿಂತಿರುವ ಗೊಮ್ಮಟ ಮೂರ್ತಿ"}, {"left": "ಬಸಿರು", "right": "ಗರ್ಭ, ಗರ್ಭಾಶಯ"}]'::jsonb, 'ತೃಷೆ = ಬಾಯಾರಿಕೆ; ದಿವಂ = ಆಕಾಶ; ನಗಾಳಿ = ಪರ್ವತಗಳ ಸಮೂಹ; ನಿಡುಕರು = ನಿಡಿದಾಗಿ ನಿಂತಿರುವ ಗೊಮ್ಮಟ ಮೂರ್ತಿ; ಬಸಿರು = ಗರ್ಭ, ಗರ್ಭಾಶಯ');
insert into questions (code, chapter_id, skill_id, source_exam, marks, difficulty, timer_seconds, type, stem_latex, stem_en, match_pairs, answer_latex) values ('kn-l5-match3', (select id from chapters where code='kn-l5'), 102, 'Siri Kannada 8 (textbook)', 5, 'medium', 150, 'match', '', 'Match each word to its meaning', '[{"left": "ಬಿಳಿಯ ಕೊಳ", "right": "ಬೆಳಗೊಳ, ಶ್ರವಣಬೆಳಗೊಳ"}, {"left": "ಬೇಲನಾಡು", "right": "ಬೇಲೂರು"}, {"left": "ಮೊಗ", "right": "ಮುಖ"}, {"left": "ಲತೆ", "right": "ಬಳ್ಳಿ"}, {"left": "ಶರ್ವ", "right": "ನೃಪತುಂಗನ ಮತ್ತೊಂದು ಹೆಸರು"}]'::jsonb, 'ಬಿಳಿಯ ಕೊಳ = ಬೆಳಗೊಳ, ಶ್ರವಣಬೆಳಗೊಳ; ಬೇಲನಾಡು = ಬೇಲೂರು; ಮೊಗ = ಮುಖ; ಲತೆ = ಬಳ್ಳಿ; ಶರ್ವ = ನೃಪತುಂಗನ ಮತ್ತೊಂದು ಹೆಸರು');

-- concept guides (several sections per topic)
insert into concept_sections (chapter_id, idx, title, tier, why, body) values ((select id from chapters where code='kn-g-varnamale'), 1, 'ವರ್ಣಮಾಲೆ — Varnamale - the alphabet', '*', 'Taught with the lesson; rarely asked directly.', '[{"kind": "p", "text": "Kannada letters fall into three groups. SVARA (ಸ್ವರ) are vowels - they can be spoken on their own. VYANJANA (ವ್ಯಂಜನ) are consonants - they need a vowel before they can be spoken. YOGAVAHA (ಯೋಗವಾಹ) are the two that ''ride along'': anusvara (ಅಂ) and visarga."}, {"kind": "warn", "text": "From the textbook: Part 1, p.8 (with Lesson 1)."}]'::jsonb);
insert into concept_sections (chapter_id, idx, title, tier, why, body) values ((select id from chapters where code='kn-g-varnamale'), 2, 'Quick facts to remember', '*', 'The points that get asked.', '[{"kind": "eg", "lines": ["Letters that can be spoken on their own → ಸ್ವರ", "Letters that need a vowel to be spoken → ವ್ಯಂಜನ", "Anusvara and visarga are called → ಯೋಗವಾಹ"]}]'::jsonb);
insert into concept_sections (chapter_id, idx, title, tier, why, body) values ((select id from chapters where code='kn-g-gunitakshara'), 1, 'ಗುಣಿತಾಕ್ಷರ — Gunitakshara - consonant + vowel', '*', 'Taught with the lesson; rarely asked directly.', '[{"kind": "p", "text": "A bare consonant cannot form a word. Give it a vowel and you get a GUNITAKSHARA. ದ್ + ಏ = ದೇ, ವ್ + ಅ = ವ, ರ್ + ಉ = ರು, which together make the real word ದೇವರು. Every consonant takes 16 vowels, so it has 16 gunitaksharas. When two or more CONSONANTS join instead (ಅಪ್ಪ, ಅಮ್ಮ, ಅಸ್ತ್ರ) that is a SAMYUKTAKSHARA."}, {"kind": "warn", "text": "From the textbook: Part 1, p.52 (with Lesson 5)."}]'::jsonb);
insert into concept_sections (chapter_id, idx, title, tier, why, body) values ((select id from chapters where code='kn-g-gunitakshara'), 2, 'Quick facts to remember', '*', 'The points that get asked.', '[{"kind": "eg", "lines": ["A consonant joined to a vowel is called → ಗುಣಿತಾಕ್ಷರ", "Two or more consonants joined together → ಸಂಯುಕ್ತಾಕ್ಷರ"]}]'::jsonb);
insert into concept_sections (chapter_id, idx, title, tier, why, body) values ((select id from chapters where code='kn-g-sandhi'), 1, 'ಸಂಧಿ — Sandhi - joining two words', '***', 'Appeared in 41 of the 49 real Kannada papers.', '[{"kind": "p", "text": "When two words are said one after the other with no pause, they merge into a single word. That merging is SANDHI. The meaning of the two words must survive the join. Three things can happen at the seam - a letter is dropped, a letter is added, or a letter is swapped - and the sandhi is named after whichever happened."}, {"kind": "warn", "text": "From the textbook: Part 2, p.19-21."}]'::jsonb);
insert into concept_sections (chapter_id, idx, title, tier, why, body) values ((select id from chapters where code='kn-g-sandhi'), 2, 'ಲೋಪಸಂಧಿ — Lopa - a letter is DROPPED', '***', 'Type 1 of ಸಂಧಿ.', '[{"kind": "key", "text": "A vowel meets a vowel, and the first vowel disappears."}, {"kind": "eg", "lines": ["ಊರು + ಊರು  →  ಊರೂರು", "ಬಲ್ಲನು + ಎಂದು  →  ಬಲ್ಲನೆಂದು", "ಊರು + ಇಂದ  →  ಊರಿಂದ"]}]'::jsonb);
insert into concept_sections (chapter_id, idx, title, tier, why, body) values ((select id from chapters where code='kn-g-sandhi'), 3, 'ಆಗಮಸಂಧಿ — Agama - a letter is ADDED', '***', 'Type 2 of ಸಂಧಿ.', '[{"kind": "key", "text": "A vowel meets a vowel, and a NEW ಯ್ or ವ್ is slipped in between them."}, {"kind": "eg", "lines": ["ಮನೆ + ಅಲ್ಲಿ  →  ಮನೆಯಲ್ಲಿ", "ಕೈ + ಅನ್ನು  →  ಕೈಯನ್ನು", "ಚಳಿ + ಇಂದ  →  ಚಳಿಯಿಂದ", "ಗುರು + ಅನ್ನು  →  ಗುರುವನ್ನು", "ಪುಸ್ತಕ + ಅನ್ನು  →  ಪುಸ್ತಕವನ್ನು"]}]'::jsonb);
insert into concept_sections (chapter_id, idx, title, tier, why, body) values ((select id from chapters where code='kn-g-sandhi'), 4, 'ಆದೇಶಸಂಧಿ — Adesha - a letter is REPLACED', '***', 'Type 3 of ಸಂಧಿ.', '[{"kind": "key", "text": "The consonant that starts the second word is swapped for another. ಕ ತ ಪ become ಗ ದ ಬ."}, {"kind": "eg", "lines": ["ಮಳೆ + ಕಾಲ  →  ಮಳೆಗಾಲ", "ಹುಲ್ಲು + ಕಾವಲು  →  ಹುಲ್ಲುಗಾವಲು", "ಮೈ + ತೊಳೆ  →  ಮೈದೊಳೆ", "ಕೆನೆ + ಪಾಲ್  →  ಕೆನೆವಾಲ್"]}]'::jsonb);
insert into concept_sections (chapter_id, idx, title, tier, why, body) values ((select id from chapters where code='kn-g-sandhi'), 5, 'ಪ್ರಕೃತಿಭಾವ — Prakrutibhava - NO sandhi happens', '***', 'Type 4 of ಸಂಧಿ.', '[{"kind": "key", "text": "A vowel meets a vowel, but the words refuse to join - because joining them would wreck the meaning."}, {"kind": "eg", "lines": ["ಅಯ್ಯೋ + ಇದೇನು  →  (stays apart)", "ಅಕ್ಕ + ಇತ್ತಬಾ  →  (stays apart)"]}]'::jsonb);
insert into concept_sections (chapter_id, idx, title, tier, why, body) values ((select id from chapters where code='kn-g-samasa'), 1, 'ಸಮಾಸ — Samasa - compound words', '**', 'Appeared in 19 of the 49 real Kannada papers.', '[{"kind": "p", "text": "Two or more meaningful words fuse into ONE word, and the case-ending of the first word drops away. Splitting the compound back into its parts is called VIGRAHA VAKYA. Joining a Kannada word to a Sanskrit word is considered a fault, called ARISAMASA."}, {"kind": "warn", "text": "From the textbook: Part 2, p.30-31."}]'::jsonb);
insert into concept_sections (chapter_id, idx, title, tier, why, body) values ((select id from chapters where code='kn-g-samasa'), 2, 'ತತ್ಪುರುಷ ಸಮಾಸ — Tatpurusha - the SECOND word carries the meaning', '**', 'Type 1 of ಸಮಾಸ.', '[{"kind": "eg", "lines": ["ವಯಸ್ಸಿನಿಂದ + ವೃದ್ಧ  →  ವಯೋವೃದ್ಧ", "ಹಗಲಿನಲ್ಲಿ + ಕನಸು  →  ಹಗಲುಗನಸು"]}]'::jsonb);
insert into concept_sections (chapter_id, idx, title, tier, why, body) values ((select id from chapters where code='kn-g-samasa'), 3, 'ಕರ್ಮಧಾರಯ ಸಮಾಸ — Karmadharaya - the FIRST word describes the second', '**', 'Type 2 of ಸಮಾಸ.', '[{"kind": "eg", "lines": ["ಹಿರಿದು + ಮರ  →  ಹೆಮ್ಮರ", "ಮೆಲ್ಲಿತು + ನುಡಿ  →  ಮೆಲ್ನುಡಿ", "ದಿವ್ಯವಾದ + ಪ್ರಕಾಶ  →  ದಿವ್ಯಪ್ರಕಾಶ"]}]'::jsonb);
insert into concept_sections (chapter_id, idx, title, tier, why, body) values ((select id from chapters where code='kn-g-samasa'), 4, 'ದ್ವಿಗು ಸಮಾಸ — Dvigu - the FIRST word is a NUMBER', '**', 'Type 3 of ಸಮಾಸ.', '[{"kind": "eg", "lines": ["ಮೂರು + ಮಡಿ  →  ಮುಮ್ಮಡಿ", "ನಾಲ್ಕು + ದೆಸೆ  →  ನಾಲ್ದೆಸೆ", "ಪಂಚಗಳಾದ + ಇಂದ್ರಿಯ  →  ಪಂಚೇಂದ್ರಿಯ"]}]'::jsonb);
insert into concept_sections (chapter_id, idx, title, tier, why, body) values ((select id from chapters where code='kn-g-tatsama'), 1, 'ತತ್ಸಮ – ತದ್ಭವ — Tatsama - Tadbhava (words borrowed from Sanskrit)', '***', 'Appeared in 27 of the 49 real Kannada papers.', '[{"kind": "p", "text": "TATSAMA (ತತ್ = ''that'', ಸಮ = ''same'') are Sanskrit words that entered Kannada UNCHANGED. TADBHAVA (ತತ್ = ''from that'', ಭವ = ''born'') are Sanskrit words that CHANGED - a little or a lot - on the way in. And words borrowed from other languages entirely (English, Hindustani, Portuguese) are ANYADESHYA."}, {"kind": "warn", "text": "From the textbook: Part 1, p.45-46."}]'::jsonb);
insert into concept_sections (chapter_id, idx, title, tier, why, body) values ((select id from chapters where code='kn-g-tatsama'), 2, 'ತತ್ಸಮ — Tatsama - came in UNCHANGED', '***', 'Type 1 of ತತ್ಸಮ – ತದ್ಭವ.', '[{"kind": "eg", "lines": ["ರಾಮ", "ಭೀಮ", "ವಸಂತ", "ಚಂದ್ರ", "ಸ್ತ್ರೀ"]}]'::jsonb);
insert into concept_sections (chapter_id, idx, title, tier, why, body) values ((select id from chapters where code='kn-g-tatsama'), 3, 'ತದ್ಭವ — Tadbhava - CHANGED on the way in', '***', 'Type 2 of ತತ್ಸಮ – ತದ್ಭವ.', '[{"kind": "eg", "lines": ["ಸಿರಿ", "ಬಾವಿ", "ದನಿ", "ಬಸದಿ", "ಬೇಸಗೆ", "ಕೊಡಲಿ", "ಬಸವ"]}]'::jsonb);
insert into concept_sections (chapter_id, idx, title, tier, why, body) values ((select id from chapters where code='kn-g-tatsama'), 4, 'ಅನ್ಯದೇಶ್ಯ — Anyadeshya - borrowed from ANOTHER language', '***', 'Type 3 of ತತ್ಸಮ – ತದ್ಭವ.', '[{"kind": "eg", "lines": ["ಅರ್ಜಿ", "ಕಚೇರಿ", "ಕಾರ್ಖಾನೆ", "ಕೋರ್ಟು", "ಬ್ಯಾಂಕು", "ಹೋಟೆಲು", "ಅಲಮಾರು", "ಸಾಬೂನು", "ಮೇಜು"]}]'::jsonb);
insert into concept_sections (chapter_id, idx, title, tier, why, body) values ((select id from chapters where code='kn-l1'), 1, 'ಪದಗಳ ಅರ್ಥ — Word meanings', '***', 'Word meanings appeared in 33 of the 49 real Kannada papers.', '[{"kind": "p", "text": "The textbook gives 12 word meanings for ''ಮಗ್ಗದ ಸಾಹೇಬ''. These are worth knowing cold — they are asked directly, and the wrong options in the paper are usually the OTHER words from this same list."}, {"kind": "tbl", "head": ["ಪದ (word)", "ಅರ್ಥ (meaning)"], "rows": [["ಅಭೀಷ್ಟ", "ಬಯಸಿದ್ದು"], ["ಆಧಿಪತ್ಯ", "ಯಜಮಾನಿಕೆ"], ["ಗಣಿಸದೆ", "ಲೆಕ್ಕಿಸದೆ"], ["ಚಿಂದಿ", "ಚೂರು"], ["ಪ್ರಶಂಸೆ", "ಹೊಗಳಿಕೆ"], ["ವಿಲಾಯತಿ", "ವಿದೇಶ, ಅನ್ಯದೇಶ"], ["ಆಚ್ಛಾದಿತ", "ಮುಚ್ಚಲ್ಪಟ್ಟ"], ["ಕಳೇಬರ", "ಮೃತ ದೇಹ/ಶರೀರ"], ["ಗೌಪ್ಯ", "ಗುಟ್ಟು, ರಹಸ್ಯ"], ["ಪರಿವರ್ತನೆ", "ಬದಲಾವಣೆ"], ["ಭಿಕಾರಿ", "ನಿರ್ಗತಿಕ"], ["ಹಸನ್ಮುಖಿ", "ನಗುಮುಖ ಉಳ್ಳವನು"]]}]'::jsonb);
insert into concept_sections (chapter_id, idx, title, tier, why, body) values ((select id from chapters where code='kn-l1'), 2, 'ಟಿಪ್ಪಣಿ — notes', '**', 'The named terms the lesson explains.', '[{"kind": "eg", "lines": ["ಸಾಹೇಬ್ ಬಹಾದ್ದೂರ್ : ಮೊಗಲ್ ರಾಜರ ಆಳ್ವಿಕೆಯ ಸಂದರ್ಭದಲ್ಲಿ ಸಮಾಜದ ಗಣ್ಯ ವ್ಯಕ್ತಿಗಳಿಗೆ ಕೊಡುತ್ತಿದ್ದ ಗೌರವ ಪೂರ್ವಕ ಬಿರುದು", "ಉರುಸ್ : ಮಹಮದೀಯ ಸಾಧುಗಳ ಪುಣ್ಯತಿಥಿ ಮತ್ತು ಅಂದು ನಡೆಸುವ ಜಾತ್ರೆ", "ಪದ್ಮಭೂಷಣ : ಕಲೆ, ವಿಜ್ಞಾನ, ಸಮಾಜಸೇವೆ, ಕ್ರೀಡೆ ಮುಂತಾದ ಕ್ಷೇತ್ರದಲ್ಲಿ ವಿಶೇಷ ಸಾಧನೆ ಮಾಡಿದ ಸಾಧಕರಿಗೆ ಭಾರತ ಸರ್ಕಾರ ನೀಡುವ ಮೌಲಿಕ ಪ್ರಶಸ್ತಿ"]}]'::jsonb);
insert into concept_sections (chapter_id, idx, title, tier, why, body) values ((select id from chapters where code='kn-l5'), 1, 'ಪದಗಳ ಅರ್ಥ — Word meanings', '***', 'Word meanings appeared in 33 of the 49 real Kannada papers.', '[{"kind": "p", "text": "The textbook gives 17 word meanings for ''ಕನ್ನಡಿಗರ ತಾಯಿ''. These are worth knowing cold — they are asked directly, and the wrong options in the paper are usually the OTHER words from this same list."}, {"kind": "tbl", "head": ["ಪದ (word)", "ಅರ್ಥ (meaning)"], "rows": [["ಆಳ್ವೆ", "ಆಳುವೆ"], ["ಒಸಗೆ", "ಸಂತೋಷ, ಶುಭವಾರ್ತೆ"], ["ಕಾರಕಳ", "ಕಾರ್ಕಳ (ಉಡುಪಿ ಜಿಲ್ಲೆಯ ಒಂದು ತಾಲೂಕು ಕೇಂದ್ರ)"], ["ಕೆನೆ", "ಸಾರ, ತಿರುಳು"], ["ತಾಳ್ವೆ", "ಸಹಿಸುವೆ"], ["ತೃಷೆ", "ಬಾಯಾರಿಕೆ"], ["ದಿವಂ", "ಆಕಾಶ"], ["ನಗಾಳಿ", "ಪರ್ವತಗಳ ಸಮೂಹ"], ["ನಿಡುಕರು", "ನಿಡಿದಾಗಿ ನಿಂತಿರುವ ಗೊಮ್ಮಟ ಮೂರ್ತಿ"], ["ಬಸಿರು", "ಗರ್ಭ, ಗರ್ಭಾಶಯ"], ["ಬಿಳಿಯ ಕೊಳ", "ಬೆಳಗೊಳ, ಶ್ರವಣಬೆಳಗೊಳ"], ["ಬೇಲನಾಡು", "ಬೇಲೂರು"], ["ಮೊಗ", "ಮುಖ"], ["ಲತೆ", "ಬಳ್ಳಿ"], ["ಶರ್ವ", "ನೃಪತುಂಗನ ಮತ್ತೊಂದು ಹೆಸರು"], ["ಸುರಭಿ", "ಸುಗಂಧ, ಸುವಾಸನೆ"], ["ನಂದಿನಿ", "ಗೋವು"]]}]'::jsonb);
insert into concept_sections (chapter_id, idx, title, tier, why, body) values ((select id from chapters where code='kn-l5'), 2, 'ಟಿಪ್ಪಣಿ — notes', '**', 'The named terms the lesson explains.', '[{"kind": "eg", "lines": ["ಖಗ : ಖ = ಆಕಾಶ, ಗ = ಗಮಿಸುವುದು; ಆಕಾಶದಲ್ಲಿ ಸಂಚರಿಸುವುದು - ಪಕ್ಷಿ", "ನಗಾಳಿ : ನಗ = ಪರ್ವತ; ಆಳಿ = ಸಮೂಹ; ಪರ್ವತಗಳ ಸಮೂಹ", "ಖಗಮೃಗೋರಗಾಳಿ : ಖಗ = ಪಕ್ಷಿ; ಮೃಗ = ಪ್ರಾಣಿ; ಉರಗ = ಹಾವು; ಆಳಿ = ಸಮೂಹ"]}]'::jsonb);

commit;
