-- GENERATED by content/tools/gen_seed.py — do not edit by hand.
-- Source: 107 questions from 17 Sri Kumaran past papers (2021-22..2025-26).
-- Personal study use only; this content is not for redistribution.

begin;
truncate concept_sections, solution_steps, questions, skills, chapters restart identity cascade;
-- subjects survive the truncate; chapters now point at one

-- chapters
insert into chapters (code, number, title, book, subject_id) values ('ch1', 1, 'A Square and A Cube', 'NCERT Ganita Prakash, Grade 8', (select id from subjects where code='maths'));
insert into chapters (code, number, title, book, subject_id) values ('ch2', 2, 'Power Play', 'NCERT Ganita Prakash, Grade 8', (select id from subjects where code='maths'));

-- skills (tier = how many of the 17 real exams the skill appeared in)
insert into skills (id, chapter_id, name, exams_seen_in, total_exams, tier) values (1, (select id from chapters where code='ch1'), 'Identify a perfect square', 3, 11, '*');
insert into skills (id, chapter_id, name, exams_seen_in, total_exams, tier) values (2, (select id from chapters where code='ch1'), 'Cube roots of decimals', 2, 11, '*');
insert into skills (id, chapter_id, name, exams_seen_in, total_exams, tier) values (3, (select id from chapters where code='ch1'), 'Cube root basics', 3, 11, '*');
insert into skills (id, chapter_id, name, exams_seen_in, total_exams, tier) values (4, (select id from chapters where code='ch1'), 'Make a perfect square (multiply/divide)', 4, 11, '**');
insert into skills (id, chapter_id, name, exams_seen_in, total_exams, tier) values (5, (select id from chapters where code='ch1'), 'Properties of cubes', 1, 11, '-');
insert into skills (id, chapter_id, name, exams_seen_in, total_exams, tier) values (6, (select id from chapters where code='ch1'), 'Square roots of decimals', 7, 11, '***');
insert into skills (id, chapter_id, name, exams_seen_in, total_exams, tier) values (7, (select id from chapters where code='ch1'), 'Properties of squares', 2, 11, '*');
insert into skills (id, chapter_id, name, exams_seen_in, total_exams, tier) values (8, (select id from chapters where code='ch1'), 'Cubes of decimals', 1, 11, '-');
insert into skills (id, chapter_id, name, exams_seen_in, total_exams, tier) values (9, (select id from chapters where code='ch1'), 'Pythagorean triplets', 4, 11, '**');
insert into skills (id, chapter_id, name, exams_seen_in, total_exams, tier) values (10, (select id from chapters where code='ch1'), 'Square root basics', 1, 11, '-');
insert into skills (id, chapter_id, name, exams_seen_in, total_exams, tier) values (11, (select id from chapters where code='ch1'), 'Cube root by estimation', 7, 11, '***');
insert into skills (id, chapter_id, name, exams_seen_in, total_exams, tier) values (12, (select id from chapters where code='ch1'), 'Square patterns (odd nos, gaps, digits)', 4, 11, '**');
insert into skills (id, chapter_id, name, exams_seen_in, total_exams, tier) values (13, (select id from chapters where code='ch1'), 'Cube = sum of odd numbers', 1, 11, '-');
insert into skills (id, chapter_id, name, exams_seen_in, total_exams, tier) values (14, (select id from chapters where code='ch1'), 'Cube root by prime factorisation', 2, 11, '*');
insert into skills (id, chapter_id, name, exams_seen_in, total_exams, tier) values (15, (select id from chapters where code='ch1'), 'Make a perfect cube (multiply/divide)', 3, 11, '*');
insert into skills (id, chapter_id, name, exams_seen_in, total_exams, tier) values (16, (select id from chapters where code='ch1'), 'Nearest perfect square (add/subtract)', 2, 11, '*');
insert into skills (id, chapter_id, name, exams_seen_in, total_exams, tier) values (17, (select id from chapters where code='ch1'), 'Square root by estimation', 1, 11, '-');
insert into skills (id, chapter_id, name, exams_seen_in, total_exams, tier) values (18, (select id from chapters where code='ch1'), 'Smallest square/cube divisible by … (LCM)', 3, 11, '*');
insert into skills (id, chapter_id, name, exams_seen_in, total_exams, tier) values (19, (select id from chapters where code='ch1'), 'Ratio + sum of cubes', 2, 11, '*');
insert into skills (id, chapter_id, name, exams_seen_in, total_exams, tier) values (20, (select id from chapters where code='ch1'), 'Square arrangement (rows = columns)', 4, 11, '**');
insert into skills (id, chapter_id, name, exams_seen_in, total_exams, tier) values (21, (select id from chapters where code='ch1'), 'Square root by prime factorisation', 1, 11, '-');
insert into skills (id, chapter_id, name, exams_seen_in, total_exams, tier) values (22, (select id from chapters where code='ch2'), 'Laws of exponents (simplify)', 8, 9, '***');
insert into skills (id, chapter_id, name, exams_seen_in, total_exams, tier) values (23, (select id from chapters where code='ch2'), 'Negative exponents', 5, 9, '**');
insert into skills (id, chapter_id, name, exams_seen_in, total_exams, tier) values (24, (select id from chapters where code='ch2'), 'Reciprocal / multiplicative inverse', 2, 9, '*');
insert into skills (id, chapter_id, name, exams_seen_in, total_exams, tier) values (25, (select id from chapters where code='ch2'), 'Zero exponent', 2, 9, '*');
insert into skills (id, chapter_id, name, exams_seen_in, total_exams, tier) values (26, (select id from chapters where code='ch2'), 'Evaluating powers (signs)', 2, 9, '*');
insert into skills (id, chapter_id, name, exams_seen_in, total_exams, tier) values (27, (select id from chapters where code='ch2'), 'Standard form (convert)', 3, 9, '*');
insert into skills (id, chapter_id, name, exams_seen_in, total_exams, tier) values (28, (select id from chapters where code='ch2'), 'Standard form (arithmetic)', 6, 9, '**');
insert into skills (id, chapter_id, name, exams_seen_in, total_exams, tier) values (29, (select id from chapters where code='ch2'), 'Solve for x (same base)', 7, 9, '***');
insert into skills (id, chapter_id, name, exams_seen_in, total_exams, tier) values (30, (select id from chapters where code='ch2'), 'Fractional exponents (beyond book)', 1, 9, '-');

-- questions
insert into questions (code, chapter_id, skill_id, source_exam, marks, difficulty, timer_seconds, type, stem_latex, options_latex, correct_option, answer_latex) values ('ch1-q001', (select id from chapters where code='ch1'), 1, '2025-26 Half Yearly', 1, 'easy', 60, 'mcq', 'Which of the following is a perfect square?', '["6250", "10404", "38943", "12547"]'::jsonb, 1, '(b) 10404, since 10404 = $102^{2}$. (6250, 38943 and 12547 are not perfect squares — note 38943 ends in 3, so it cannot be a square.)');
insert into questions (code, chapter_id, skill_id, source_exam, marks, difficulty, timer_seconds, type, stem_latex, options_latex, correct_option, answer_latex) values ('ch1-q002', (select id from chapters where code='ch1'), 2, '2025-26 Half Yearly', 1, 'easy', 60, 'mcq', 'If $\sqrt[3]{636056}$ = 86, then ($\sqrt[3]{636.056}  \times  \sqrt[3]{636056}  \times  \sqrt[3]{0.000636056}$) is', '["63.6056", "636.056", "0.636056", "6.36056"]'::jsonb, 0, '(a) 63.6056. $\sqrt[3]{636.056}$ = 8.6, $\sqrt[3]{636056}$ = 86, $\sqrt[3]{0.000636056}$ = 0.086. Product = 8.6 × 86 × 0.086 = 63.6056');
insert into questions (code, chapter_id, skill_id, source_exam, marks, difficulty, timer_seconds, type, stem_latex, options_latex, correct_option, answer_latex) values ('ch1-q003', (select id from chapters where code='ch1'), 3, '2025-26 Annual', 1, 'easy', 60, 'mcq', 'If the cube root of x is 8, then the cube root of 8x is', '["4", "8", "16", "2"]'::jsonb, 2, '(c) 16. ∛x = 8 ⇒ x = 512, so 8x = 4096 and $\sqrt[3]{4096}$ = 16.');
insert into questions (code, chapter_id, skill_id, source_exam, marks, difficulty, timer_seconds, type, stem_latex, options_latex, correct_option, answer_latex) values ('ch1-q004', (select id from chapters where code='ch1'), 1, '2024-25 Half Yearly', 1, 'easy', 60, 'mcq', 'Which of the following is a perfect square number?', '["$2^{6}  \\times  3^{3}$", "$2^{5}  \\times  7^{2}$", "3 × 2 × $7^{2}$", "11 × $3^{3}$ × 33"]'::jsonb, 3, '(d) 11 × $3^{3}$ × 33 = 11 × $3^{3}$ × 3 × 11 = $11^{2}  \times  3^{4} = \left(11  \times  3^{2}\right)^{2} = 99^{2}$. All prime factors occur in pairs.');
insert into questions (code, chapter_id, skill_id, source_exam, marks, difficulty, timer_seconds, type, stem_latex, options_latex, correct_option, answer_latex) values ('ch1-q005', (select id from chapters where code='ch1'), 4, '2024-25 Annual', 1, 'easy', 60, 'mcq', 'The least number by which 486 should be divided to make it a perfect square is', '["6", "3", "5", "7"]'::jsonb, 0, '(a) 6. 486 = 2 × $3^{5}$. Dividing by 2 × 3 = 6 gives 81 = $9^{2}$.');
insert into questions (code, chapter_id, skill_id, source_exam, marks, difficulty, timer_seconds, type, stem_latex, options_latex, correct_option, answer_latex) values ('ch1-q006', (select id from chapters where code='ch1'), 5, '2024-25 Annual', 1, 'easy', 60, 'mcq', 'Which of the following statements is true?', '["There are 5 perfect cubes between 1 and 100", "If $x^{2}$ ends with 5, then $x^{3}$ also ends with 5", "Cube of a one-digit number cannot be a two-digit number", "Cube root of 8 is +2 and -2"]'::jsonb, 1, '(b). If $x^{2}$ ends in 5, then x ends in 5, so $x^{3}$ also ends in 5. (There are only 3 perfect cubes between 1 and 100 — 8, 27, 64; $3^{3}$ = 27 is a two-digit cube; and the cube root of 8 is 2 only.)');
insert into questions (code, chapter_id, skill_id, source_exam, marks, difficulty, timer_seconds, type, stem_latex, options_latex, correct_option, answer_latex) values ('ch1-q007', (select id from chapters where code='ch1'), 6, '2023-24 Final', 1, 'easy', 60, 'mcq', 'If $\sqrt{11025}$ = x, then $\sqrt{1.1025}$ = ?', '["x/10", "x", "x/100", "x/1000"]'::jsonb, 2, '(c) x/100. $\sqrt{11025}$ = 105, and $\sqrt{1.1025}$ = 1.05 = $\frac{105}{100}$ = x/100.');
insert into questions (code, chapter_id, skill_id, source_exam, marks, difficulty, timer_seconds, type, stem_latex, options_latex, correct_option, answer_latex) values ('ch1-q008', (select id from chapters where code='ch1'), 7, '2022-23 Half Yearly', 1, 'easy', 60, 'mcq', 'A square number has 5 digits. Its square root is', '["always a 2-digit number", "always a 2-digit number", "always a 3-digit number", "could be a 2- or a 3-digit number"]'::jsonb, 2, '(c) always a 3-digit number. A 5-digit number lies between 10000 and 99999, so its square root lies between 100 and 316 — always 3 digits. (Options (a) and (b) are identical — a misprint in the original paper.)');
insert into questions (code, chapter_id, skill_id, source_exam, marks, difficulty, timer_seconds, type, stem_latex, options_latex, correct_option, answer_latex) values ('ch1-q009', (select id from chapters where code='ch1'), 8, '2022-23 Annual', 1, 'easy', 60, 'mcq', 'Cube of 0.3 is', '["0.27", "2.7", "0.0027", "0.027"]'::jsonb, 3, '(d) 0.027. $\left(0.3\right)^{3}$ = 0.3 × 0.3 × 0.3 = 0.027');
insert into questions (code, chapter_id, skill_id, source_exam, marks, difficulty, timer_seconds, type, stem_latex, options_latex, correct_option, answer_latex) values ('ch1-q010', (select id from chapters where code='ch1'), 3, '2021-22 Annual', 1, 'easy', 60, 'mcq', '25% of which of the following perfect cube numbers is equal to the cube root of that number?', '["125", "64", "8", "343"]'::jsonb, 2, '(c) 8. 25% of 8 = 2, and $\sqrt[3]{8}$ = 2.');
insert into questions (code, chapter_id, skill_id, source_exam, marks, difficulty, timer_seconds, type, stem_latex, options_latex, correct_option, answer_latex) values ('ch1-q011', (select id from chapters where code='ch1'), 9, '2021-22 PT-2', 1, 'easy', 60, 'mcq', 'If one member of a Pythagorean triplet is 12, which of these could be the remaining members?', '["35 and 6", "35 and 37", "37 and 36", "36 and 6"]'::jsonb, 1, '(b) 35 and 37. Using 2m = 12 ⇒ m = 6, giving $m^{2}$ - 1 = 35 and $m^{2}$ + 1 = 37. Check: $12^{2} + 35^{2} = 37^{2}$.');
insert into questions (code, chapter_id, skill_id, source_exam, marks, difficulty, timer_seconds, type, stem_latex, options_latex, correct_option, answer_latex) values ('ch1-q012', (select id from chapters where code='ch1'), 4, '2021-22 PT-2', 1, 'easy', 60, 'short', 'The prime factorisation of a number is 2 × 3 × 5 × $2^{5}  \times  5^{2}$. To make the number a perfect square we can
 (i) multiply the number by 2 × 3 × 5 (ii) multiply the number by 5 × 3
 (iii) divide the number by 5 × 3 (iv) divide the number by 2 × 3 × 5
(a) (i) and (iv) (b) (i) and (iii) (c) (ii) and (iii) (d) (ii) and (iv)', '[]'::jsonb, null, '(c) (ii) and (iii). The number = $2^{6}$ × 3 × $5^{3}$. Multiplying by 3 × 5 gives $2^{6}  \times  3^{2}  \times  5^{4}$; dividing by 3 × 5 gives $2^{6}  \times  5^{2}$. Both are perfect squares.');
insert into questions (code, chapter_id, skill_id, source_exam, marks, difficulty, timer_seconds, type, stem_latex, options_latex, correct_option, answer_latex) values ('ch1-q013', (select id from chapters where code='ch1'), 7, '2024-25 PT-2', 1, 'easy', 60, 'short', 'Which digit will be in the unit''s place of the square of 3457?', '[]'::jsonb, null, '9. The unit digit of 3457 is 7, and $7^{2}$ = 49, so the square ends in 9.');
insert into questions (code, chapter_id, skill_id, source_exam, marks, difficulty, timer_seconds, type, stem_latex, options_latex, correct_option, answer_latex) values ('ch1-q014', (select id from chapters where code='ch1'), 10, '2022-23 Annual', 1, 'easy', 60, 'short', 'The value of $\sqrt{128 - \sqrt{49}}$ is ________.', '[]'::jsonb, null, '11. $\sqrt{49}$ = 7, so $\sqrt{128 - 7} = \sqrt{121}$ = 11.');
insert into questions (code, chapter_id, skill_id, source_exam, marks, difficulty, timer_seconds, type, stem_latex, options_latex, correct_option, answer_latex) values ('ch1-q015', (select id from chapters where code='ch1'), 11, '2022-23 Annual', 1, 'easy', 60, 'short', 'Using estimation, the cube root of 74088 is ________.', '[]'::jsonb, null, '42. 74088 → last group gives unit digit 2; first group 74 lies between $4^{3}$ = 64 and $5^{3}$ = 125 ⇒ tens digit 4. So $\sqrt[3]{74088}$ = 42.');
insert into questions (code, chapter_id, skill_id, source_exam, marks, difficulty, timer_seconds, type, stem_latex, options_latex, correct_option, answer_latex) values ('ch1-q016', (select id from chapters where code='ch1'), 12, '2025-26 Half Yearly', 1, 'easy', 60, 'short', 'Evaluate: $\left(141\right)^{2} - \left(140\right)^{2}$', '[]'::jsonb, null, '281. $a^{2} - b^{2}$ = (a + b)(a - b) = (141 + 140)(141 - 140) = 281 × 1 = 281');
insert into questions (code, chapter_id, skill_id, source_exam, marks, difficulty, timer_seconds, type, stem_latex, options_latex, correct_option, answer_latex) values ('ch1-q017', (select id from chapters where code='ch1'), 13, '2025-26 Half Yearly', 1, 'easy', 60, 'short', 'Fill in the boxes with the correct numbers:
  ___ + 23 + ___ + 27 + ___ = $\left(\_\_\_\right)^{3}$', '[]'::jsonb, null, '21 + 23 + 25 + 27 + 29 = 125 = $5^{3}$. (The cube of n is the sum of n consecutive odd numbers.)');
insert into questions (code, chapter_id, skill_id, source_exam, marks, difficulty, timer_seconds, type, stem_latex, options_latex, correct_option, answer_latex) values ('ch1-q018', (select id from chapters where code='ch1'), 14, '2025-26 Annual', 1, 'easy', 60, 'short', 'A cubical vessel can hold 9261 cubic cm of water when filled to the brim. What is its height?', '[]'::jsonb, null, '21 cm. Height = $\sqrt[3]{9261}$ = 21.');
insert into questions (code, chapter_id, skill_id, source_exam, marks, difficulty, timer_seconds, type, stem_latex, options_latex, correct_option, answer_latex) values ('ch1-q019', (select id from chapters where code='ch1'), 11, '2025-26 Annual', 1, 'easy', 60, 'short', 'Estimate the cube root of 103823.', '[]'::jsonb, null, '47. ($47^{3}$ = 103823)');
insert into questions (code, chapter_id, skill_id, source_exam, marks, difficulty, timer_seconds, type, stem_latex, options_latex, correct_option, answer_latex) values ('ch1-q020', (select id from chapters where code='ch1'), 11, '2024-25 Half Yearly', 1, 'easy', 60, 'short', 'Estimate the length of each side of a cube if its volume is 12167 $\text{cm}^{3}$.', '[]'::jsonb, null, '23 cm. Side = $\sqrt[3]{12167}$ = 23.');
insert into questions (code, chapter_id, skill_id, source_exam, marks, difficulty, timer_seconds, type, stem_latex, options_latex, correct_option, answer_latex) values ('ch1-q021', (select id from chapters where code='ch1'), 6, '2024-25 Half Yearly', 1, 'easy', 60, 'short', 'If $\sqrt{7396}$ = 86, the value of $\sqrt{73960000} + \sqrt{0.007396}$ is ________.', '[]'::jsonb, null, '8600.086. $\sqrt{73960000}$ = 8600 and $\sqrt{0.007396}$ = 0.086.');
insert into questions (code, chapter_id, skill_id, source_exam, marks, difficulty, timer_seconds, type, stem_latex, options_latex, correct_option, answer_latex) values ('ch1-q022', (select id from chapters where code='ch1'), 11, '2023-24 Final', 1, 'easy', 60, 'short', 'Estimate the cube root of 13824.', '[]'::jsonb, null, '24. ($24^{3}$ = 13824)');
insert into questions (code, chapter_id, skill_id, source_exam, marks, difficulty, timer_seconds, type, stem_latex, options_latex, correct_option, answer_latex) values ('ch1-q023', (select id from chapters where code='ch1'), 1, '2022-23 Half Yearly', 1, 'easy', 60, 'short', 'Which of the following is definitely NOT a square number? Justify with a suitable reason.
 (a) 1253687  (b) 2318025', '[]'::jsonb, null, '(a) 1253687 is definitely not a square, because a perfect square can only end in 0, 1, 4, 5, 6 or 9 — never in 2, 3, 7 or 8. This number ends in 7.');
insert into questions (code, chapter_id, skill_id, source_exam, marks, difficulty, timer_seconds, type, stem_latex, options_latex, correct_option, answer_latex) values ('ch1-q024', (select id from chapters where code='ch1'), 11, '2023-24 PT-2', 1, 'easy', 60, 'short', 'The units digit and the tens digit of $\sqrt[3]{658503}$ are ________ and ________ respectively.', '[]'::jsonb, null, 'Units digit 7, tens digit 8 — $\sqrt[3]{658503}$ = 87.');
insert into questions (code, chapter_id, skill_id, source_exam, marks, difficulty, timer_seconds, type, stem_latex, options_latex, correct_option, answer_latex) values ('ch1-q025', (select id from chapters where code='ch1'), 12, '2023-24 PT-2', 1, 'easy', 60, 'short', 'Find $23^{2} - 22^{2}$ using a property of square numbers.', '[]'::jsonb, null, '45. For consecutive numbers, $a^{2} - b^{2}$ = a + b when a - b = 1. So $23^{2} - 22^{2}$ = 23 + 22 = 45.');
insert into questions (code, chapter_id, skill_id, source_exam, marks, difficulty, timer_seconds, type, stem_latex, options_latex, correct_option, answer_latex) values ('ch1-q026', (select id from chapters where code='ch1'), 9, '2023-24 PT-2', 1, 'easy', 60, 'short', 'Find the Pythagorean triplet whose largest member is 26.', '[]'::jsonb, null, '(10, 24, 26). Taking $m^{2}$ + 1 = 26 ⇒ m = 5, so 2m = 10 and $m^{2}$ - 1 = 24. Check: $10^{2} + 24^{2} = 26^{2}$.');
insert into questions (code, chapter_id, skill_id, source_exam, marks, difficulty, timer_seconds, type, stem_latex, options_latex, correct_option, answer_latex) values ('ch1-q027', (select id from chapters where code='ch1'), 9, '2024-25 PT-2', 2, 'medium', 120, 'short', 'If the hypotenuse of a right-angled triangle is 17, find the lengths of the other two sides.', '[]'::jsonb, null, '8 and 15. Taking $m^{2}$ + 1 = 17 ⇒ m = 4, so 2m = 8 and $m^{2}$ - 1 = 15. Check: $8^{2} + 15^{2}$ = 289 = $17^{2}$.');
insert into questions (code, chapter_id, skill_id, source_exam, marks, difficulty, timer_seconds, type, stem_latex, options_latex, correct_option, answer_latex) values ('ch1-q028', (select id from chapters where code='ch1'), 9, '2025-26 Half Yearly', 2, 'medium', 120, 'short', 'If one member of a Pythagorean triplet is 65, find the other two members.', '[]'::jsonb, null, '16 and 63. Taking $m^{2}$ + 1 = 65 ⇒ m = 8, so 2m = 16 and $m^{2}$ - 1 = 63. Check: $16^{2} + 63^{2} = 65^{2}$.');
insert into questions (code, chapter_id, skill_id, source_exam, marks, difficulty, timer_seconds, type, stem_latex, options_latex, correct_option, answer_latex) values ('ch1-q029', (select id from chapters where code='ch1'), 11, '2025-26 Half Yearly', 2, 'medium', 120, 'short', 'Find the cube root of (i) 79507 (using the shortcut method)  (ii) $\frac{27}{3^{9}}$', '[]'::jsonb, null, '(i) 43  (ii) $\frac{27}{3^{9}} = 3^{3}$/$3^{9} = 3^{-6}$, so the cube root is $3^{-2} = \frac{1}{9}$.');
insert into questions (code, chapter_id, skill_id, source_exam, marks, difficulty, timer_seconds, type, stem_latex, options_latex, correct_option, answer_latex) values ('ch1-q030', (select id from chapters where code='ch1'), 15, '2025-26 Half Yearly', 2, 'medium', 120, 'short', 'Find the value of x, if 1323/x is a perfect cube.', '[]'::jsonb, null, 'x = 49. 1323 = $3^{3}  \times  7^{2}$. Removing $7^{2}$ leaves $3^{3}$ = 27, a perfect cube. So x = 49.');
insert into questions (code, chapter_id, skill_id, source_exam, marks, difficulty, timer_seconds, type, stem_latex, options_latex, correct_option, answer_latex) values ('ch1-q031', (select id from chapters where code='ch1'), 3, '2024-25 Half Yearly', 2, 'medium', 120, 'short', 'If x = $\sqrt[3]{\left(\frac{27}{64}\right)}$ and y = $\sqrt[3]{\left(\frac{-1}{64}\right)}$, what is x + y?', '[]'::jsonb, null, '$\frac{1}{2}$. x = $\sqrt[3]{\left(\frac{27}{64}\right)} = \frac{3}{4}$ and y = $\sqrt[3]{\left(\frac{-1}{64}\right)} = \frac{-1}{4}$, so x + y = $\frac{3}{4} - \frac{1}{4} = \frac{1}{2}$.');
insert into questions (code, chapter_id, skill_id, source_exam, marks, difficulty, timer_seconds, type, stem_latex, options_latex, correct_option, answer_latex) values ('ch1-q032', (select id from chapters where code='ch1'), 4, '2024-25 PT-2', 3, 'hard', 210, 'long', 'What is the smallest number by which 8820 must be multiplied to make it a perfect square? Also find the square root of the number so obtained.', '[]'::jsonb, null, 'Multiply by 5; the square root is 210. 8820 = $2^{2}  \times  3^{2}$ × 5 × $7^{2}$. Only 5 is unpaired, so multiply by 5 → 44100 = $210^{2}$.');
insert into questions (code, chapter_id, skill_id, source_exam, marks, difficulty, timer_seconds, type, stem_latex, options_latex, correct_option, answer_latex) values ('ch1-q033', (select id from chapters where code='ch1'), 16, '2023-24 PT-2', 2, 'medium', 120, 'short', 'Find the smallest number which must be subtracted from 5676 to make it a perfect square. Also find the square root of the perfect square so obtained.', '[]'::jsonb, null, 'Subtract 51; the square root is 75. $75^{2}$ = 5625 and $76^{2}$ = 5776, so 5676 - 5625 = 51.');
insert into questions (code, chapter_id, skill_id, source_exam, marks, difficulty, timer_seconds, type, stem_latex, options_latex, correct_option, answer_latex) values ('ch1-q034', (select id from chapters where code='ch1'), 2, '2023-24 PT-2', 2, 'medium', 120, 'short', 'Simplify: ($\sqrt[3]{343} + \sqrt[3]{0.343}$) × $\sqrt[3]{10^{6}}$', '[]'::jsonb, null, '770. $\sqrt[3]{343}$ = 7, $\sqrt[3]{0.343}$ = 0.7, $\sqrt[3]{10^{6}}$ = 100. So (7 + 0.7) × 100 = 770.');
insert into questions (code, chapter_id, skill_id, source_exam, marks, difficulty, timer_seconds, type, stem_latex, options_latex, correct_option, answer_latex) values ('ch1-q035', (select id from chapters where code='ch1'), 4, '2022-23 Half Yearly', 2, 'medium', 120, 'short', 'Find the smallest number by which 2352 must be multiplied to obtain a perfect square. Find the square root of the new number so formed.', '[]'::jsonb, null, 'Multiply by 3; the square root is 84. 2352 = $2^{4}$ × 3 × $7^{2}$. Only 3 is unpaired → 2352 × 3 = 7056 = $84^{2}$.');
insert into questions (code, chapter_id, skill_id, source_exam, marks, difficulty, timer_seconds, type, stem_latex, options_latex, correct_option, answer_latex) values ('ch1-q036', (select id from chapters where code='ch1'), 6, '2022-23 Half Yearly', 2, 'medium', 120, 'short', 'Find the value of $\sqrt{625} + \sqrt{0.000625} + \sqrt{0.0625}$', '[]'::jsonb, null, '25.275. $\sqrt{625}$ = 25, $\sqrt{0.000625}$ = 0.025, $\sqrt{0.0625}$ = 0.25. Sum = 25.275.');
insert into questions (code, chapter_id, skill_id, source_exam, marks, difficulty, timer_seconds, type, stem_latex, options_latex, correct_option, answer_latex) values ('ch1-q037', (select id from chapters where code='ch1'), 3, '2021-22 Annual', 1, 'easy', 60, 'short', 'Find the cube root of $\left(18\right)^{3}  \times  \left(\frac{1}{12}\right)^{3}$.', '[]'::jsonb, null, '$\frac{3}{2}$ (= 1.5). $\sqrt[3]{18^{3}  \times  \left(\frac{1}{12}\right)^{3}}$ = 18 × $\frac{1}{12} = \frac{3}{2}$.');
insert into questions (code, chapter_id, skill_id, source_exam, marks, difficulty, timer_seconds, type, stem_latex, options_latex, correct_option, answer_latex) values ('ch1-q038', (select id from chapters where code='ch1'), 11, '2021-22 Annual', 2, 'medium', 120, 'short', 'Find the cube root of 19683 by estimation.', '[]'::jsonb, null, '27. ($27^{3}$ = 19683)');
insert into questions (code, chapter_id, skill_id, source_exam, marks, difficulty, timer_seconds, type, stem_latex, options_latex, correct_option, answer_latex) values ('ch1-q039', (select id from chapters where code='ch1'), 6, '2021-22 PT-2', 2, 'medium', 120, 'short', 'If $\sqrt{3844}$ = 62 and $\sqrt{32.49}$ = 5.7, find the value of $\sqrt{0.3844} - \sqrt{0.003249}$', '[]'::jsonb, null, '0.563. $\sqrt{0.3844}$ = 0.62 and $\sqrt{0.003249}$ = 0.057, so 0.62 - 0.057 = 0.563.');
insert into questions (code, chapter_id, skill_id, source_exam, marks, difficulty, timer_seconds, type, stem_latex, options_latex, correct_option, answer_latex) values ('ch1-q040', (select id from chapters where code='ch1'), 14, '2024-25 Annual', 2, 'medium', 120, 'short', 'Find the cube root of 17576 by prime factorisation.', '[]'::jsonb, null, '26. 17576 = $2^{3}  \times  13^{3}$, so $\sqrt[3]{17576}$ = 2 × 13 = 26.');
insert into questions (code, chapter_id, skill_id, source_exam, marks, difficulty, timer_seconds, type, stem_latex, options_latex, correct_option, answer_latex) values ('ch1-q041', (select id from chapters where code='ch1'), 17, '2024-25 Annual', 3, 'hard', 210, 'long', 'Find $\sqrt{20}$ up to two decimal places.', '[]'::jsonb, null, '4.47. ($4.47^{2}$ = 19.9809, and $4.48^{2}$ = 20.0704)');
insert into questions (code, chapter_id, skill_id, source_exam, marks, difficulty, timer_seconds, type, stem_latex, options_latex, correct_option, answer_latex) values ('ch1-q042', (select id from chapters where code='ch1'), 6, '2025-26 Half Yearly', 3, 'hard', 210, 'long', 'Using long division, find $\sqrt{691.69}$', '[]'::jsonb, null, '26.3');
insert into questions (code, chapter_id, skill_id, source_exam, marks, difficulty, timer_seconds, type, stem_latex, options_latex, correct_option, answer_latex) values ('ch1-q043', (select id from chapters where code='ch1'), 6, '2025-26 Annual', 3, 'hard', 210, 'long', 'Find the square root of 125.44 using the long division method.', '[]'::jsonb, null, '11.2');
insert into questions (code, chapter_id, skill_id, source_exam, marks, difficulty, timer_seconds, type, stem_latex, options_latex, correct_option, answer_latex) values ('ch1-q044', (select id from chapters where code='ch1'), 6, '2024-25 Half Yearly', 3, 'hard', 210, 'long', 'Find the square root of 2079.36.', '[]'::jsonb, null, '45.6');
insert into questions (code, chapter_id, skill_id, source_exam, marks, difficulty, timer_seconds, type, stem_latex, options_latex, correct_option, answer_latex) values ('ch1-q045', (select id from chapters where code='ch1'), 6, '2023-24 PT-2', 4, 'challenge', 300, 'long', 'Find the square root of 108.16 by the long division method.', '[]'::jsonb, null, '10.4');
insert into questions (code, chapter_id, skill_id, source_exam, marks, difficulty, timer_seconds, type, stem_latex, options_latex, correct_option, answer_latex) values ('ch1-q046', (select id from chapters where code='ch1'), 6, '2023-24 Final', 2, 'medium', 120, 'short', 'Find $\sqrt{54.76}$ using the long division method.', '[]'::jsonb, null, '7.4');
insert into questions (code, chapter_id, skill_id, source_exam, marks, difficulty, timer_seconds, type, stem_latex, options_latex, correct_option, answer_latex) values ('ch1-q047', (select id from chapters where code='ch1'), 6, '2022-23 Half Yearly', 3, 'hard', 210, 'long', 'Find the square root of 8136.04 by long division.', '[]'::jsonb, null, '90.2');
insert into questions (code, chapter_id, skill_id, source_exam, marks, difficulty, timer_seconds, type, stem_latex, options_latex, correct_option, answer_latex) values ('ch1-q048', (select id from chapters where code='ch1'), 18, '2025-26 Half Yearly', 3, 'hard', 210, 'long', 'Find the smallest square number which is divisible by 10, 20 and 28.', '[]'::jsonb, null, '4900 (= $70^{2}$). LCM(10, 20, 28) = 140 = $2^{2}$ × 5 × 7. To make it a square, multiply by 5 × 7 = 35 → 4900.');
insert into questions (code, chapter_id, skill_id, source_exam, marks, difficulty, timer_seconds, type, stem_latex, options_latex, correct_option, answer_latex) values ('ch1-q049', (select id from chapters where code='ch1'), 15, '2025-26 Half Yearly', 3, 'hard', 210, 'long', 'Is 2560 a perfect cube? If not, find the smallest natural number by which 2560 should be multiplied so that the product is a perfect cube.', '[]'::jsonb, null, 'No, 2560 is not a perfect cube. 2560 = $2^{9}$ × 5. Multiply by $5^{2}$ = 25 → 64000 = $40^{3}$.');
insert into questions (code, chapter_id, skill_id, source_exam, marks, difficulty, timer_seconds, type, stem_latex, options_latex, correct_option, answer_latex) values ('ch1-q050', (select id from chapters where code='ch1'), 18, '2024-25 Half Yearly', 3, 'hard', 210, 'long', 'Find the smallest perfect cube that is divisible by 4, 9 and 10.', '[]'::jsonb, null, '27000 (= $30^{3}$). LCM(4, 9, 10) = 180 = $2^{2}  \times  3^{2}$ × 5. For a cube each prime needs a power that is a multiple of 3 → $2^{3}  \times  3^{3}  \times  5^{3}$ = 27000.');
insert into questions (code, chapter_id, skill_id, source_exam, marks, difficulty, timer_seconds, type, stem_latex, options_latex, correct_option, answer_latex) values ('ch1-q051', (select id from chapters where code='ch1'), 18, '2022-23 Half Yearly', 3, 'hard', 210, 'long', 'Find the smallest perfect square number which is exactly divisible by 80, 12, 24 and 36. Also find its square root.', '[]'::jsonb, null, '3600 (= $60^{2}$); square root = 60. LCM(80, 12, 24, 36) = 720 = $2^{4}  \times  3^{2}$ × 5. Only 5 is unpaired → 720 × 5 = 3600.');
insert into questions (code, chapter_id, skill_id, source_exam, marks, difficulty, timer_seconds, type, stem_latex, options_latex, correct_option, answer_latex) values ('ch1-q052', (select id from chapters where code='ch1'), 15, '2022-23 Annual', 3, 'hard', 210, 'long', 'Find the smallest whole number by which 23625 must be divided so that the quotient is a perfect cube. Also find the cube root of the cube number so obtained.', '[]'::jsonb, null, 'Divide by 7; the cube root is 15. 23625 = $3^{3}  \times  5^{3}$ × 7. Removing 7 gives 3375 = $15^{3}$.');
insert into questions (code, chapter_id, skill_id, source_exam, marks, difficulty, timer_seconds, type, stem_latex, options_latex, correct_option, answer_latex) values ('ch1-q053', (select id from chapters where code='ch1'), 16, '2021-22 PT-2', 3, 'hard', 210, 'long', 'Find (a) the least number which must be subtracted from 7400 so as to get a perfect square, and (b) the least number which must be added to 7400 so as to get a perfect square.', '[]'::jsonb, null, '(a) Subtract 4. $86^{2}$ = 7396, so 7400 - 7396 = 4.
(b) Add 169. $87^{2}$ = 7569, so 7569 - 7400 = 169.');
insert into questions (code, chapter_id, skill_id, source_exam, marks, difficulty, timer_seconds, type, stem_latex, options_latex, correct_option, answer_latex) values ('ch1-q054', (select id from chapters where code='ch1'), 12, '2024-25 Half Yearly', 3, 'hard', 210, 'long', '(a) Between $23^{2}$ and $24^{2}$ there are ________ natural numbers.
(b) The square root of the number 161728401 will have ________ digits.
(c) The sum of the first 17 odd natural numbers is ________.', '[]'::jsonb, null, '(a) 46. Between $n^{2}$ and $\left(n + 1\right)^{2}$ there are 2n numbers, so 2 × 23 = 46.
(b) 5 digits. 161728401 has 9 digits, and the square root of an n-digit number has (n + 1)/2 digits when n is odd.
(c) 289. The sum of the first n odd numbers is $n^{2}$, so $17^{2}$ = 289.');
insert into questions (code, chapter_id, skill_id, source_exam, marks, difficulty, timer_seconds, type, stem_latex, options_latex, correct_option, answer_latex) values ('ch1-q055', (select id from chapters where code='ch1'), 12, '2022-23 Half Yearly', 4, 'challenge', 300, 'long', '(a) Write the Pythagorean triplet whose one of the numbers is 24.
(b) How many natural numbers lie between $18^{2}$ and $19^{2}$?
(c) Express 36 as the sum of consecutive odd numbers.', '[]'::jsonb, null, '(a) (24, 143, 145), using 2m = 24 ⇒ m = 12. (The well-known triplet (7, 24, 25) also contains 24.)
(b) 36. 2 × 18 = 36.
(c) 36 = 1 + 3 + 5 + 7 + 9 + 11 (the first 6 odd numbers, and $6^{2}$ = 36).');
insert into questions (code, chapter_id, skill_id, source_exam, marks, difficulty, timer_seconds, type, stem_latex, options_latex, correct_option, answer_latex) values ('ch1-q056', (select id from chapters where code='ch1'), 15, '2023-24 Final', 2, 'medium', 120, 'short', 'Sakshi makes a cuboid of sides 15 cm × 30 cm × 15 cm. How many such cuboids will she need to form a cube?', '[]'::jsonb, null, '4 cuboids. Volume of one cuboid = 15 × 30 × 15 = 6750 = 2 × $3^{3}  \times  5^{3}$. Only 2 is short of a triple, so multiply by $2^{2}$ = 4 → 27000 = $30^{3}$.');
insert into questions (code, chapter_id, skill_id, source_exam, marks, difficulty, timer_seconds, type, stem_latex, options_latex, correct_option, answer_latex) values ('ch1-q057', (select id from chapters where code='ch1'), 19, '2025-26 Half Yearly', 3, 'hard', 210, 'long', 'Three friends had some money in the ratio 2 : 3 : 4. If the sum of the cubes of the amounts is ₹792, find how much money each of them had.', '[]'::jsonb, null, '₹4, ₹6 and ₹8. Let the amounts be 2x, 3x, 4x. Then 8$x^{3}$ + 27$x^{3}$ + 64$x^{3}$ = 99$x^{3}$ = 792 ⇒ $x^{3}$ = 8 ⇒ x = 2.');
insert into questions (code, chapter_id, skill_id, source_exam, marks, difficulty, timer_seconds, type, stem_latex, options_latex, correct_option, answer_latex) values ('ch1-q058', (select id from chapters where code='ch1'), 19, '2023-24 PT-2', 3, 'hard', 210, 'long', 'Three numbers are in the ratio 2 : 3 : 4. If the sum of their cubes is 131769, find the three numbers.', '[]'::jsonb, null, '22, 33 and 44. 99$x^{3}$ = 131769 ⇒ $x^{3}$ = 1331 ⇒ x = 11.');
insert into questions (code, chapter_id, skill_id, source_exam, marks, difficulty, timer_seconds, type, stem_latex, options_latex, correct_option, answer_latex) values ('ch1-q059', (select id from chapters where code='ch1'), 20, '2025-26 Half Yearly', 4, 'challenge', 300, 'long', 'As part of the Independence Day programme, a group of people were arranged so that the number of rows was equal to the number of columns, forming a square formation. If there were 9450 people, how many more persons are required to make this arrangement possible? Also find the number of persons in each row.', '[]'::jsonb, null, '154 more persons; 98 persons in each row. $97^{2}$ = 9409 and $98^{2}$ = 9604, so 9604 - 9450 = 154.');
insert into questions (code, chapter_id, skill_id, source_exam, marks, difficulty, timer_seconds, type, stem_latex, options_latex, correct_option, answer_latex) values ('ch1-q060', (select id from chapters where code='ch1'), 20, '2024-25 Half Yearly', 3, 'hard', 210, 'long', 'For the Republic Day parade, dancers are to be arranged in a formation such that the number of rows equals the number of columns. There are 2016 dancers in the group.
(a) What is the minimum number of dancers to be added to make this arrangement?
(b) Find the number of dancers in each row.', '[]'::jsonb, null, '(a) 9 dancers. $44^{2}$ = 1936 and $45^{2}$ = 2025, so 2025 - 2016 = 9.
(b) 45 dancers in each row.');
insert into questions (code, chapter_id, skill_id, source_exam, marks, difficulty, timer_seconds, type, stem_latex, options_latex, correct_option, answer_latex) values ('ch1-q061', (select id from chapters where code='ch1'), 20, '2022-23 Half Yearly', 4, 'challenge', 300, 'long', 'Daisy is decorating flowers in rows such that the number of flowers in one row is equal to the number of rows. She has 5646 flowers. How many more flowers does she need to make such an arrangement? How many flowers does she place in a row?', '[]'::jsonb, null, '130 more flowers; 76 flowers in a row. $75^{2}$ = 5625 and $76^{2}$ = 5776, so 5776 - 5646 = 130.');
insert into questions (code, chapter_id, skill_id, source_exam, marks, difficulty, timer_seconds, type, stem_latex, options_latex, correct_option, answer_latex) values ('ch1-q062', (select id from chapters where code='ch1'), 20, '2022-23 Annual', 3, 'hard', 210, 'long', 'In a meeting hall there are 13695 chairs. The organiser arranged the chairs so that the number of chairs in each row is equal to the number of rows. Find the least number of chairs left out of this arrangement.', '[]'::jsonb, null, '6 chairs. $117^{2}$ = 13689, and 13695 - 13689 = 6.');
insert into questions (code, chapter_id, skill_id, source_exam, marks, difficulty, timer_seconds, type, stem_latex, options_latex, correct_option, answer_latex) values ('ch1-q063', (select id from chapters where code='ch1'), 21, '2024-25 Half Yearly', 4, 'challenge', 300, 'long', 'The area of a square ground is 7056 $m^{2}$. Find the perimeter of the square ground. Also find the cost of fencing it at the rate of ₹12 per metre.', '[]'::jsonb, null, 'Perimeter = 336 m; cost = ₹4032. Side = $\sqrt{7056}$ = 84 m, so perimeter = 4 × 84 = 336 m and cost = 336 × 12 = ₹4032.');
insert into questions (code, chapter_id, skill_id, source_exam, marks, difficulty, timer_seconds, type, stem_latex, options_latex, correct_option, answer_latex) values ('ch2-q001', (select id from chapters where code='ch2'), 22, '2025-26 Annual', 1, 'easy', 60, 'mcq', '$\left(-3p^{-3}\right)^{2}$ = ________', '["-3$p^{-6}$", "9$p^{-6}$", "-9$p^{6}$", "6$p^{6}$"]'::jsonb, 1, '(b) 9$p^{-6}$. $\left(-3p^{-3}\right)^{2} = \left(-3\right)^{2}  \times  \left(p^{-3}\right)^{2}$ = 9$p^{-6}$.');
insert into questions (code, chapter_id, skill_id, source_exam, marks, difficulty, timer_seconds, type, stem_latex, options_latex, correct_option, answer_latex) values ('ch2-q002', (select id from chapters where code='ch2'), 22, '2025-26 Half Yearly', 1, 'easy', 60, 'mcq', 'The value of $\left(0.03\right)^{-2}  \times  \left(0.000027\right)^{3}$ is', '["$\\left(0.03\\right)^{5}$", "$\\left(0.03\\right)^{7}$", "0.03", "$\\left(0.3\\right)^{7}$"]'::jsonb, 1, '(b) $\left(0.03\right)^{7}$. 0.000027 = $\left(0.03\right)^{3}$, so $\left(0.03\right)^{-2}  \times  \left(0.03\right)^{9} = \left(0.03\right)^{7}$.');
insert into questions (code, chapter_id, skill_id, source_exam, marks, difficulty, timer_seconds, type, stem_latex, options_latex, correct_option, answer_latex) values ('ch2-q003', (select id from chapters where code='ch2'), 23, '2024-25 Half Yearly', 1, 'easy', 60, 'mcq', 'The value of [ $\left(\frac{2}{3}\right)^{2}  \times  \left(\frac{-1}{3}\right)^{-2}$ ]^{2} is ________', '["$4^{2}$", "$\\left(\\frac{1}{4}\\right)^{2}$", "$\\left(\\frac{4}{81}\\right)^{2}$", "$\\left(\\frac{81}{4}\\right)^{2}$"]'::jsonb, 0, '(a) $4^{2}$. $\left(\frac{2}{3}\right)^{2} = \frac{4}{9}$ and $\left(\frac{-1}{3}\right)^{-2}$ = 9, so the bracket = 4, and $4^{2}$ follows.');
insert into questions (code, chapter_id, skill_id, source_exam, marks, difficulty, timer_seconds, type, stem_latex, options_latex, correct_option, answer_latex) values ('ch2-q004', (select id from chapters where code='ch2'), 22, '2023-24 Half Yearly', 1, 'easy', 60, 'mcq', 'Which of these is equal to $\left(10\right)^{-6}$?', '["$10^{-3}  \\div  10^{9}$", "$10^{3}  \\div  10^{-9}$", "$10^{3}  \\div  10^{9}$", "$10^{-3}  \\div  10^{-9}$"]'::jsonb, 2, '(c) $10^{3}  \div  10^{9} = 10^{3-9} = 10^{-6}$.');
insert into questions (code, chapter_id, skill_id, source_exam, marks, difficulty, timer_seconds, type, stem_latex, options_latex, correct_option, answer_latex) values ('ch2-q005', (select id from chapters where code='ch2'), 24, '2022-23 Half Yearly', 1, 'easy', 60, 'mcq', 'What number comes in the blank to make the number sentence true?', '["$\\left(\\frac{-5}{7}\\right)^{-3}$", "$\\left(\\frac{-7}{5}\\right)^{-3}$", "$\\left(\\frac{5}{7}\\right)^{3}$", "$\\left(\\frac{7}{5}\\right)^{3}$"]'::jsonb, 1, '(b) $\left(\frac{-7}{5}\right)^{-3}$. $\left(\frac{7}{-5}\right)^{3} = \left(\frac{-7}{5}\right)^{3}$, and a number times its reciprocal is 1, so the blank is $\left(\frac{-7}{5}\right)^{-3}$.');
insert into questions (code, chapter_id, skill_id, source_exam, marks, difficulty, timer_seconds, type, stem_latex, options_latex, correct_option, answer_latex) values ('ch2-q006', (select id from chapters where code='ch2'), 25, '2022-23 PT-1', 1, 'easy', 60, 'mcq', 'The value of $1^{-7} + 1^{7} + 1^{0}$ is', '["0", "1", "2", "3"]'::jsonb, 3, '(d) 3. Any power of 1 is 1, so 1 + 1 + 1 = 3.');
insert into questions (code, chapter_id, skill_id, source_exam, marks, difficulty, timer_seconds, type, stem_latex, options_latex, correct_option, answer_latex) values ('ch2-q007', (select id from chapters where code='ch2'), 23, '2022-23 PT-1', 1, 'easy', 60, 'mcq', 'The value of $x^{-1}  \div  y^{-1}$ is', '["y/x", "x/y", "1/xy", "xy/1"]'::jsonb, 0, '(a) y/x. $x^{-1}  \div  y^{-1} = \left(\frac{1}{x}\right)  \div  \left(\frac{1}{y}\right) = \left(\frac{1}{x}\right)$ × y = y/x.');
insert into questions (code, chapter_id, skill_id, source_exam, marks, difficulty, timer_seconds, type, stem_latex, options_latex, correct_option, answer_latex) values ('ch2-q008', (select id from chapters where code='ch2'), 26, '2021-22 Half Yearly', 1, 'easy', 60, 'mcq', '($12^{2} - 5^{3}$) × $\left(-1\right)^{20}$/19 equals ________', '["0", "1", "-1", "2"]'::jsonb, 1, '(b) 1. $12^{2} - 5^{3}$ = 144 - 125 = 19, and $\left(-1\right)^{20}$ = 1, so 19 × $\left(\frac{1}{19}\right)$ = 1.');
insert into questions (code, chapter_id, skill_id, source_exam, marks, difficulty, timer_seconds, type, stem_latex, options_latex, correct_option, answer_latex) values ('ch2-q009', (select id from chapters where code='ch2'), 23, '2021-22 Half Yearly', 1, 'easy', 60, 'mcq', 'If x = $\left(\frac{5}{8}\right)^{-2}  \times  \left(\frac{4}{5}\right)^{-2}$, then the value of $x^{-1}$ is ________', '["$\\frac{1}{4}$", "64", "4", "$\\frac{1}{64}$"]'::jsonb, 0, '(a) $\frac{1}{4}$. $\left(\frac{5}{8}\right)^{-2} = \frac{64}{25}$ and $\left(\frac{4}{5}\right)^{-2} = \frac{25}{16}$, so x = 4 and $x^{-1} = \frac{1}{4}$.');
insert into questions (code, chapter_id, skill_id, source_exam, marks, difficulty, timer_seconds, type, stem_latex, options_latex, correct_option, answer_latex) values ('ch2-q010', (select id from chapters where code='ch2'), 27, '2021-22 PT-1', 1, 'easy', 60, 'mcq', 'Which of the following statements is true?', '["4.26 × $10^{6}$ = 4260 × $10^{4}$", "4.26 × $10^{5}$ = 42600000", "4.26 × $10^{7}$ = 42600000", "4.26 × $10^{6}$ = 426 × $10^{5}$"]'::jsonb, 2, '(c). 4.26 × $10^{7}$ = 42600000.');
insert into questions (code, chapter_id, skill_id, source_exam, marks, difficulty, timer_seconds, type, stem_latex, options_latex, correct_option, answer_latex) values ('ch2-q011', (select id from chapters where code='ch2'), 24, '2021-22 PT-1', 1, 'easy', 60, 'mcq', 'The multiplicative inverse of $5^{-2}$ is ________', '["1", "5", "10", "25"]'::jsonb, 3, '(d) 25. $5^{-2} = \frac{1}{25}$, whose multiplicative inverse is 25.');
insert into questions (code, chapter_id, skill_id, source_exam, marks, difficulty, timer_seconds, type, stem_latex, options_latex, correct_option, answer_latex) values ('ch2-q012', (select id from chapters where code='ch2'), 26, '2023-24 Half Yearly', 1, 'easy', 60, 'short', 'The value of $\left(-2\right)^{0} - \left(-2\right)^{1} + \left(-2\right)^{2} + \left(-2\right)^{3}$ is ________.', '[]'::jsonb, null, '-1. $\left(-2\right)^{0} - \left(-2\right)^{1} + \left(-2\right)^{2} + \left(-2\right)^{3}$ = 1 + 2 + 4 - 8 = -1.');
insert into questions (code, chapter_id, skill_id, source_exam, marks, difficulty, timer_seconds, type, stem_latex, options_latex, correct_option, answer_latex) values ('ch2-q013', (select id from chapters where code='ch2'), 27, '2025-26 Half Yearly', 1, 'easy', 60, 'short', 'Write 0.00003412652 in standard form.', '[]'::jsonb, null, '3.412652 × $10^{-5}$');
insert into questions (code, chapter_id, skill_id, source_exam, marks, difficulty, timer_seconds, type, stem_latex, options_latex, correct_option, answer_latex) values ('ch2-q014', (select id from chapters where code='ch2'), 27, '2021-22 PT-1', 1, 'easy', 60, 'short', 'Express 34500000 in standard form.', '[]'::jsonb, null, '3.45 × $10^{7}$');
insert into questions (code, chapter_id, skill_id, source_exam, marks, difficulty, timer_seconds, type, stem_latex, options_latex, correct_option, answer_latex) values ('ch2-q015', (select id from chapters where code='ch2'), 22, '2024-25 Half Yearly', 1, 'easy', 60, 'short', 'Fill in the blank: ________ ÷ $\left(\frac{1}{5}\right)^{-3} = \left(\frac{1}{5}\right)^{2}$', '[]'::jsonb, null, '5. The blank = $\left(\frac{1}{5}\right)^{2}  \times  \left(\frac{1}{5}\right)^{-3} = \left(\frac{1}{5}\right)^{-1}$ = 5.');
insert into questions (code, chapter_id, skill_id, source_exam, marks, difficulty, timer_seconds, type, stem_latex, options_latex, correct_option, answer_latex) values ('ch2-q016', (select id from chapters where code='ch2'), 23, '2025-26 Annual', 1, 'easy', 60, 'short', 'Find the value of $\left(1^{-1} - 3^{-1}\right)^{-1}$.', '[]'::jsonb, null, '$\frac{3}{2}$. $1^{-1}$ = 1 and $3^{-1} = \frac{1}{3}$, so $\left(1 - \frac{1}{3}\right)^{-1} = \left(\frac{2}{3}\right)^{-1} = \frac{3}{2}$.');
insert into questions (code, chapter_id, skill_id, source_exam, marks, difficulty, timer_seconds, type, stem_latex, options_latex, correct_option, answer_latex) values ('ch2-q017', (select id from chapters where code='ch2'), 28, '2024-25 Annual', 1, 'easy', 60, 'short', 'Two steel rods weigh 15 × $10^{3}$ kg and 2.6 × $10^{2}$ kg respectively. Find the total weight of the rods.', '[]'::jsonb, null, '15260 kg (= 1.526 × $10^{4}$ kg). 15 × $10^{3}$ = 15000 and 2.6 × $10^{2}$ = 260.');
insert into questions (code, chapter_id, skill_id, source_exam, marks, difficulty, timer_seconds, type, stem_latex, options_latex, correct_option, answer_latex) values ('ch2-q018', (select id from chapters where code='ch2'), 29, '2024-25 Annual', 1, 'easy', 60, 'short', 'If (5$x^{a}$)($\text{bx}^{2}$) = 35$x^{8}$, find the values of a and b (where a and b are natural numbers).', '[]'::jsonb, null, 'a = 6, b = 7. 5b × $x^{a+2}$ = 35$x^{8}$ ⇒ 5b = 35 ⇒ b = 7, and a + 2 = 8 ⇒ a = 6.');
insert into questions (code, chapter_id, skill_id, source_exam, marks, difficulty, timer_seconds, type, stem_latex, options_latex, correct_option, answer_latex) values ('ch2-q019', (select id from chapters where code='ch2'), 25, '2022-23 Half Yearly', 1, 'easy', 60, 'short', 'Find the value of $5^{-1}$($5^{0} + 6^{0} + 7^{0}$) + $5^{-1}$.', '[]'::jsonb, null, '$\frac{4}{5}$. Any non-zero number to the power 0 is 1, so $5^{-1}$(1 + 1 + 1) + $5^{-1} = \frac{3}{5} + \frac{1}{5} = \frac{4}{5}$.');
insert into questions (code, chapter_id, skill_id, source_exam, marks, difficulty, timer_seconds, type, stem_latex, options_latex, correct_option, answer_latex) values ('ch2-q020', (select id from chapters where code='ch2'), 22, '2021-22 PT-1', 2, 'medium', 120, 'short', 'Simplify: $\left(\frac{24}{3}\right)^{4}  \times  \left(\frac{3}{8}\right)^{4}$', '[]'::jsonb, null, '81. $\left(\frac{24}{3}\right)$ = 8, so $8^{4}  \times  \left(\frac{3}{8}\right)^{4} = \left(8  \times  \frac{3}{8}\right)^{4} = 3^{4}$ = 81.');
insert into questions (code, chapter_id, skill_id, source_exam, marks, difficulty, timer_seconds, type, stem_latex, options_latex, correct_option, answer_latex) values ('ch2-q021', (select id from chapters where code='ch2'), 23, '2023-24 Half Yearly', 2, 'medium', 120, 'short', 'Simplify: $2^{-5} - 8^{-2} + 2^{-3}$', '[]'::jsonb, null, '$\frac{9}{64}$. $2^{-5} = \frac{1}{32}$, $8^{-2} = \frac{1}{64}$, $2^{-3} = \frac{1}{8}$. So $\frac{2}{64} - \frac{1}{64} + \frac{8}{64} = \frac{9}{64}$.');
insert into questions (code, chapter_id, skill_id, source_exam, marks, difficulty, timer_seconds, type, stem_latex, options_latex, correct_option, answer_latex) values ('ch2-q022', (select id from chapters where code='ch2'), 22, '2022-23 Half Yearly', 2, 'medium', 120, 'short', 'Evaluate: [ $\left(\frac{-2}{3}\right)^{3}  \times  \left(\frac{-2}{3}\right)$ ] ÷ $\left(\frac{4}{9}\right)^{2}$', '[]'::jsonb, null, '1. $\left(\frac{-2}{3}\right)^{3}  \times  \left(\frac{-2}{3}\right) = \left(\frac{-2}{3}\right)^{4} = \frac{16}{81}$, and $\left(\frac{4}{9}\right)^{2} = \frac{16}{81}$. So the quotient is 1.');
insert into questions (code, chapter_id, skill_id, source_exam, marks, difficulty, timer_seconds, type, stem_latex, options_latex, correct_option, answer_latex) values ('ch2-q023', (select id from chapters where code='ch2'), 22, '2024-25 Annual', 2, 'medium', 120, 'short', 'Evaluate: [ $\left(5^{2}\right)^{-1}$ × 125 ] ÷ $\left(\frac{1}{5}\right)^{-2}$', '[]'::jsonb, null, '$\frac{1}{5}$. $\left(5^{2}\right)^{-1}$ × 125 = $5^{-2}  \times  5^{3}$ = 5, and $\left(\frac{1}{5}\right)^{-2}$ = 25. So 5 ÷ 25 = $\frac{1}{5}$.');
insert into questions (code, chapter_id, skill_id, source_exam, marks, difficulty, timer_seconds, type, stem_latex, options_latex, correct_option, answer_latex) values ('ch2-q024', (select id from chapters where code='ch2'), 22, '2025-26 Half Yearly', 2, 'medium', 120, 'short', 'Simplify: ($p^{7}$ $q^{2}$ $r^{-4}$) / ($r^{-8}$ $p^{3}$ $q^{-2}$)', '[]'::jsonb, null, '$p^{4}$ $q^{4}$ $r^{4}$. Subtract exponents: $p^{7-3}$ $q^{2-(-2)}$ $r^{-4-(-8)} = p^{4}$ $q^{4}$ $r^{4}$.');
insert into questions (code, chapter_id, skill_id, source_exam, marks, difficulty, timer_seconds, type, stem_latex, options_latex, correct_option, answer_latex) values ('ch2-q025', (select id from chapters where code='ch2'), 29, '2025-26 Half Yearly', 2, 'medium', 120, 'short', 'Find the value of x:  $5^{-8}  \times  \left(5^{3}\right)^{x} = 25^{3}  \times  5^{x}$', '[]'::jsonb, null, 'x = 7. LHS = $5^{-8+3x}$, RHS = $5^{6+x}$. So -8 + 3x = 6 + x ⇒ 2x = 14 ⇒ x = 7.');
insert into questions (code, chapter_id, skill_id, source_exam, marks, difficulty, timer_seconds, type, stem_latex, options_latex, correct_option, answer_latex) values ('ch2-q026', (select id from chapters where code='ch2'), 29, '2023-24 Half Yearly', 2, 'medium', 120, 'short', 'Find the value of p if  $12^{p}  \times  12^{-3} = \left(\frac{1}{12}\right)^{-5}$', '[]'::jsonb, null, 'p = 8. $\left(\frac{1}{12}\right)^{-5} = 12^{5}$, so $12^{p-3} = 12^{5}$ ⇒ p = 8.');
insert into questions (code, chapter_id, skill_id, source_exam, marks, difficulty, timer_seconds, type, stem_latex, options_latex, correct_option, answer_latex) values ('ch2-q027', (select id from chapters where code='ch2'), 29, '2022-23 PT-1', 2, 'medium', 120, 'short', 'Find the value of x if  $\left(\frac{4}{5}\right)^{3}  \div  \left(\frac{5}{4}\right)^{3} = \left(\frac{4}{5}\right)^{3x}$', '[]'::jsonb, null, 'x = 2. $\left(\frac{5}{4}\right)^{3} = \left(\frac{4}{5}\right)^{-3}$, so LHS = $\left(\frac{4}{5}\right)^{3-(-3)} = \left(\frac{4}{5}\right)^{6}$. Hence 3x = 6 ⇒ x = 2.');
insert into questions (code, chapter_id, skill_id, source_exam, marks, difficulty, timer_seconds, type, stem_latex, options_latex, correct_option, answer_latex) values ('ch2-q028', (select id from chapters where code='ch2'), 29, '2022-23 Half Yearly', 2, 'medium', 120, 'short', 'Find the value of x:  [ $\left(\frac{2}{5}\right)^{-2}$ ]^{2x} = $\frac{625}{16}$', '[]'::jsonb, null, 'x = 1. $\left(\frac{2}{5}\right)^{-2} = \frac{25}{4}$, and $\frac{625}{16} = \left(\frac{25}{4}\right)^{2}$. So 2x = 2 ⇒ x = 1.');
insert into questions (code, chapter_id, skill_id, source_exam, marks, difficulty, timer_seconds, type, stem_latex, options_latex, correct_option, answer_latex) values ('ch2-q029', (select id from chapters where code='ch2'), 23, '2021-22 Half Yearly', 2, 'medium', 120, 'short', 'If a/b = $\left(\frac{2}{3}\right)^{-3}  \times  \left(\frac{5}{6}\right)^{0}$, find the value of $\left(\frac{a}{b}\right)^{-2}$.', '[]'::jsonb, null, '$\frac{64}{729}$. a/b = $\left(\frac{3}{2}\right)^{3}$ × 1 = $\frac{27}{8}$, so $\left(\frac{a}{b}\right)^{-2} = \left(\frac{8}{27}\right)^{2} = \frac{64}{729}$.');
insert into questions (code, chapter_id, skill_id, source_exam, marks, difficulty, timer_seconds, type, stem_latex, options_latex, correct_option, answer_latex) values ('ch2-q030', (select id from chapters where code='ch2'), 29, '2025-26 Annual', 2, 'medium', 120, 'short', 'Find x, if  $\left(\frac{5}{9}\right)^{2x}  \times  \left(\frac{5}{9}\right)^{-18} = \left(\frac{81}{25}\right)^{-3}$', '[]'::jsonb, null, 'x = 12. $\left(\frac{81}{25}\right)^{-3} = \left(\frac{25}{81}\right)^{3} = \left(\frac{5}{9}\right)^{6}$, and LHS = $\left(\frac{5}{9}\right)^{2x-18}$. So 2x - 18 = 6 ⇒ x = 12.');
insert into questions (code, chapter_id, skill_id, source_exam, marks, difficulty, timer_seconds, type, stem_latex, options_latex, correct_option, answer_latex) values ('ch2-q031', (select id from chapters where code='ch2'), 29, '2024-25 Half Yearly', 3, 'hard', 210, 'long', 'Find the value of x using the laws of exponents:
 [ $\left(\frac{9}{16}\right)^{4}  \times  \left(\frac{4}{3}\right)^{10}$ ] ÷ $\left(\frac{64}{27}\right) = \left(\frac{4}{3}\right)^{x}$', '[]'::jsonb, null, 'x = -1. $\left(\frac{9}{16}\right)^{4} = \left(\frac{3}{4}\right)^{8} = \left(\frac{4}{3}\right)^{-8}$ and $\frac{64}{27} = \left(\frac{4}{3}\right)^{3}$. So LHS = $\left(\frac{4}{3}\right)^{-8+10-3} = \left(\frac{4}{3}\right)^{-1}$.');
insert into questions (code, chapter_id, skill_id, source_exam, marks, difficulty, timer_seconds, type, stem_latex, options_latex, correct_option, answer_latex) values ('ch2-q032', (select id from chapters where code='ch2'), 22, '2022-23 Half Yearly', 3, 'hard', 210, 'long', 'Simplify using the laws of exponents:  (125 × $6^{6}  \times  10^{4}$) / ($5^{7}  \times  9^{3}  \times  8^{2}$)', '[]'::jsonb, null, '16. Numerator = $5^{3}  \times  2^{6}$$3^{6}  \times  2^{4}$$5^{4} = 2^{10}$ $3^{6}$ $5^{7}$; denominator = $5^{7}  \times  3^{6}  \times  2^{6}$. So the result is $2^{4}$ = 16.');
insert into questions (code, chapter_id, skill_id, source_exam, marks, difficulty, timer_seconds, type, stem_latex, options_latex, correct_option, answer_latex) values ('ch2-q033', (select id from chapters where code='ch2'), 22, '2022-23 Half Yearly', 3, 'hard', 210, 'long', 'P = [ $\left(\frac{4}{9}\right)^{-2}  \times  \left(\frac{3}{4}\right)^{-2}$ ] × $\frac{1}{3^{-2}}  \times  \left(\frac{17}{39}\right)^{0}$.
Find the value of P and also find its reciprocal.', '[]'::jsonb, null, 'P = 81; reciprocal = $\frac{1}{81}$. $\left(\frac{4}{9}\right)^{-2} = \frac{81}{16}$ and $\left(\frac{3}{4}\right)^{-2} = \frac{16}{9}$, whose product is 9. Also $\frac{1}{3^{-2}}$ = 9 and $\left(\frac{17}{39}\right)^{0}$ = 1. So P = 9 × 9 = 81.');
insert into questions (code, chapter_id, skill_id, source_exam, marks, difficulty, timer_seconds, type, stem_latex, options_latex, correct_option, answer_latex) values ('ch2-q034', (select id from chapters where code='ch2'), 22, '2022-23 PT-1', 3, 'hard', 210, 'long', 'Simplify using the laws of exponents and state the laws used:
 [ $\left(\frac{1}{3^{2}}\right)^{-8}  \times  \left(\frac{2}{3}\right)^{4}  \times  \left(\frac{81}{16}\right)^{-3}$ ] ÷ $4^{8}$', '[]'::jsonb, null, '1. $\left(\frac{1}{3^{2}}\right)^{-8} = 3^{16}$; $\left(\frac{2}{3}\right)^{4} = 2^{4}$$3^{-4}$; $\left(\frac{81}{16}\right)^{-3} = 2^{12}$$3^{-12}$; $4^{8} = 2^{16}$. Numerator = $2^{16}$ $3^{0} = 2^{16}$, so the quotient is 1.
Laws used: $\left(a^{m}\right)^{n} = a^{mn}$, $a^{m}  \times  a^{n} = a^{m+n}$, $a^{-n}$ = 1/$a^{n}$, $a^{m}  \div  a^{n} = a^{m-n}$.');
insert into questions (code, chapter_id, skill_id, source_exam, marks, difficulty, timer_seconds, type, stem_latex, options_latex, correct_option, answer_latex) values ('ch2-q035', (select id from chapters where code='ch2'), 22, '2023-24 Half Yearly', 3, 'hard', 210, 'long', 'Simplify using the laws of exponents and state the laws used:
 [ $2^{-3}$ $x^{4}$ $y^{3}$ $z^{-1}  \times  12^{2}$ $x^{2}$ $y^{2}$ $z^{2}$ ] / [ $9^{2}$ $x^{5}$ $y^{4}$ $z^{-2}$ ]', '[]'::jsonb, null, '$\left(\frac{2}{9}\right)$ x y $z^{3}$. Coefficients: $2^{-3}$ × 144 ÷ 81 = $\frac{18}{81} = \frac{2}{9}$. Then $x^{4+2-5}$ = x, $y^{3+2-4}$ = y, $z^{-1+2+2} = z^{3}$.
Laws used: $a^{m}  \times  a^{n} = a^{m+n}$ and $a^{m}  \div  a^{n} = a^{m-n}$.');
insert into questions (code, chapter_id, skill_id, source_exam, marks, difficulty, timer_seconds, type, stem_latex, options_latex, correct_option, answer_latex) values ('ch2-q036', (select id from chapters where code='ch2'), 29, '2023-24 Half Yearly', 4, 'challenge', 300, 'long', 'Simplify using the laws of exponents and find the value of x. Mention the laws used.
 [ $\left(\frac{1}{2}\right)^{3}  \times  \left(\frac{1}{3}\right)^{5}$ × 9 ] / [ $12^{-1}  \times  2^{3}  \times  3^{-6}$ ] = $\left(\frac{2}{3}\right)^{x}$', '[]'::jsonb, null, 'x = -4. Numerator = $2^{-3}  \times  3^{-5}  \times  3^{2} = 2^{-3}$$3^{-3}$. Denominator = $2^{-2}$$3^{-1}  \times  2^{3}  \times  3^{-6} = 2^{1}$$3^{-7}$. So LHS = $2^{-4}$$3^{4} = \left(\frac{2}{3}\right)^{-4}$.');
insert into questions (code, chapter_id, skill_id, source_exam, marks, difficulty, timer_seconds, type, stem_latex, options_latex, correct_option, answer_latex) values ('ch2-q037', (select id from chapters where code='ch2'), 22, '2021-22 PT-1', 4, 'challenge', 300, 'long', 'State the law of exponents used in each, and:
(a) Simplify: $\left(3^{9}\right)^{2}  \times  3^{-15}$
(b) Find the value of $x^{-12}$, if $\left(\frac{2}{3}\right)^{4}  \div  \left(\frac{2}{3}\right)^{6} = \left(\frac{2}{3}\right)^{2x}$', '[]'::jsonb, null, '(a) 27. $\left(3^{9}\right)^{2}  \times  3^{-15} = 3^{18-15} = 3^{3}$ = 27. Laws: $\left(a^{m}\right)^{n} = a^{mn}$ and $a^{m}  \times  a^{n} = a^{m+n}$.
(b) 1. $\left(\frac{2}{3}\right)^{4-6} = \left(\frac{2}{3}\right)^{-2}$, so 2x = -2 ⇒ x = -1, and $x^{-12} = \left(-1\right)^{-12}$ = 1.');
insert into questions (code, chapter_id, skill_id, source_exam, marks, difficulty, timer_seconds, type, stem_latex, options_latex, correct_option, answer_latex) values ('ch2-q038', (select id from chapters where code='ch2'), 30, '2025-26 Half Yearly', 4, 'challenge', 300, 'long', 'Evaluate:
(a) $\left(\frac{8}{27}\right)^{2/3}  \div  \left(32\right)^{\frac{-2}{5}}$
(b) $2^{4}$ - [ $\left(\sqrt{4}\right)^{0}  \times  \left(-2\right)^{6}$ ] ÷ 4', '[]'::jsonb, null, '(a) $\frac{16}{9}$. $\left(\frac{8}{27}\right)^{2/3} = \left(\frac{2}{3}\right)^{2} = \frac{4}{9}$, and $32^{\frac{-2}{5}} = 2^{-2} = \frac{1}{4}$. So $\left(\frac{4}{9}\right)  \div  \left(\frac{1}{4}\right) = \frac{16}{9}$.
(b) 0. $2^{4}$ = 16; $\left(\sqrt{4}\right)^{0}$ = 1 and $\left(-2\right)^{6}$ = 64, so [1 × 64] ÷ 4 = 16. Hence 16 - 16 = 0.');
insert into questions (code, chapter_id, skill_id, source_exam, marks, difficulty, timer_seconds, type, stem_latex, options_latex, correct_option, answer_latex) values ('ch2-q039', (select id from chapters where code='ch2'), 28, '2021-22 Half Yearly', 3, 'hard', 210, 'long', '(i) Subtract 1.73 × $10^{11}$ - 5.46 × $10^{8}$ and express the difference in standard form.
(ii) Find x, if $7^{2x}  \div  7^{-3} = 7^{23}$', '[]'::jsonb, null, '(i) 1.72454 × $10^{11}$. 1.73 × $10^{11}$ - 5.46 × $10^{8}$ = (1730 - 5.46) × $10^{8}$ = 1724.54 × $10^{8}$.
(ii) x = 10. 2x - (-3) = 23 ⇒ 2x = 20 ⇒ x = 10.');
insert into questions (code, chapter_id, skill_id, source_exam, marks, difficulty, timer_seconds, type, stem_latex, options_latex, correct_option, answer_latex) values ('ch2-q040', (select id from chapters where code='ch2'), 28, '2023-24 Half Yearly', 3, 'hard', 210, 'long', 'Simplify and express in scientific notation:  1.987 × $10^{11}$ - 6.54 × $10^{8}$', '[]'::jsonb, null, '1.98046 × $10^{11}$. (1987 - 6.54) × $10^{8}$ = 1980.46 × $10^{8}$.');
insert into questions (code, chapter_id, skill_id, source_exam, marks, difficulty, timer_seconds, type, stem_latex, options_latex, correct_option, answer_latex) values ('ch2-q041', (select id from chapters where code='ch2'), 28, '2025-26 Half Yearly', 3, 'hard', 210, 'long', 'The total land area of India is 3.287263 × $10^{12}$ $m^{2}$. If the land area of the southern part of India is 6.3578 × $10^{11}$ $m^{2}$ and the northern part covers 2.3893 × $10^{12}$ $m^{2}$, find the remaining land area in standard form.', '[]'::jsonb, null, '2.62183 × $10^{11}$ $m^{2}$. Southern + northern = 0.63578 × $10^{12}$ + 2.3893 × $10^{12}$ = 3.02508 × $10^{12}$. Remaining = 3.287263 × $10^{12}$ - 3.02508 × $10^{12}$ = 0.262183 × $10^{12}$.');
insert into questions (code, chapter_id, skill_id, source_exam, marks, difficulty, timer_seconds, type, stem_latex, options_latex, correct_option, answer_latex) values ('ch2-q042', (select id from chapters where code='ch2'), 28, '2024-25 Half Yearly', 4, 'challenge', 300, 'long', '(a) The Moon and Mars are at a distance of 3.844 × $10^{5}$ km and 5.45 × $10^{9}$ m from the Earth respectively. Which is farther from the Earth, and by how much?
(b) The mass of the Earth is 6.512 × $10^{24}$ kg and the mass of the Moon is 7.4 × $10^{22}$ kg approximately. How many times the mass of the Moon is the mass of the Earth?', '[]'::jsonb, null, '(a) Mars is farther, by 5.0656 × $10^{9}$ m. The Moon is 3.844 × $10^{5}$ km = 3.844 × $10^{8}$ m, so 5.45 × $10^{9}$ - 0.3844 × $10^{9}$ = 5.0656 × $10^{9}$ m.
(b) About 88 times. (6.512 × $10^{24}$) ÷ (7.4 × $10^{22}$) = 0.88 × $10^{2}$ = 88.');
insert into questions (code, chapter_id, skill_id, source_exam, marks, difficulty, timer_seconds, type, stem_latex, options_latex, correct_option, answer_latex) values ('ch2-q043', (select id from chapters where code='ch2'), 28, '2025-26 Annual', 3, 'hard', 210, 'long', 'A particular star is at about 810000000 × $10^{8}$ m away from the Earth. Given that light travels at 3 × $10^{8}$ m per second:
(a) Express the distance of the star from the Earth in scientific notation.
(b) Express the speed of light in usual form.
(c) How long does light take from that star to reach the Earth? Write this in scientific notation.', '[]'::jsonb, null, '(a) 8.1 × $10^{16}$ m. 810000000 × $10^{8}$ = 8.1 × $10^{8}  \times  10^{8}$.
(b) 300000000 m/s.
(c) 2.7 × $10^{8}$ seconds. Time = distance ÷ speed = (8.1 × $10^{16}$) ÷ (3 × $10^{8}$).');
insert into questions (code, chapter_id, skill_id, source_exam, marks, difficulty, timer_seconds, type, stem_latex, options_latex, correct_option, answer_latex) values ('ch2-q044', (select id from chapters where code='ch2'), 27, '2022-23 Half Yearly', 4, 'challenge', 300, 'long', 'CASE STUDY — John came up with interesting facts about very large and very small objects. Study the data and answer:
 • A strand of human hair — diameter 0.00005 m
 • A water molecule — volume 2.99 × $10^{-23}$ $\text{cm}^{3}$
 • Finger nail — rate of growth 9.200 × $10^{-7}$ mm/sec
 • The Sun — diameter 1,391,000000 m
(a) John converted the diameter of a strand of human hair into cm and expressed it in scientific notation. Which is correct?
 (i) 5 × $10^{-3}$ cm (ii) 0.5 × $10^{-5}$ cm (iii) 5 × $10^{-4}$ cm (iv) 0.5 × $10^{-4}$ cm
(b) The rate of growth of the nail expressed in usual form is
 (i) 9200 mm/sec (ii) 0.000092 mm/sec (iii) 0.00000092 mm/sec (iv) 9200000 mm/sec
(c) The volume of 10000 water molecules would be
 (i) 2.99 × $10^{-27}$ $\text{cm}^{3}$ (ii) 2.99 × $10^{-28}$ $\text{cm}^{3}$ (iii) 2.99 × $10^{-18}$ $\text{cm}^{3}$ (iv) 2.99 × $10^{-19}$ $\text{cm}^{3}$
(d) The diameter of the Sun in scientific notation is
 (i) 1.391 × $10^{9}$ m (ii) 1.391 × $10^{6}$ km (iii) 1.391 × $10^{11}$ cm (iv) all options are true', '[]'::jsonb, null, '(a) (i) 5 × $10^{-3}$ cm. 0.00005 m = 0.005 cm.
(b) (iii) 0.00000092 mm/sec.
(c) (iv) 2.99 × $10^{-19}$ $\text{cm}^{3}$. 2.99 × $10^{-23}  \times  10^{4}$ = 2.99 × $10^{-19}$.
(d) (iv) all options are true. 1,391,000000 m = 1.391 × $10^{9}$ m = 1.391 × $10^{6}$ km = 1.391 × $10^{11}$ cm.');

-- worked solution steps
insert into solution_steps (question_id, step_no, text_latex) values ((select id from questions where code='ch1-q001'), 1, 'A perfect square can only end in 0, 1, 4, 5, 6 or 9.');
insert into solution_steps (question_id, step_no, text_latex) values ((select id from questions where code='ch1-q001'), 2, '6250 ends in 0 but has an odd number of zeros — a square must end in an even number of zeros. 38943 ends in 3 and 12547 ends in 7, so neither can be a square.');
insert into solution_steps (question_id, step_no, text_latex) values ((select id from questions where code='ch1-q001'), 3, 'That leaves 10404. Check: $102^{2}$ = 10404. ✔');
insert into solution_steps (question_id, step_no, text_latex) values ((select id from questions where code='ch1-q001'), 4, 'Answer: (b) 10404');
insert into solution_steps (question_id, step_no, text_latex) values ((select id from questions where code='ch1-q002'), 1, 'We are told $\sqrt[3]{636056}$ = 86. The book shows how to CUBE a decimal (p.13); read that backwards — cubing shifts the decimal 3 places, so a cube root shifts it back 1 place for every 3.');
insert into solution_steps (question_id, step_no, text_latex) values ((select id from questions where code='ch1-q002'), 2, '$\sqrt[3]{636.056}$ = 8.6   (decimal moved 3 places left ⇒ root moved 1 place left)');
insert into solution_steps (question_id, step_no, text_latex) values ((select id from questions where code='ch1-q002'), 3, '$\sqrt[3]{636056}$ = 86');
insert into solution_steps (question_id, step_no, text_latex) values ((select id from questions where code='ch1-q002'), 4, '$\sqrt[3]{0.000636056}$ = 0.086   (decimal moved 6 places left ⇒ root moved 2 places left)');
insert into solution_steps (question_id, step_no, text_latex) values ((select id from questions where code='ch1-q002'), 5, 'Product = 8.6 × 86 × 0.086 = 63.6056');
insert into solution_steps (question_id, step_no, text_latex) values ((select id from questions where code='ch1-q002'), 6, 'Answer: (a) 63.6056');
insert into solution_steps (question_id, step_no, text_latex) values ((select id from questions where code='ch1-q003'), 1, '∛x = 8, so x = $8^{3}$ = 512.');
insert into solution_steps (question_id, step_no, text_latex) values ((select id from questions where code='ch1-q003'), 2, 'Then 8x = 8 × 512 = 4096.');
insert into solution_steps (question_id, step_no, text_latex) values ((select id from questions where code='ch1-q003'), 3, '$\sqrt[3]{4096}$ = 16   (since $16^{3}$ = 4096)');
insert into solution_steps (question_id, step_no, text_latex) values ((select id from questions where code='ch1-q003'), 4, 'Answer: (c) 16');
insert into solution_steps (question_id, step_no, text_latex) values ((select id from questions where code='ch1-q004'), 1, 'For a perfect square, every prime factor must appear an even number of times.');
insert into solution_steps (question_id, step_no, text_latex) values ((select id from questions where code='ch1-q004'), 2, '(a) $2^{6}  \times  3^{3}$ — the power of 3 is odd. ✘');
insert into solution_steps (question_id, step_no, text_latex) values ((select id from questions where code='ch1-q004'), 3, '(b) $2^{5}  \times  7^{2}$ — the power of 2 is odd. ✘');
insert into solution_steps (question_id, step_no, text_latex) values ((select id from questions where code='ch1-q004'), 4, '(c) 3 × 2 × $7^{2}$ — the powers of 3 and 2 are odd. ✘');
insert into solution_steps (question_id, step_no, text_latex) values ((select id from questions where code='ch1-q004'), 5, '(d) 11 × $3^{3}$ × 33. Note 33 = 3 × 11, so this is 11 × $3^{3}$ × 3 × 11 = $11^{2}  \times  3^{4}$. Both powers are even. ✔');
insert into solution_steps (question_id, step_no, text_latex) values ((select id from questions where code='ch1-q004'), 6, 'In fact $11^{2}  \times  3^{4} = \left(11  \times  3^{2}\right)^{2} = 99^{2}$.');
insert into solution_steps (question_id, step_no, text_latex) values ((select id from questions where code='ch1-q004'), 7, 'Answer: (d)');
insert into solution_steps (question_id, step_no, text_latex) values ((select id from questions where code='ch1-q005'), 1, 'Prime factorise: 486 = 2 × 243 = 2 × $3^{5}$.');
insert into solution_steps (question_id, step_no, text_latex) values ((select id from questions where code='ch1-q005'), 2, 'For a perfect square each prime needs an even power. Here 2 has power 1 (odd) and 3 has power 5 (odd).');
insert into solution_steps (question_id, step_no, text_latex) values ((select id from questions where code='ch1-q005'), 3, 'Divide out one 2 and one 3, i.e. divide by 2 × 3 = 6.');
insert into solution_steps (question_id, step_no, text_latex) values ((select id from questions where code='ch1-q005'), 4, '486 ÷ 6 = 81 = $9^{2}$. ✔');
insert into solution_steps (question_id, step_no, text_latex) values ((select id from questions where code='ch1-q005'), 5, 'Answer: (a) 6');
insert into solution_steps (question_id, step_no, text_latex) values ((select id from questions where code='ch1-q006'), 1, 'Test each statement.');
insert into solution_steps (question_id, step_no, text_latex) values ((select id from questions where code='ch1-q006'), 2, '(a) The perfect cubes below 100 are 1, 8, 27 and 64 — so there are not 5 of them. ✘');
insert into solution_steps (question_id, step_no, text_latex) values ((select id from questions where code='ch1-q006'), 3, '(b) If $x^{2}$ ends in 5, then x itself must end in 5 (only numbers ending in 5 have squares ending in 5). And any number ending in 5, when cubed, still ends in 5. ✔');
insert into solution_steps (question_id, step_no, text_latex) values ((select id from questions where code='ch1-q006'), 4, '(c) $3^{3}$ = 27 is a two-digit cube of a one-digit number. ✘');
insert into solution_steps (question_id, step_no, text_latex) values ((select id from questions where code='ch1-q006'), 5, '(d) The cube root of 8 is 2 only — a cube root has just one value, unlike a square root. ✘');
insert into solution_steps (question_id, step_no, text_latex) values ((select id from questions where code='ch1-q006'), 6, 'Answer: (b)');
insert into solution_steps (question_id, step_no, text_latex) values ((select id from questions where code='ch1-q007'), 1, '$\sqrt{11025}$ = x, and in fact $105^{2}$ = 11025, so x = 105.');
insert into solution_steps (question_id, step_no, text_latex) values ((select id from questions where code='ch1-q007'), 2, 'Now 1.1025 = 11025 ÷ 10000.');
insert into solution_steps (question_id, step_no, text_latex) values ((select id from questions where code='ch1-q007'), 3, 'So $\sqrt{1.1025} = \sqrt{11025}  \div  \sqrt{10000}$ = 105 ÷ 100.');
insert into solution_steps (question_id, step_no, text_latex) values ((select id from questions where code='ch1-q007'), 4, 'That is x/100.');
insert into solution_steps (question_id, step_no, text_latex) values ((select id from questions where code='ch1-q007'), 5, 'Answer: (c) x/100');
insert into solution_steps (question_id, step_no, text_latex) values ((select id from questions where code='ch1-q008'), 1, 'The smallest 5-digit number is 10000 and the largest is 99999.');
insert into solution_steps (question_id, step_no, text_latex) values ((select id from questions where code='ch1-q008'), 2, '$\sqrt{10000}$ = 100 and $\sqrt{99999}$ ≈ 316.2');
insert into solution_steps (question_id, step_no, text_latex) values ((select id from questions where code='ch1-q008'), 3, 'So the square root lies between 100 and 316 — every number in that range has 3 digits.');
insert into solution_steps (question_id, step_no, text_latex) values ((select id from questions where code='ch1-q008'), 4, '(Note: options (a) and (b) are printed identically in the original paper — a misprint.)');
insert into solution_steps (question_id, step_no, text_latex) values ((select id from questions where code='ch1-q008'), 5, 'Answer: (c) always a 3-digit number');
insert into solution_steps (question_id, step_no, text_latex) values ((select id from questions where code='ch1-q009'), 1, 'Cube of 0.3 means $\left(0.3\right)^{3}$ = 0.3 × 0.3 × 0.3.');
insert into solution_steps (question_id, step_no, text_latex) values ((select id from questions where code='ch1-q009'), 2, '0.3 × 0.3 = 0.09; then 0.09 × 0.3 = 0.027.');
insert into solution_steps (question_id, step_no, text_latex) values ((select id from questions where code='ch1-q009'), 3, 'Shortcut: $3^{3}$ = 27, and there are 3 decimal places in total (1 from each 0.3), so the answer is 0.027.');
insert into solution_steps (question_id, step_no, text_latex) values ((select id from questions where code='ch1-q009'), 4, 'Answer: (d) 0.027');
insert into solution_steps (question_id, step_no, text_latex) values ((select id from questions where code='ch1-q010'), 1, 'We need a perfect cube n where 25% of n equals ∛n, i.e. n/4 = ∛n.');
insert into solution_steps (question_id, step_no, text_latex) values ((select id from questions where code='ch1-q010'), 2, 'Try each option:');
insert into solution_steps (question_id, step_no, text_latex) values ((select id from questions where code='ch1-q010'), 3, '125: 25% = 31.25, but $\sqrt[3]{125}$ = 5. ✘');
insert into solution_steps (question_id, step_no, text_latex) values ((select id from questions where code='ch1-q010'), 4, '64: 25% = 16, but $\sqrt[3]{64}$ = 4. ✘');
insert into solution_steps (question_id, step_no, text_latex) values ((select id from questions where code='ch1-q010'), 5, '8: 25% = 2, and $\sqrt[3]{8}$ = 2. ✔');
insert into solution_steps (question_id, step_no, text_latex) values ((select id from questions where code='ch1-q010'), 6, '343: 25% = 85.75, but $\sqrt[3]{343}$ = 7. ✘');
insert into solution_steps (question_id, step_no, text_latex) values ((select id from questions where code='ch1-q010'), 7, 'Answer: (c) 8');
insert into solution_steps (question_id, step_no, text_latex) values ((select id from questions where code='ch1-q011'), 1, '⚠ Note: ''Pythagorean triplets'' are NOT in your Ganita Prakash chapter. But you can still do this using only squares (which are) plus Pythagoras'' theorem from geometry: a triplet is three numbers with $a^{2} + b^{2} = c^{2}$.');
insert into solution_steps (question_id, step_no, text_latex) values ((select id from questions where code='ch1-q011'), 2, 'Since it is multiple choice, just test the options with the squares table.');
insert into solution_steps (question_id, step_no, text_latex) values ((select id from questions where code='ch1-q011'), 3, '$12^{2}$ = 144.');
insert into solution_steps (question_id, step_no, text_latex) values ((select id from questions where code='ch1-q011'), 4, '(b) 35 and 37:  144 + $35^{2}$ = 144 + 1225 = 1369.  Is 1369 a square?  $37^{2}$ = 1369 ✔');
insert into solution_steps (question_id, step_no, text_latex) values ((select id from questions where code='ch1-q011'), 5, 'So 12, 35, 37 works. (Checking the others: 6, 35, 36 and 36, 37 do not satisfy $a^{2} + b^{2} = c^{2}$.)');
insert into solution_steps (question_id, step_no, text_latex) values ((select id from questions where code='ch1-q011'), 6, 'Answer: (b) 35 and 37');
insert into solution_steps (question_id, step_no, text_latex) values ((select id from questions where code='ch1-q012'), 1, 'First tidy the factorisation: 2 × 3 × 5 × $2^{5}  \times  5^{2} = 2^{6}  \times  3^{1}  \times  5^{3}$.');
insert into solution_steps (question_id, step_no, text_latex) values ((select id from questions where code='ch1-q012'), 2, 'For a perfect square every power must be even. Here $2^{6}$ is fine, but $3^{1}$ and $5^{3}$ have odd powers.');
insert into solution_steps (question_id, step_no, text_latex) values ((select id from questions where code='ch1-q012'), 3, 'Option A — multiply by 3 × 5: gives $2^{6}  \times  3^{2}  \times  5^{4}$. All powers even. ✔ (that is statement (ii))');
insert into solution_steps (question_id, step_no, text_latex) values ((select id from questions where code='ch1-q012'), 4, 'Option B — divide by 3 × 5: gives $2^{6}  \times  5^{2}$. All powers even. ✔ (that is statement (iii))');
insert into solution_steps (question_id, step_no, text_latex) values ((select id from questions where code='ch1-q012'), 5, 'Answer: (c) (ii) and (iii)');
insert into solution_steps (question_id, step_no, text_latex) values ((select id from questions where code='ch1-q013'), 1, 'Only the unit digit of the number affects the unit digit of its square.');
insert into solution_steps (question_id, step_no, text_latex) values ((select id from questions where code='ch1-q013'), 2, 'The unit digit of 3457 is 7, and $7^{2}$ = 49, which ends in 9.');
insert into solution_steps (question_id, step_no, text_latex) values ((select id from questions where code='ch1-q013'), 3, 'Answer: 9');
insert into solution_steps (question_id, step_no, text_latex) values ((select id from questions where code='ch1-q014'), 1, 'Work from the inside outwards.');
insert into solution_steps (question_id, step_no, text_latex) values ((select id from questions where code='ch1-q014'), 2, '$\sqrt{49}$ = 7');
insert into solution_steps (question_id, step_no, text_latex) values ((select id from questions where code='ch1-q014'), 3, 'So the expression becomes $\sqrt{128 - 7} = \sqrt{121.}$');
insert into solution_steps (question_id, step_no, text_latex) values ((select id from questions where code='ch1-q014'), 4, '$\sqrt{121}$ = 11');
insert into solution_steps (question_id, step_no, text_latex) values ((select id from questions where code='ch1-q014'), 5, 'Answer: 11');
insert into solution_steps (question_id, step_no, text_latex) values ((select id from questions where code='ch1-q015'), 1, 'Split 74088 into groups of three digits from the right: 74 | 088.');
insert into solution_steps (question_id, step_no, text_latex) values ((select id from questions where code='ch1-q015'), 2, 'The last group ends in 8. Only $2^{3}$ = 8 ends in 8, so the unit digit of the cube root is 2.');
insert into solution_steps (question_id, step_no, text_latex) values ((select id from questions where code='ch1-q015'), 3, 'The first group is 74, which lies between $4^{3}$ = 64 and $5^{3}$ = 125. Take the smaller, so the tens digit is 4.');
insert into solution_steps (question_id, step_no, text_latex) values ((select id from questions where code='ch1-q015'), 4, 'So $\sqrt[3]{74088}$ = 42.');
insert into solution_steps (question_id, step_no, text_latex) values ((select id from questions where code='ch1-q015'), 5, 'Answer: 42');
insert into solution_steps (question_id, step_no, text_latex) values ((select id from questions where code='ch1-q016'), 1, 'Use the identity $a^{2} - b^{2}$ = (a + b)(a - b).');
insert into solution_steps (question_id, step_no, text_latex) values ((select id from questions where code='ch1-q016'), 2, '$\left(141\right)^{2} - \left(140\right)^{2}$ = (141 + 140)(141 - 140)');
insert into solution_steps (question_id, step_no, text_latex) values ((select id from questions where code='ch1-q016'), 3, '= 281 × 1 = 281');
insert into solution_steps (question_id, step_no, text_latex) values ((select id from questions where code='ch1-q016'), 4, 'Answer: 281');
insert into solution_steps (question_id, step_no, text_latex) values ((select id from questions where code='ch1-q017'), 1, 'The pattern here is: the cube of n is the sum of n consecutive odd numbers.');
insert into solution_steps (question_id, step_no, text_latex) values ((select id from questions where code='ch1-q017'), 2, 'The paper already gives two of the odd numbers, 23 and 27, with gaps between and around them — so we need 5 consecutive odd numbers: 21, 23, 25, 27, 29.');
insert into solution_steps (question_id, step_no, text_latex) values ((select id from questions where code='ch1-q017'), 3, 'Add them: 21 + 23 + 25 + 27 + 29 = 125.');
insert into solution_steps (question_id, step_no, text_latex) values ((select id from questions where code='ch1-q017'), 4, 'And 125 = $5^{3}$. ✔');
insert into solution_steps (question_id, step_no, text_latex) values ((select id from questions where code='ch1-q017'), 5, 'Answer: 21 + 23 + 25 + 27 + 29 = $5^{3}$');
insert into solution_steps (question_id, step_no, text_latex) values ((select id from questions where code='ch1-q018'), 1, 'A cube of side a has volume $a^{3}$, so the height is $\sqrt[3]{9261.}$');
insert into solution_steps (question_id, step_no, text_latex) values ((select id from questions where code='ch1-q018'), 2, 'Prime factorise: 9261 = 3 × 3087 = 3 × 3 × 1029 = 3 × 3 × 3 × 343 = $3^{3}  \times  7^{3}$.');
insert into solution_steps (question_id, step_no, text_latex) values ((select id from questions where code='ch1-q018'), 3, '$\sqrt[3]{9261}$ = 3 × 7 = 21');
insert into solution_steps (question_id, step_no, text_latex) values ((select id from questions where code='ch1-q018'), 4, 'Answer: 21 cm');
insert into solution_steps (question_id, step_no, text_latex) values ((select id from questions where code='ch1-q019'), 1, 'Group into threes from the right: 103 | 823.');
insert into solution_steps (question_id, step_no, text_latex) values ((select id from questions where code='ch1-q019'), 2, 'The last group ends in 3. Only $7^{3}$ = 343 ends in 3, so the unit digit is 7.');
insert into solution_steps (question_id, step_no, text_latex) values ((select id from questions where code='ch1-q019'), 3, 'The first group is 103, which lies between $4^{3}$ = 64 and $5^{3}$ = 125. Take the smaller, so the tens digit is 4.');
insert into solution_steps (question_id, step_no, text_latex) values ((select id from questions where code='ch1-q019'), 4, '$\sqrt[3]{103823}$ = 47');
insert into solution_steps (question_id, step_no, text_latex) values ((select id from questions where code='ch1-q019'), 5, 'Answer: 47');
insert into solution_steps (question_id, step_no, text_latex) values ((select id from questions where code='ch1-q020'), 1, 'Volume of a cube = $\left(side\right)^{3}$, so side = $\sqrt[3]{12167.}$');
insert into solution_steps (question_id, step_no, text_latex) values ((select id from questions where code='ch1-q020'), 2, 'Group into threes: 12 | 167. The last group ends in 7, and only $3^{3}$ = 27 ends in 7 ⇒ unit digit 3.');
insert into solution_steps (question_id, step_no, text_latex) values ((select id from questions where code='ch1-q020'), 3, 'The first group 12 lies between $2^{3}$ = 8 and $3^{3}$ = 27 ⇒ tens digit 2.');
insert into solution_steps (question_id, step_no, text_latex) values ((select id from questions where code='ch1-q020'), 4, '$\sqrt[3]{12167}$ = 23');
insert into solution_steps (question_id, step_no, text_latex) values ((select id from questions where code='ch1-q020'), 5, 'Answer: 23 cm');
insert into solution_steps (question_id, step_no, text_latex) values ((select id from questions where code='ch1-q021'), 1, 'Given $\sqrt{7396}$ = 86. Squaring a decimal doubles its number of decimal places (p.13), so a square root halves them — always check by squaring your answer back.');
insert into solution_steps (question_id, step_no, text_latex) values ((select id from questions where code='ch1-q021'), 2, '$\sqrt{73960000}$ = 8600   (73960000 = 7396 × 10000, and $\sqrt{10000}$ = 100, so 86 × 100)');
insert into solution_steps (question_id, step_no, text_latex) values ((select id from questions where code='ch1-q021'), 3, '$\sqrt{0.007396}$ = 0.086   (0.007396 = 7396 ÷ $10^{6}$, and $\sqrt{10^{6}}$ = 1000, so 86 ÷ 1000)');
insert into solution_steps (question_id, step_no, text_latex) values ((select id from questions where code='ch1-q021'), 4, 'Sum = 8600 + 0.086 = 8600.086');
insert into solution_steps (question_id, step_no, text_latex) values ((select id from questions where code='ch1-q021'), 5, 'Answer: 8600.086');
insert into solution_steps (question_id, step_no, text_latex) values ((select id from questions where code='ch1-q022'), 1, 'Group into threes from the right: 13 | 824.');
insert into solution_steps (question_id, step_no, text_latex) values ((select id from questions where code='ch1-q022'), 2, 'The last group ends in 4. Only $4^{3}$ = 64 ends in 4, so the unit digit is 4.');
insert into solution_steps (question_id, step_no, text_latex) values ((select id from questions where code='ch1-q022'), 3, 'The first group 13 lies between $2^{3}$ = 8 and $3^{3}$ = 27 ⇒ tens digit 2.');
insert into solution_steps (question_id, step_no, text_latex) values ((select id from questions where code='ch1-q022'), 4, '$\sqrt[3]{13824}$ = 24');
insert into solution_steps (question_id, step_no, text_latex) values ((select id from questions where code='ch1-q022'), 5, 'Answer: 24');
insert into solution_steps (question_id, step_no, text_latex) values ((select id from questions where code='ch1-q023'), 1, 'A perfect square can only end in 0, 1, 4, 5, 6 or 9 — never in 2, 3, 7 or 8.');
insert into solution_steps (question_id, step_no, text_latex) values ((select id from questions where code='ch1-q023'), 2, '1253687 ends in 7, so it can never be a perfect square. ✔ This is the answer.');
insert into solution_steps (question_id, step_no, text_latex) values ((select id from questions where code='ch1-q023'), 3, '2318025 ends in 5, so the digit test does not rule it out — we cannot call it ''definitely not'' a square from the unit digit alone.');
insert into solution_steps (question_id, step_no, text_latex) values ((select id from questions where code='ch1-q023'), 4, 'Answer: (a) 1253687, because a perfect square never ends in 7.');
insert into solution_steps (question_id, step_no, text_latex) values ((select id from questions where code='ch1-q024'), 1, 'Group 658503 into threes from the right: 658 | 503.');
insert into solution_steps (question_id, step_no, text_latex) values ((select id from questions where code='ch1-q024'), 2, 'The last group ends in 3. Only $7^{3}$ = 343 ends in 3 ⇒ the unit digit of the cube root is 7.');
insert into solution_steps (question_id, step_no, text_latex) values ((select id from questions where code='ch1-q024'), 3, 'The first group 658 lies between $8^{3}$ = 512 and $9^{3}$ = 729. Take the smaller ⇒ the tens digit is 8.');
insert into solution_steps (question_id, step_no, text_latex) values ((select id from questions where code='ch1-q024'), 4, 'So $\sqrt[3]{658503}$ = 87.');
insert into solution_steps (question_id, step_no, text_latex) values ((select id from questions where code='ch1-q024'), 5, 'Answer: units digit 7, tens digit 8');
insert into solution_steps (question_id, step_no, text_latex) values ((select id from questions where code='ch1-q025'), 1, 'Use $a^{2} - b^{2}$ = (a + b)(a - b).');
insert into solution_steps (question_id, step_no, text_latex) values ((select id from questions where code='ch1-q025'), 2, '$23^{2} - 22^{2}$ = (23 + 22)(23 - 22) = 45 × 1');
insert into solution_steps (question_id, step_no, text_latex) values ((select id from questions where code='ch1-q025'), 3, 'In general, for two consecutive numbers the difference of their squares is simply their sum.');
insert into solution_steps (question_id, step_no, text_latex) values ((select id from questions where code='ch1-q025'), 4, 'Answer: 45');
insert into solution_steps (question_id, step_no, text_latex) values ((select id from questions where code='ch1-q026'), 1, '⚠ Note: triplets are not in your chapter, but this needs only squares plus $a^{2} + b^{2} = c^{2}$.');
insert into solution_steps (question_id, step_no, text_latex) values ((select id from questions where code='ch1-q026'), 2, 'The largest member is the hypotenuse, so $a^{2} + b^{2} = 26^{2}$ = 676.');
insert into solution_steps (question_id, step_no, text_latex) values ((select id from questions where code='ch1-q026'), 3, 'Hunt through the squares table for two squares that add to 676:');
insert into solution_steps (question_id, step_no, text_latex) values ((select id from questions where code='ch1-q026'), 4, '676 - $10^{2}$ = 676 - 100 = 576, and 576 = $24^{2}$ ✔');
insert into solution_steps (question_id, step_no, text_latex) values ((select id from questions where code='ch1-q026'), 5, 'So the triplet is 10, 24, 26.');
insert into solution_steps (question_id, step_no, text_latex) values ((select id from questions where code='ch1-q026'), 6, 'Answer: (10, 24, 26)');
insert into solution_steps (question_id, step_no, text_latex) values ((select id from questions where code='ch1-q027'), 1, '⚠ Note: triplets are not in your chapter, but this needs only squares plus $a^{2} + b^{2} = c^{2}$.');
insert into solution_steps (question_id, step_no, text_latex) values ((select id from questions where code='ch1-q027'), 2, 'The hypotenuse is the largest side, so $a^{2} + b^{2} = 17^{2}$ = 289.');
insert into solution_steps (question_id, step_no, text_latex) values ((select id from questions where code='ch1-q027'), 3, 'Hunt through the squares table for two squares adding to 289:');
insert into solution_steps (question_id, step_no, text_latex) values ((select id from questions where code='ch1-q027'), 4, '289 - $8^{2}$ = 289 - 64 = 225, and 225 = $15^{2}$ ✔');
insert into solution_steps (question_id, step_no, text_latex) values ((select id from questions where code='ch1-q027'), 5, 'So the other two sides are 8 and 15.');
insert into solution_steps (question_id, step_no, text_latex) values ((select id from questions where code='ch1-q027'), 6, 'Answer: 8 and 15');
insert into solution_steps (question_id, step_no, text_latex) values ((select id from questions where code='ch1-q028'), 1, '⚠ Note: triplets are not in your chapter, but this needs only squares plus $a^{2} + b^{2} = c^{2}$.');
insert into solution_steps (question_id, step_no, text_latex) values ((select id from questions where code='ch1-q028'), 2, 'Take 65 as the largest member, so $a^{2} + b^{2} = 65^{2}$ = 4225.');
insert into solution_steps (question_id, step_no, text_latex) values ((select id from questions where code='ch1-q028'), 3, 'Hunt for two squares adding to 4225:');
insert into solution_steps (question_id, step_no, text_latex) values ((select id from questions where code='ch1-q028'), 4, '4225 - $16^{2}$ = 4225 - 256 = 3969, and 3969 = $63^{2}$ ✔');
insert into solution_steps (question_id, step_no, text_latex) values ((select id from questions where code='ch1-q028'), 5, 'So the other two members are 16 and 63.');
insert into solution_steps (question_id, step_no, text_latex) values ((select id from questions where code='ch1-q028'), 6, '(Curiously 65 belongs to several triplets — (25, 60, 65), (33, 56, 65) and (39, 52, 65) all work too. The one the paper wants is 16 and 63.)');
insert into solution_steps (question_id, step_no, text_latex) values ((select id from questions where code='ch1-q028'), 7, 'Answer: 16 and 63');
insert into solution_steps (question_id, step_no, text_latex) values ((select id from questions where code='ch1-q029'), 1, '(i) $\sqrt[3]{79507}$ — group into threes: 79 | 507.');
insert into solution_steps (question_id, step_no, text_latex) values ((select id from questions where code='ch1-q029'), 2, 'The last group ends in 7 ⇒ unit digit is 3 (since $3^{3}$ = 27 ends in 7).');
insert into solution_steps (question_id, step_no, text_latex) values ((select id from questions where code='ch1-q029'), 3, 'The first group 79 lies between $4^{3}$ = 64 and $5^{3}$ = 125 ⇒ tens digit 4.');
insert into solution_steps (question_id, step_no, text_latex) values ((select id from questions where code='ch1-q029'), 4, 'So $\sqrt[3]{79507}$ = 43.');
insert into solution_steps (question_id, step_no, text_latex) values ((select id from questions where code='ch1-q029'), 5, '(ii) $\frac{27}{3^{9}}$. Write 27 as $3^{3}$:  $3^{3}$/$3^{9} = 3^{3-9} = 3^{-6}$.');
insert into solution_steps (question_id, step_no, text_latex) values ((select id from questions where code='ch1-q029'), 6, '$\sqrt[3]{3^{-6}} = 3^{\frac{-6}{3}} = 3^{-2} = \frac{1}{9}$');
insert into solution_steps (question_id, step_no, text_latex) values ((select id from questions where code='ch1-q029'), 7, 'Answer: (i) 43   (ii) $\frac{1}{9}$');
insert into solution_steps (question_id, step_no, text_latex) values ((select id from questions where code='ch1-q030'), 1, 'Prime factorise 1323: 1323 = 3 × 441 = 3 × $21^{2}$ = 3 × $3^{2}  \times  7^{2} = 3^{3}  \times  7^{2}$.');
insert into solution_steps (question_id, step_no, text_latex) values ((select id from questions where code='ch1-q030'), 2, 'For 1323/x to be a perfect cube, every prime power left behind must be a multiple of 3.');
insert into solution_steps (question_id, step_no, text_latex) values ((select id from questions where code='ch1-q030'), 3, '$3^{3}$ is already fine. The $7^{2}$ is the problem — it must be removed entirely.');
insert into solution_steps (question_id, step_no, text_latex) values ((select id from questions where code='ch1-q030'), 4, 'So x = $7^{2}$ = 49, leaving $\frac{1323}{49}$ = 27 = $3^{3}$. ✔');
insert into solution_steps (question_id, step_no, text_latex) values ((select id from questions where code='ch1-q030'), 5, 'Answer: x = 49');
insert into solution_steps (question_id, step_no, text_latex) values ((select id from questions where code='ch1-q031'), 1, 'x = $\sqrt[3]{\left(\frac{27}{64}\right)}$. Since 27 = $3^{3}$ and 64 = $4^{3}$, x = $\frac{3}{4}$.');
insert into solution_steps (question_id, step_no, text_latex) values ((select id from questions where code='ch1-q031'), 2, 'y = $\sqrt[3]{\left(\frac{-1}{64}\right)}$. Since -1 = $\left(-1\right)^{3}$ and 64 = $4^{3}$, y = $\frac{-1}{4}$.');
insert into solution_steps (question_id, step_no, text_latex) values ((select id from questions where code='ch1-q031'), 3, '(A cube root of a negative number is negative — unlike a square root.)');
insert into solution_steps (question_id, step_no, text_latex) values ((select id from questions where code='ch1-q031'), 4, 'x + y = $\frac{3}{4} + \left(\frac{-1}{4}\right) = \frac{2}{4} = \frac{1}{2}$');
insert into solution_steps (question_id, step_no, text_latex) values ((select id from questions where code='ch1-q031'), 5, 'Answer: $\frac{1}{2}$');
insert into solution_steps (question_id, step_no, text_latex) values ((select id from questions where code='ch1-q032'), 1, 'Prime factorise 8820:');
insert into solution_steps (question_id, step_no, text_latex) values ((select id from questions where code='ch1-q032'), 2, '8820 = 2 × 4410 = 2 × 2 × 2205 = 4 × 2205, and 2205 = 5 × 441 = 5 × $21^{2}$.');
insert into solution_steps (question_id, step_no, text_latex) values ((select id from questions where code='ch1-q032'), 3, 'So 8820 = $2^{2}  \times  3^{2}  \times  5^{1}  \times  7^{2}$.');
insert into solution_steps (question_id, step_no, text_latex) values ((select id from questions where code='ch1-q032'), 4, 'Pair up the factors: $2^{2}$ ✔, $3^{2}$ ✔, $7^{2}$ ✔ — but 5 appears only once.');
insert into solution_steps (question_id, step_no, text_latex) values ((select id from questions where code='ch1-q032'), 5, 'So multiply by 5:  8820 × 5 = 44100.');
insert into solution_steps (question_id, step_no, text_latex) values ((select id from questions where code='ch1-q032'), 6, '$\sqrt{44100}$ = 2 × 3 × 5 × 7 = 210');
insert into solution_steps (question_id, step_no, text_latex) values ((select id from questions where code='ch1-q032'), 7, 'Answer: multiply by 5; the square root is 210');
insert into solution_steps (question_id, step_no, text_latex) values ((select id from questions where code='ch1-q033'), 1, 'Find the largest perfect square below 5676.');
insert into solution_steps (question_id, step_no, text_latex) values ((select id from questions where code='ch1-q033'), 2, '$75^{2}$ = 5625 and $76^{2}$ = 5776 (which is already bigger than 5676).');
insert into solution_steps (question_id, step_no, text_latex) values ((select id from questions where code='ch1-q033'), 3, 'So the nearest square below is 5625.');
insert into solution_steps (question_id, step_no, text_latex) values ((select id from questions where code='ch1-q033'), 4, '5676 - 5625 = 51');
insert into solution_steps (question_id, step_no, text_latex) values ((select id from questions where code='ch1-q033'), 5, 'Subtracting 51 gives 5625, and $\sqrt{5625}$ = 75.');
insert into solution_steps (question_id, step_no, text_latex) values ((select id from questions where code='ch1-q033'), 6, 'Answer: subtract 51; the square root is 75');
insert into solution_steps (question_id, step_no, text_latex) values ((select id from questions where code='ch1-q034'), 1, 'Take each cube root separately.');
insert into solution_steps (question_id, step_no, text_latex) values ((select id from questions where code='ch1-q034'), 2, '$\sqrt[3]{343}$ = 7   ($7^{3}$ = 343)');
insert into solution_steps (question_id, step_no, text_latex) values ((select id from questions where code='ch1-q034'), 3, '$\sqrt[3]{0.343}$ = 0.7   ($0.7^{3}$ = 0.343)');
insert into solution_steps (question_id, step_no, text_latex) values ((select id from questions where code='ch1-q034'), 4, '$\sqrt[3]{10^{6}} = 10^{\frac{6}{3}} = 10^{2}$ = 100');
insert into solution_steps (question_id, step_no, text_latex) values ((select id from questions where code='ch1-q034'), 5, 'So the expression = (7 + 0.7) × 100 = 7.7 × 100 = 770');
insert into solution_steps (question_id, step_no, text_latex) values ((select id from questions where code='ch1-q034'), 6, 'Answer: 770');
insert into solution_steps (question_id, step_no, text_latex) values ((select id from questions where code='ch1-q035'), 1, 'Prime factorise 2352:');
insert into solution_steps (question_id, step_no, text_latex) values ((select id from questions where code='ch1-q035'), 2, '2352 = 2 × 1176 = 4 × 588 = 8 × 294 = 16 × 147, and 147 = 3 × 49.');
insert into solution_steps (question_id, step_no, text_latex) values ((select id from questions where code='ch1-q035'), 3, 'So 2352 = $2^{4}  \times  3^{1}  \times  7^{2}$.');
insert into solution_steps (question_id, step_no, text_latex) values ((select id from questions where code='ch1-q035'), 4, 'Pairs: $2^{4}$ ✔, $7^{2}$ ✔ — but 3 appears only once.');
insert into solution_steps (question_id, step_no, text_latex) values ((select id from questions where code='ch1-q035'), 5, 'Multiply by 3:  2352 × 3 = 7056.');
insert into solution_steps (question_id, step_no, text_latex) values ((select id from questions where code='ch1-q035'), 6, '$\sqrt{7056} = 2^{2}$ × 3 × 7 = 84');
insert into solution_steps (question_id, step_no, text_latex) values ((select id from questions where code='ch1-q035'), 7, 'Answer: multiply by 3; the square root is 84');
insert into solution_steps (question_id, step_no, text_latex) values ((select id from questions where code='ch1-q036'), 1, 'Take each square root separately. Ask: which number, squared, gives this? Then check by squaring it back (p.13).');
insert into solution_steps (question_id, step_no, text_latex) values ((select id from questions where code='ch1-q036'), 2, '$\sqrt{625}$ = 25');
insert into solution_steps (question_id, step_no, text_latex) values ((select id from questions where code='ch1-q036'), 3, '$\sqrt{0.000625}$ = 0.025');
insert into solution_steps (question_id, step_no, text_latex) values ((select id from questions where code='ch1-q036'), 4, '$\sqrt{0.0625}$ = 0.25');
insert into solution_steps (question_id, step_no, text_latex) values ((select id from questions where code='ch1-q036'), 5, 'Sum = 25 + 0.025 + 0.25 = 25.275');
insert into solution_steps (question_id, step_no, text_latex) values ((select id from questions where code='ch1-q036'), 6, 'Answer: 25.275');
insert into solution_steps (question_id, step_no, text_latex) values ((select id from questions where code='ch1-q037'), 1, 'Use the rule $\sqrt[3]{a  \times  b}$ = ∛a × ∛b.');
insert into solution_steps (question_id, step_no, text_latex) values ((select id from questions where code='ch1-q037'), 2, '∛[$\left(18\right)^{3}  \times  \left(\frac{1}{12}\right)^{3}$] = $\sqrt[3]{18^{3}}  \times  \sqrt[3]{\left(\frac{1}{12}\right)^{3}}$');
insert into solution_steps (question_id, step_no, text_latex) values ((select id from questions where code='ch1-q037'), 3, '= 18 × $\frac{1}{12}$');
insert into solution_steps (question_id, step_no, text_latex) values ((select id from questions where code='ch1-q037'), 4, '= $\frac{18}{12} = \frac{3}{2}$');
insert into solution_steps (question_id, step_no, text_latex) values ((select id from questions where code='ch1-q037'), 5, 'Answer: $\frac{3}{2}$ (= 1.5)');
insert into solution_steps (question_id, step_no, text_latex) values ((select id from questions where code='ch1-q038'), 1, 'Group 19683 into threes from the right: 19 | 683.');
insert into solution_steps (question_id, step_no, text_latex) values ((select id from questions where code='ch1-q038'), 2, 'The last group ends in 3 ⇒ unit digit is 7 ($7^{3}$ = 343 ends in 3).');
insert into solution_steps (question_id, step_no, text_latex) values ((select id from questions where code='ch1-q038'), 3, 'The first group 19 lies between $2^{3}$ = 8 and $3^{3}$ = 27 ⇒ tens digit 2.');
insert into solution_steps (question_id, step_no, text_latex) values ((select id from questions where code='ch1-q038'), 4, '$\sqrt[3]{19683}$ = 27');
insert into solution_steps (question_id, step_no, text_latex) values ((select id from questions where code='ch1-q038'), 5, 'Answer: 27');
insert into solution_steps (question_id, step_no, text_latex) values ((select id from questions where code='ch1-q039'), 1, 'Squaring a decimal doubles its decimal places (p.13), so a square root halves them. Check each by squaring back.');
insert into solution_steps (question_id, step_no, text_latex) values ((select id from questions where code='ch1-q039'), 2, '$\sqrt{3844}$ = 62, so $\sqrt{0.3844}$ = 0.62   (decimal moved 4 places left ⇒ root moved 2 places left)');
insert into solution_steps (question_id, step_no, text_latex) values ((select id from questions where code='ch1-q039'), 3, '$\sqrt{32.49}$ = 5.7, so $\sqrt{0.003249}$ = 0.057   (decimal moved 4 places left ⇒ root moved 2 places left)');
insert into solution_steps (question_id, step_no, text_latex) values ((select id from questions where code='ch1-q039'), 4, '0.62 - 0.057 = 0.563');
insert into solution_steps (question_id, step_no, text_latex) values ((select id from questions where code='ch1-q039'), 5, 'Answer: 0.563');
insert into solution_steps (question_id, step_no, text_latex) values ((select id from questions where code='ch1-q040'), 1, 'Prime factorise 17576 by repeated division by 2:');
insert into solution_steps (question_id, step_no, text_latex) values ((select id from questions where code='ch1-q040'), 2, '17576 ÷ 2 = 8788, ÷ 2 = 4394, ÷ 2 = 2197. And 2197 = 13 × 169 = 13 × 13 × 13.');
insert into solution_steps (question_id, step_no, text_latex) values ((select id from questions where code='ch1-q040'), 3, 'So 17576 = $2^{3}  \times  13^{3}$.');
insert into solution_steps (question_id, step_no, text_latex) values ((select id from questions where code='ch1-q040'), 4, 'Group the primes in threes and take one from each group:');
insert into solution_steps (question_id, step_no, text_latex) values ((select id from questions where code='ch1-q040'), 5, '$\sqrt[3]{17576}$ = 2 × 13 = 26');
insert into solution_steps (question_id, step_no, text_latex) values ((select id from questions where code='ch1-q040'), 6, 'Answer: 26');
insert into solution_steps (question_id, step_no, text_latex) values ((select id from questions where code='ch1-q041'), 1, '20 is not a perfect square, so we ESTIMATE by trapping it between squares and narrowing — the method the book uses for $\sqrt{1936}$ (p.9).');
insert into solution_steps (question_id, step_no, text_latex) values ((select id from questions where code='ch1-q041'), 2, 'Step 1: $4^{2}$ = 16 and $5^{2}$ = 25, and 16 < 20 < 25, so $\sqrt{20}$ lies between 4 and 5.');
insert into solution_steps (question_id, step_no, text_latex) values ((select id from questions where code='ch1-q041'), 3, 'Step 2: narrow to one decimal place. $4.4^{2}$ = 19.36 (too small) and $4.5^{2}$ = 20.25 (too big), so $\sqrt{20}$ lies between 4.4 and 4.5.');
insert into solution_steps (question_id, step_no, text_latex) values ((select id from questions where code='ch1-q041'), 4, 'Step 3: narrow to two decimal places. $4.47^{2}$ = 19.9809 (just under 20) and $4.48^{2}$ = 20.0704 (just over 20).');
insert into solution_steps (question_id, step_no, text_latex) values ((select id from questions where code='ch1-q041'), 5, 'So 20 lies between them, and 4.47 is the value correct to two decimal places.');
insert into solution_steps (question_id, step_no, text_latex) values ((select id from questions where code='ch1-q041'), 6, 'Answer: $\sqrt{20}$ ≈ 4.47');
insert into solution_steps (question_id, step_no, text_latex) values ((select id from questions where code='ch1-q042'), 1, '⚠ The question asks for LONG DIVISION, which is not taught in your Ganita Prakash chapter. Solved here with a method you do have — if an exam insists on long division, ask your teacher.');
insert into solution_steps (question_id, step_no, text_latex) values ((select id from questions where code='ch1-q042'), 2, 'First clear the decimal:  691.69 = $\frac{69169}{100}$, so $\sqrt{691.69} = \sqrt{69169}$ ÷ 10.');
insert into solution_steps (question_id, step_no, text_latex) values ((select id from questions where code='ch1-q042'), 3, '69169 is awkward to prime factorise, so ESTIMATE instead — exactly as the book does for $\sqrt{1936}$ (p.9).');
insert into solution_steps (question_id, step_no, text_latex) values ((select id from questions where code='ch1-q042'), 4, 'Step 1: trap it. $26^{2}$ = 676 and $27^{2}$ = 729, and 676 < 691.69 < 729, so the root lies between 26 and 27.');
insert into solution_steps (question_id, step_no, text_latex) values ((select id from questions where code='ch1-q042'), 5, 'Step 2: use the last digit. 691.69 ends in 9, and only $3^{2}$ = 9 and $7^{2}$ = 49 end in 9 — so the root ends in 3 or 7.');
insert into solution_steps (question_id, step_no, text_latex) values ((select id from questions where code='ch1-q042'), 6, 'Step 3: the candidates are 26.3 and 26.7. Since 691.69 is much closer to 676 than to 729, try the smaller one.');
insert into solution_steps (question_id, step_no, text_latex) values ((select id from questions where code='ch1-q042'), 7, 'Check: $26.3^{2}$ = 691.69 ✔');
insert into solution_steps (question_id, step_no, text_latex) values ((select id from questions where code='ch1-q042'), 8, 'Answer: $\sqrt{691.69}$ = 26.3');
insert into solution_steps (question_id, step_no, text_latex) values ((select id from questions where code='ch1-q043'), 1, '⚠ The question asks for LONG DIVISION, which is not taught in your Ganita Prakash chapter. Solved here with a method you do have — if an exam insists on long division, ask your teacher.');
insert into solution_steps (question_id, step_no, text_latex) values ((select id from questions where code='ch1-q043'), 2, 'First clear the decimal:  125.44 = $\frac{12544}{100}$, so $\sqrt{125.44} = \sqrt{12544}$ ÷ 10.');
insert into solution_steps (question_id, step_no, text_latex) values ((select id from questions where code='ch1-q043'), 3, 'Now find $\sqrt{12544}$ by PRIME FACTORISATION (p.9) — split the factors into two identical groups.');
insert into solution_steps (question_id, step_no, text_latex) values ((select id from questions where code='ch1-q043'), 4, '12544 = 2 × 6272 = 2 × 2 × 3136 = … keep dividing by 2:  12544 = $2^{8}  \times  7^{2}$');
insert into solution_steps (question_id, step_no, text_latex) values ((select id from questions where code='ch1-q043'), 5, 'Split into two identical groups: 12544 = ($2^{4}$ × 7) × ($2^{4}$ × 7) = 112 × 112');
insert into solution_steps (question_id, step_no, text_latex) values ((select id from questions where code='ch1-q043'), 6, 'So $\sqrt{12544}$ = 112, and $\sqrt{125.44}$ = 112 ÷ 10 = 11.2');
insert into solution_steps (question_id, step_no, text_latex) values ((select id from questions where code='ch1-q043'), 7, 'Check: 11.2 × 11.2 = 125.44 ✔');
insert into solution_steps (question_id, step_no, text_latex) values ((select id from questions where code='ch1-q043'), 8, 'Answer: $\sqrt{125.44}$ = 11.2');
insert into solution_steps (question_id, step_no, text_latex) values ((select id from questions where code='ch1-q044'), 1, 'First clear the decimal:  2079.36 = $\frac{207936}{100}$, so $\sqrt{2079.36} = \sqrt{207936}$ ÷ 10.');
insert into solution_steps (question_id, step_no, text_latex) values ((select id from questions where code='ch1-q044'), 2, 'Prime factorise 207936 (p.9):  207936 = $2^{6}  \times  3^{2}  \times  19^{2}$');
insert into solution_steps (question_id, step_no, text_latex) values ((select id from questions where code='ch1-q044'), 3, 'Split into two identical groups: ($2^{3}$ × 3 × 19) × ($2^{3}$ × 3 × 19) = 456 × 456');
insert into solution_steps (question_id, step_no, text_latex) values ((select id from questions where code='ch1-q044'), 4, 'So $\sqrt{207936}$ = 456, and $\sqrt{2079.36}$ = 456 ÷ 10 = 45.6');
insert into solution_steps (question_id, step_no, text_latex) values ((select id from questions where code='ch1-q044'), 5, 'Check by estimation too: $45^{2}$ = 2025 and $46^{2}$ = 2116, so the root is between 45 and 46 ✔, and 2079.36 ends in 6 so the root ends in 4 or 6 ✔');
insert into solution_steps (question_id, step_no, text_latex) values ((select id from questions where code='ch1-q044'), 6, 'Answer: $\sqrt{2079.36}$ = 45.6');
insert into solution_steps (question_id, step_no, text_latex) values ((select id from questions where code='ch1-q045'), 1, '⚠ The question asks for LONG DIVISION, which is not taught in your Ganita Prakash chapter. Solved here with a method you do have — if an exam insists on long division, ask your teacher.');
insert into solution_steps (question_id, step_no, text_latex) values ((select id from questions where code='ch1-q045'), 2, 'First clear the decimal:  108.16 = $\frac{10816}{100}$, so $\sqrt{108.16} = \sqrt{10816}$ ÷ 10.');
insert into solution_steps (question_id, step_no, text_latex) values ((select id from questions where code='ch1-q045'), 3, 'Prime factorise 10816 (p.9):  10816 = $2^{6}  \times  13^{2}$');
insert into solution_steps (question_id, step_no, text_latex) values ((select id from questions where code='ch1-q045'), 4, 'Split into two identical groups: ($2^{3}$ × 13) × ($2^{3}$ × 13) = 104 × 104');
insert into solution_steps (question_id, step_no, text_latex) values ((select id from questions where code='ch1-q045'), 5, 'So $\sqrt{10816}$ = 104, and $\sqrt{108.16}$ = 104 ÷ 10 = 10.4');
insert into solution_steps (question_id, step_no, text_latex) values ((select id from questions where code='ch1-q045'), 6, 'Check: 10.4 × 10.4 = 108.16 ✔');
insert into solution_steps (question_id, step_no, text_latex) values ((select id from questions where code='ch1-q045'), 7, 'Answer: $\sqrt{108.16}$ = 10.4');
insert into solution_steps (question_id, step_no, text_latex) values ((select id from questions where code='ch1-q046'), 1, '⚠ The question asks for LONG DIVISION, which is not taught in your Ganita Prakash chapter. Solved here with a method you do have — if an exam insists on long division, ask your teacher.');
insert into solution_steps (question_id, step_no, text_latex) values ((select id from questions where code='ch1-q046'), 2, 'First clear the decimal:  54.76 = $\frac{5476}{100}$, so $\sqrt{54.76} = \sqrt{5476}$ ÷ 10.');
insert into solution_steps (question_id, step_no, text_latex) values ((select id from questions where code='ch1-q046'), 3, 'Prime factorise 5476 (p.9):  5476 = $2^{2}  \times  37^{2}$');
insert into solution_steps (question_id, step_no, text_latex) values ((select id from questions where code='ch1-q046'), 4, 'Split into two identical groups: (2 × 37) × (2 × 37) = 74 × 74');
insert into solution_steps (question_id, step_no, text_latex) values ((select id from questions where code='ch1-q046'), 5, 'So $\sqrt{5476}$ = 74, and $\sqrt{54.76}$ = 74 ÷ 10 = 7.4');
insert into solution_steps (question_id, step_no, text_latex) values ((select id from questions where code='ch1-q046'), 6, 'Check: 7.4 × 7.4 = 54.76 ✔');
insert into solution_steps (question_id, step_no, text_latex) values ((select id from questions where code='ch1-q046'), 7, 'Answer: $\sqrt{54.76}$ = 7.4');
insert into solution_steps (question_id, step_no, text_latex) values ((select id from questions where code='ch1-q047'), 1, '⚠ The question asks for LONG DIVISION, which is not taught in your Ganita Prakash chapter. Solved here with a method you do have — if an exam insists on long division, ask your teacher.');
insert into solution_steps (question_id, step_no, text_latex) values ((select id from questions where code='ch1-q047'), 2, 'First clear the decimal:  8136.04 = $\frac{813604}{100}$, so $\sqrt{8136.04} = \sqrt{813604}$ ÷ 10.');
insert into solution_steps (question_id, step_no, text_latex) values ((select id from questions where code='ch1-q047'), 3, 'Prime factorise 813604 (p.9):  813604 = $2^{2}  \times  11^{2}  \times  41^{2}$');
insert into solution_steps (question_id, step_no, text_latex) values ((select id from questions where code='ch1-q047'), 4, 'Split into two identical groups: (2 × 11 × 41) × (2 × 11 × 41) = 902 × 902');
insert into solution_steps (question_id, step_no, text_latex) values ((select id from questions where code='ch1-q047'), 5, 'So $\sqrt{813604}$ = 902, and $\sqrt{8136.04}$ = 902 ÷ 10 = 90.2');
insert into solution_steps (question_id, step_no, text_latex) values ((select id from questions where code='ch1-q047'), 6, 'Check by estimation: $90^{2}$ = 8100 and $91^{2}$ = 8281, so the root is between 90 and 91 ✔');
insert into solution_steps (question_id, step_no, text_latex) values ((select id from questions where code='ch1-q047'), 7, 'Answer: $\sqrt{8136.04}$ = 90.2');
insert into solution_steps (question_id, step_no, text_latex) values ((select id from questions where code='ch1-q048'), 1, 'A number divisible by 10, 20 and 28 must be a multiple of their LCM.');
insert into solution_steps (question_id, step_no, text_latex) values ((select id from questions where code='ch1-q048'), 2, '10 = 2 × 5,  20 = $2^{2}$ × 5,  28 = $2^{2}$ × 7');
insert into solution_steps (question_id, step_no, text_latex) values ((select id from questions where code='ch1-q048'), 3, 'LCM = $2^{2}$ × 5 × 7 = 140');
insert into solution_steps (question_id, step_no, text_latex) values ((select id from questions where code='ch1-q048'), 4, 'Now 140 = $2^{2}$ × 5 × 7 — the 5 and the 7 are unpaired.');
insert into solution_steps (question_id, step_no, text_latex) values ((select id from questions where code='ch1-q048'), 5, 'Multiply by 5 × 7 = 35:  140 × 35 = 4900');
insert into solution_steps (question_id, step_no, text_latex) values ((select id from questions where code='ch1-q048'), 6, 'Check: 4900 = $70^{2}$, and 4900 is divisible by 10, 20 and 28. ✔');
insert into solution_steps (question_id, step_no, text_latex) values ((select id from questions where code='ch1-q048'), 7, 'Answer: 4900');
insert into solution_steps (question_id, step_no, text_latex) values ((select id from questions where code='ch1-q049'), 1, 'Prime factorise 2560:');
insert into solution_steps (question_id, step_no, text_latex) values ((select id from questions where code='ch1-q049'), 2, '2560 = 256 × 10 = $2^{8}$ × 2 × 5 = $2^{9}$ × 5');
insert into solution_steps (question_id, step_no, text_latex) values ((select id from questions where code='ch1-q049'), 3, 'Group in threes: $2^{9} = \left(2^{3}\right)^{3}$ ✔, but 5 appears only once — not a group of three.');
insert into solution_steps (question_id, step_no, text_latex) values ((select id from questions where code='ch1-q049'), 4, 'So 2560 is NOT a perfect cube.');
insert into solution_steps (question_id, step_no, text_latex) values ((select id from questions where code='ch1-q049'), 5, 'To fix it, we need two more 5s: multiply by $5^{2}$ = 25.');
insert into solution_steps (question_id, step_no, text_latex) values ((select id from questions where code='ch1-q049'), 6, '2560 × 25 = 64000 = $2^{9}  \times  5^{3} = \left(2^{3}  \times  5\right)^{3} = 40^{3}$ ✔');
insert into solution_steps (question_id, step_no, text_latex) values ((select id from questions where code='ch1-q049'), 7, 'Answer: not a perfect cube; multiply by 25 (giving 64000 = $40^{3}$)');
insert into solution_steps (question_id, step_no, text_latex) values ((select id from questions where code='ch1-q050'), 1, 'The number must be a multiple of the LCM of 4, 9 and 10.');
insert into solution_steps (question_id, step_no, text_latex) values ((select id from questions where code='ch1-q050'), 2, '4 = $2^{2}$,  9 = $3^{2}$,  10 = 2 × 5');
insert into solution_steps (question_id, step_no, text_latex) values ((select id from questions where code='ch1-q050'), 3, 'LCM = $2^{2}  \times  3^{2}$ × 5 = 180');
insert into solution_steps (question_id, step_no, text_latex) values ((select id from questions where code='ch1-q050'), 4, 'For a perfect cube, every prime power must be a multiple of 3. In 180 = $2^{2}  \times  3^{2}  \times  5^{1}$ we need to raise each to the power 3.');
insert into solution_steps (question_id, step_no, text_latex) values ((select id from questions where code='ch1-q050'), 5, 'Multiply by 2 × 3 × $5^{2}$ = 150:  180 × 150 = 27000 = $2^{3}  \times  3^{3}  \times  5^{3}$');
insert into solution_steps (question_id, step_no, text_latex) values ((select id from questions where code='ch1-q050'), 6, 'Check: 27000 = $30^{3}$ ✔');
insert into solution_steps (question_id, step_no, text_latex) values ((select id from questions where code='ch1-q050'), 7, 'Answer: 27000 (= $30^{3}$)');
insert into solution_steps (question_id, step_no, text_latex) values ((select id from questions where code='ch1-q051'), 1, 'Find the LCM of 80, 12, 24 and 36.');
insert into solution_steps (question_id, step_no, text_latex) values ((select id from questions where code='ch1-q051'), 2, '80 = $2^{4}$ × 5,  12 = $2^{2}$ × 3,  24 = $2^{3}$ × 3,  36 = $2^{2}  \times  3^{2}$');
insert into solution_steps (question_id, step_no, text_latex) values ((select id from questions where code='ch1-q051'), 3, 'LCM = $2^{4}  \times  3^{2}$ × 5 = 720');
insert into solution_steps (question_id, step_no, text_latex) values ((select id from questions where code='ch1-q051'), 4, 'For a perfect square every power must be even: $2^{4}$ ✔, $3^{2}$ ✔, but $5^{1}$ is odd.');
insert into solution_steps (question_id, step_no, text_latex) values ((select id from questions where code='ch1-q051'), 5, 'Multiply by 5:  720 × 5 = 3600');
insert into solution_steps (question_id, step_no, text_latex) values ((select id from questions where code='ch1-q051'), 6, '$\sqrt{3600} = 2^{2}$ × 3 × 5 = 60');
insert into solution_steps (question_id, step_no, text_latex) values ((select id from questions where code='ch1-q051'), 7, 'Answer: 3600; its square root is 60');
insert into solution_steps (question_id, step_no, text_latex) values ((select id from questions where code='ch1-q052'), 1, 'Prime factorise 23625.');
insert into solution_steps (question_id, step_no, text_latex) values ((select id from questions where code='ch1-q052'), 2, '23625 ÷ 27 = 875, so 23625 = $3^{3}$ × 875. And 875 = $5^{3}$ × 7.');
insert into solution_steps (question_id, step_no, text_latex) values ((select id from questions where code='ch1-q052'), 3, 'So 23625 = $3^{3}  \times  5^{3}  \times  7^{1}$.');
insert into solution_steps (question_id, step_no, text_latex) values ((select id from questions where code='ch1-q052'), 4, 'For a perfect cube, all powers must be multiples of 3. The 7 has power 1, so it must be removed.');
insert into solution_steps (question_id, step_no, text_latex) values ((select id from questions where code='ch1-q052'), 5, 'Divide by 7:  23625 ÷ 7 = 3375 = $3^{3}  \times  5^{3} = 15^{3}$ ✔');
insert into solution_steps (question_id, step_no, text_latex) values ((select id from questions where code='ch1-q052'), 6, '$\sqrt[3]{3375}$ = 3 × 5 = 15');
insert into solution_steps (question_id, step_no, text_latex) values ((select id from questions where code='ch1-q052'), 7, 'Answer: divide by 7; the cube root is 15');
insert into solution_steps (question_id, step_no, text_latex) values ((select id from questions where code='ch1-q053'), 1, 'Find the perfect squares just below and just above 7400.');
insert into solution_steps (question_id, step_no, text_latex) values ((select id from questions where code='ch1-q053'), 2, '$85^{2}$ = 7225,  $86^{2}$ = 7396,  $87^{2}$ = 7569');
insert into solution_steps (question_id, step_no, text_latex) values ((select id from questions where code='ch1-q053'), 3, '(a) The nearest square below 7400 is 7396, so subtract 7400 - 7396 = 4.');
insert into solution_steps (question_id, step_no, text_latex) values ((select id from questions where code='ch1-q053'), 4, '(b) The nearest square above 7400 is 7569, so add 7569 - 7400 = 169.');
insert into solution_steps (question_id, step_no, text_latex) values ((select id from questions where code='ch1-q053'), 5, 'Answer: (a) subtract 4   (b) add 169');
insert into solution_steps (question_id, step_no, text_latex) values ((select id from questions where code='ch1-q054'), 1, '(a) Between $n^{2}$ and $\left(n + 1\right)^{2}$ there are exactly 2n natural numbers.');
insert into solution_steps (question_id, step_no, text_latex) values ((select id from questions where code='ch1-q054'), 2, 'Here n = 23, so there are 2 × 23 = 46 natural numbers.');
insert into solution_steps (question_id, step_no, text_latex) values ((select id from questions where code='ch1-q054'), 3, '(b) 161728401 has 9 digits. For an n-digit number, the square root has n/2 digits if n is even, and (n + 1)/2 digits if n is odd.');
insert into solution_steps (question_id, step_no, text_latex) values ((select id from questions where code='ch1-q054'), 4, 'n = 9 is odd, so the root has (9 + 1)/2 = 5 digits.');
insert into solution_steps (question_id, step_no, text_latex) values ((select id from questions where code='ch1-q054'), 5, '(c) The sum of the first n odd natural numbers is $n^{2}$.');
insert into solution_steps (question_id, step_no, text_latex) values ((select id from questions where code='ch1-q054'), 6, 'So the sum of the first 17 odd numbers = $17^{2}$ = 289.');
insert into solution_steps (question_id, step_no, text_latex) values ((select id from questions where code='ch1-q054'), 7, 'Answer: (a) 46   (b) 5 digits   (c) 289');
insert into solution_steps (question_id, step_no, text_latex) values ((select id from questions where code='ch1-q055'), 1, '(a) ⚠ Note: triplets are not in your chapter. Using only squares and $a^{2} + b^{2} = c^{2}$:');
insert into solution_steps (question_id, step_no, text_latex) values ((select id from questions where code='ch1-q055'), 2, 'Look for a square that, added to $24^{2}$ = 576, gives another square.');
insert into solution_steps (question_id, step_no, text_latex) values ((select id from questions where code='ch1-q055'), 3, '576 + $7^{2}$ = 576 + 49 = 625, and 625 = $25^{2}$ ✔');
insert into solution_steps (question_id, step_no, text_latex) values ((select id from questions where code='ch1-q055'), 4, 'So (7, 24, 25) is a Pythagorean triplet. (The larger triplet (24, 143, 145) also contains 24.)');
insert into solution_steps (question_id, step_no, text_latex) values ((select id from questions where code='ch1-q055'), 5, '(b) Between two consecutive squares p and q there are (q - p - 1) numbers  (Ganita Prakash, p.7).');
insert into solution_steps (question_id, step_no, text_latex) values ((select id from questions where code='ch1-q055'), 6, 'Here $19^{2} - 18^{2}$ - 1 = 361 - 324 - 1 = 36 numbers.');
insert into solution_steps (question_id, step_no, text_latex) values ((select id from questions where code='ch1-q055'), 7, '(c) The book shows that the sum of the first n odd numbers is $n^{2}$  (p.5).');
insert into solution_steps (question_id, step_no, text_latex) values ((select id from questions where code='ch1-q055'), 8, '36 = $6^{2}$, so it is the sum of the first 6 odd numbers:  36 = 1 + 3 + 5 + 7 + 9 + 11 ✔');
insert into solution_steps (question_id, step_no, text_latex) values ((select id from questions where code='ch1-q055'), 9, 'Answer: (a) (7, 24, 25)   (b) 36   (c) 1 + 3 + 5 + 7 + 9 + 11');
insert into solution_steps (question_id, step_no, text_latex) values ((select id from questions where code='ch1-q056'), 1, 'Volume of one cuboid = 15 × 30 × 15 = 6750 $\text{cm}^{3}$.');
insert into solution_steps (question_id, step_no, text_latex) values ((select id from questions where code='ch1-q056'), 2, 'Prime factorise: 15 = 3 × 5, 30 = 2 × 3 × 5, 15 = 3 × 5.');
insert into solution_steps (question_id, step_no, text_latex) values ((select id from questions where code='ch1-q056'), 3, 'So 6750 = $2^{1}  \times  3^{3}  \times  5^{3}$.');
insert into solution_steps (question_id, step_no, text_latex) values ((select id from questions where code='ch1-q056'), 4, 'For the stack to form a cube, every prime power must be a multiple of 3. Here $3^{3}$ ✔ and $5^{3}$ ✔, but 2 has power 1.');
insert into solution_steps (question_id, step_no, text_latex) values ((select id from questions where code='ch1-q056'), 5, 'We need two more 2s, i.e. multiply by $2^{2}$ = 4.');
insert into solution_steps (question_id, step_no, text_latex) values ((select id from questions where code='ch1-q056'), 6, 'So 4 cuboids are needed. Check: 4 × 6750 = 27000 = $30^{3}$ ✔ (a cube of side 30 cm)');
insert into solution_steps (question_id, step_no, text_latex) values ((select id from questions where code='ch1-q056'), 7, 'Answer: 4 cuboids');
insert into solution_steps (question_id, step_no, text_latex) values ((select id from questions where code='ch1-q057'), 1, 'Let the three amounts be 2x, 3x and 4x.');
insert into solution_steps (question_id, step_no, text_latex) values ((select id from questions where code='ch1-q057'), 2, 'Sum of their cubes = $\left(2x\right)^{3} + \left(3x\right)^{3} + \left(4x\right)^{3}$ = 8$x^{3}$ + 27$x^{3}$ + 64$x^{3}$ = 99$x^{3}$');
insert into solution_steps (question_id, step_no, text_latex) values ((select id from questions where code='ch1-q057'), 3, 'So 99$x^{3}$ = 792');
insert into solution_steps (question_id, step_no, text_latex) values ((select id from questions where code='ch1-q057'), 4, '$x^{3}$ = 792 ÷ 99 = 8   ⇒   x = $\sqrt[3]{8}$ = 2');
insert into solution_steps (question_id, step_no, text_latex) values ((select id from questions where code='ch1-q057'), 5, 'The amounts are 2x = 4, 3x = 6, 4x = 8.');
insert into solution_steps (question_id, step_no, text_latex) values ((select id from questions where code='ch1-q057'), 6, 'Answer: ₹4, ₹6 and ₹8');
insert into solution_steps (question_id, step_no, text_latex) values ((select id from questions where code='ch1-q058'), 1, 'Let the three numbers be 2x, 3x and 4x.');
insert into solution_steps (question_id, step_no, text_latex) values ((select id from questions where code='ch1-q058'), 2, 'Sum of cubes = 8$x^{3}$ + 27$x^{3}$ + 64$x^{3}$ = 99$x^{3}$');
insert into solution_steps (question_id, step_no, text_latex) values ((select id from questions where code='ch1-q058'), 3, '99$x^{3}$ = 131769');
insert into solution_steps (question_id, step_no, text_latex) values ((select id from questions where code='ch1-q058'), 4, '$x^{3}$ = 131769 ÷ 99 = 1331   ⇒   x = $\sqrt[3]{1331}$ = 11');
insert into solution_steps (question_id, step_no, text_latex) values ((select id from questions where code='ch1-q058'), 5, 'The numbers are 2x = 22, 3x = 33, 4x = 44.');
insert into solution_steps (question_id, step_no, text_latex) values ((select id from questions where code='ch1-q058'), 6, 'Answer: 22, 33 and 44');
insert into solution_steps (question_id, step_no, text_latex) values ((select id from questions where code='ch1-q059'), 1, 'For a square formation, the total must be a perfect square.');
insert into solution_steps (question_id, step_no, text_latex) values ((select id from questions where code='ch1-q059'), 2, 'Find the squares either side of 9450:');
insert into solution_steps (question_id, step_no, text_latex) values ((select id from questions where code='ch1-q059'), 3, '$97^{2}$ = 9409  (too small)   and   $98^{2}$ = 9604  (the next one up)');
insert into solution_steps (question_id, step_no, text_latex) values ((select id from questions where code='ch1-q059'), 4, 'Since we must ADD people to complete the square, we go up to 9604.');
insert into solution_steps (question_id, step_no, text_latex) values ((select id from questions where code='ch1-q059'), 5, 'People required = 9604 - 9450 = 154');
insert into solution_steps (question_id, step_no, text_latex) values ((select id from questions where code='ch1-q059'), 6, 'Number in each row = $\sqrt{9604}$ = 98');
insert into solution_steps (question_id, step_no, text_latex) values ((select id from questions where code='ch1-q059'), 7, 'Answer: 154 more persons; 98 persons in each row');
insert into solution_steps (question_id, step_no, text_latex) values ((select id from questions where code='ch1-q060'), 1, 'The number of dancers must be a perfect square.');
insert into solution_steps (question_id, step_no, text_latex) values ((select id from questions where code='ch1-q060'), 2, '$44^{2}$ = 1936  (too small)   and   $45^{2}$ = 2025');
insert into solution_steps (question_id, step_no, text_latex) values ((select id from questions where code='ch1-q060'), 3, '(a) Dancers to be added = 2025 - 2016 = 9');
insert into solution_steps (question_id, step_no, text_latex) values ((select id from questions where code='ch1-q060'), 4, '(b) Dancers in each row = $\sqrt{2025}$ = 45');
insert into solution_steps (question_id, step_no, text_latex) values ((select id from questions where code='ch1-q060'), 5, 'Answer: (a) 9 dancers   (b) 45 in each row');
insert into solution_steps (question_id, step_no, text_latex) values ((select id from questions where code='ch1-q061'), 1, 'The number of flowers must be a perfect square.');
insert into solution_steps (question_id, step_no, text_latex) values ((select id from questions where code='ch1-q061'), 2, '$75^{2}$ = 5625  (too small)   and   $76^{2}$ = 5776');
insert into solution_steps (question_id, step_no, text_latex) values ((select id from questions where code='ch1-q061'), 3, 'Flowers needed = 5776 - 5646 = 130');
insert into solution_steps (question_id, step_no, text_latex) values ((select id from questions where code='ch1-q061'), 4, 'Flowers in a row = $\sqrt{5776}$ = 76');
insert into solution_steps (question_id, step_no, text_latex) values ((select id from questions where code='ch1-q061'), 5, 'Answer: 130 more flowers; 76 in a row');
insert into solution_steps (question_id, step_no, text_latex) values ((select id from questions where code='ch1-q062'), 1, 'Here the chairs are LEFT OVER, so we take the largest perfect square below 13695.');
insert into solution_steps (question_id, step_no, text_latex) values ((select id from questions where code='ch1-q062'), 2, '$117^{2}$ = 13689   and   $118^{2}$ = 13924 (too big)');
insert into solution_steps (question_id, step_no, text_latex) values ((select id from questions where code='ch1-q062'), 3, 'Chairs left out = 13695 - 13689 = 6');
insert into solution_steps (question_id, step_no, text_latex) values ((select id from questions where code='ch1-q062'), 4, '(The organiser makes a 117 × 117 arrangement and 6 chairs remain unused.)');
insert into solution_steps (question_id, step_no, text_latex) values ((select id from questions where code='ch1-q062'), 5, 'Answer: 6 chairs');
insert into solution_steps (question_id, step_no, text_latex) values ((select id from questions where code='ch1-q063'), 1, 'Area of a square = $\left(side\right)^{2}$, so side = $\sqrt{7056.}$');
insert into solution_steps (question_id, step_no, text_latex) values ((select id from questions where code='ch1-q063'), 2, 'Prime factorise: 7056 = $2^{4}  \times  3^{2}  \times  7^{2}$');
insert into solution_steps (question_id, step_no, text_latex) values ((select id from questions where code='ch1-q063'), 3, '$\sqrt{7056} = 2^{2}$ × 3 × 7 = 84 m');
insert into solution_steps (question_id, step_no, text_latex) values ((select id from questions where code='ch1-q063'), 4, 'Perimeter = 4 × side = 4 × 84 = 336 m');
insert into solution_steps (question_id, step_no, text_latex) values ((select id from questions where code='ch1-q063'), 5, 'Cost of fencing = 336 × ₹12 = ₹4032');
insert into solution_steps (question_id, step_no, text_latex) values ((select id from questions where code='ch1-q063'), 6, 'Answer: perimeter 336 m; cost ₹4032');
insert into solution_steps (question_id, step_no, text_latex) values ((select id from questions where code='ch2-q001'), 1, 'Apply the power to BOTH factors inside the bracket: $\left(ab\right)^{m} = a^{m}$$b^{m}$.');
insert into solution_steps (question_id, step_no, text_latex) values ((select id from questions where code='ch2-q001'), 2, '$\left(-3p^{-3}\right)^{2} = \left(-3\right)^{2}  \times  \left(p^{-3}\right)^{2}$');
insert into solution_steps (question_id, step_no, text_latex) values ((select id from questions where code='ch2-q001'), 3, '$\left(-3\right)^{2}$ = 9   (a negative number squared is positive)');
insert into solution_steps (question_id, step_no, text_latex) values ((select id from questions where code='ch2-q001'), 4, '$\left(p^{-3}\right)^{2} = p^{-3  \times  2} = p^{-6}$   using $\left(a^{m}\right)^{n} = a^{mn}$');
insert into solution_steps (question_id, step_no, text_latex) values ((select id from questions where code='ch2-q001'), 5, 'So the answer is 9$p^{-6}$.');
insert into solution_steps (question_id, step_no, text_latex) values ((select id from questions where code='ch2-q001'), 6, 'Answer: (b) 9$p^{-6}$');
insert into solution_steps (question_id, step_no, text_latex) values ((select id from questions where code='ch2-q002'), 1, 'Spot that 0.000027 is a power of 0.03:  $\left(0.03\right)^{3}$ = 0.000027 ✔');
insert into solution_steps (question_id, step_no, text_latex) values ((select id from questions where code='ch2-q002'), 2, 'So $\left(0.000027\right)^{3}$ = [$\left(0.03\right)^{3}$]^{3} = $\left(0.03\right)^{9}$');
insert into solution_steps (question_id, step_no, text_latex) values ((select id from questions where code='ch2-q002'), 3, 'Now $\left(0.03\right)^{-2}  \times  \left(0.03\right)^{9} = \left(0.03\right)^{-2 + 9} = \left(0.03\right)^{7}$');
insert into solution_steps (question_id, step_no, text_latex) values ((select id from questions where code='ch2-q002'), 4, 'Answer: (b) $\left(0.03\right)^{7}$');
insert into solution_steps (question_id, step_no, text_latex) values ((select id from questions where code='ch2-q003'), 1, 'Work inside the bracket first.');
insert into solution_steps (question_id, step_no, text_latex) values ((select id from questions where code='ch2-q003'), 2, '$\left(\frac{2}{3}\right)^{2} = \frac{4}{9}$');
insert into solution_steps (question_id, step_no, text_latex) values ((select id from questions where code='ch2-q003'), 3, '$\left(\frac{-1}{3}\right)^{-2} = \left(\frac{-3}{1}\right)^{2}$ = 9   (a negative index flips the fraction)');
insert into solution_steps (question_id, step_no, text_latex) values ((select id from questions where code='ch2-q003'), 4, 'Bracket = $\frac{4}{9}$ × 9 = 4');
insert into solution_steps (question_id, step_no, text_latex) values ((select id from questions where code='ch2-q003'), 5, 'So the whole expression is $4^{2}$.');
insert into solution_steps (question_id, step_no, text_latex) values ((select id from questions where code='ch2-q003'), 6, 'Answer: (a) $4^{2}$');
insert into solution_steps (question_id, step_no, text_latex) values ((select id from questions where code='ch2-q004'), 1, 'We want the option that simplifies to $10^{-6}$. Use $a^{m}  \div  a^{n} = a^{m-n}$.');
insert into solution_steps (question_id, step_no, text_latex) values ((select id from questions where code='ch2-q004'), 2, '(a) $10^{-3}  \div  10^{9} = 10^{-3-9} = 10^{-12}$ ✘');
insert into solution_steps (question_id, step_no, text_latex) values ((select id from questions where code='ch2-q004'), 3, '(b) $10^{3}  \div  10^{-9} = 10^{3+9} = 10^{12}$ ✘');
insert into solution_steps (question_id, step_no, text_latex) values ((select id from questions where code='ch2-q004'), 4, '(c) $10^{3}  \div  10^{9} = 10^{3-9} = 10^{-6}$ ✔');
insert into solution_steps (question_id, step_no, text_latex) values ((select id from questions where code='ch2-q004'), 5, '(d) $10^{-3}  \div  10^{-9} = 10^{-3+9} = 10^{6}$ ✘');
insert into solution_steps (question_id, step_no, text_latex) values ((select id from questions where code='ch2-q004'), 6, 'Answer: (c)');
insert into solution_steps (question_id, step_no, text_latex) values ((select id from questions where code='ch2-q005'), 1, 'If a number times something equals 1, that something is its reciprocal.');
insert into solution_steps (question_id, step_no, text_latex) values ((select id from questions where code='ch2-q005'), 2, 'First tidy the base: 7/-5 is the same as $\frac{-7}{5}$.');
insert into solution_steps (question_id, step_no, text_latex) values ((select id from questions where code='ch2-q005'), 3, 'So we need the reciprocal of $\left(\frac{-7}{5}\right)^{3}$, which is $\left(\frac{-5}{7}\right)^{3}$.');
insert into solution_steps (question_id, step_no, text_latex) values ((select id from questions where code='ch2-q005'), 4, 'And $\left(\frac{-5}{7}\right)^{3}$ can be written with a negative index as $\left(\frac{-7}{5}\right)^{-3}$.');
insert into solution_steps (question_id, step_no, text_latex) values ((select id from questions where code='ch2-q005'), 5, 'Answer: (b) $\left(\frac{-7}{5}\right)^{-3}$');
insert into solution_steps (question_id, step_no, text_latex) values ((select id from questions where code='ch2-q006'), 1, 'Any power of 1 is just 1 — positive, negative or zero index.');
insert into solution_steps (question_id, step_no, text_latex) values ((select id from questions where code='ch2-q006'), 2, '$1^{-7}$ = 1');
insert into solution_steps (question_id, step_no, text_latex) values ((select id from questions where code='ch2-q006'), 3, '$1^{7}$ = 1');
insert into solution_steps (question_id, step_no, text_latex) values ((select id from questions where code='ch2-q006'), 4, '$1^{0}$ = 1');
insert into solution_steps (question_id, step_no, text_latex) values ((select id from questions where code='ch2-q006'), 5, 'Sum = 1 + 1 + 1 = 3');
insert into solution_steps (question_id, step_no, text_latex) values ((select id from questions where code='ch2-q006'), 6, 'Answer: (d) 3');
insert into solution_steps (question_id, step_no, text_latex) values ((select id from questions where code='ch2-q007'), 1, 'Rewrite the negative indices as fractions: $a^{-1}$ = 1/a.');
insert into solution_steps (question_id, step_no, text_latex) values ((select id from questions where code='ch2-q007'), 2, '$x^{-1}  \div  y^{-1} = \left(\frac{1}{x}\right)  \div  \left(\frac{1}{y}\right)$');
insert into solution_steps (question_id, step_no, text_latex) values ((select id from questions where code='ch2-q007'), 3, 'Dividing by a fraction means multiplying by its reciprocal:');
insert into solution_steps (question_id, step_no, text_latex) values ((select id from questions where code='ch2-q007'), 4, '= $\left(\frac{1}{x}\right)  \times  \left(\frac{y}{1}\right)$ = y/x');
insert into solution_steps (question_id, step_no, text_latex) values ((select id from questions where code='ch2-q007'), 5, 'Answer: (a) y/x');
insert into solution_steps (question_id, step_no, text_latex) values ((select id from questions where code='ch2-q008'), 1, 'Work out each piece.');
insert into solution_steps (question_id, step_no, text_latex) values ((select id from questions where code='ch2-q008'), 2, '$12^{2}$ = 144  and  $5^{3}$ = 125, so $12^{2} - 5^{3}$ = 144 - 125 = 19');
insert into solution_steps (question_id, step_no, text_latex) values ((select id from questions where code='ch2-q008'), 3, '$\left(-1\right)^{20}$ = 1   (a negative number to an EVEN power is positive)');
insert into solution_steps (question_id, step_no, text_latex) values ((select id from questions where code='ch2-q008'), 4, 'So the expression = 19 × $\frac{1}{19}$ = 1');
insert into solution_steps (question_id, step_no, text_latex) values ((select id from questions where code='ch2-q008'), 5, 'Answer: (b) 1');
insert into solution_steps (question_id, step_no, text_latex) values ((select id from questions where code='ch2-q009'), 1, 'A negative index flips the fraction.');
insert into solution_steps (question_id, step_no, text_latex) values ((select id from questions where code='ch2-q009'), 2, '$\left(\frac{5}{8}\right)^{-2} = \left(\frac{8}{5}\right)^{2} = \frac{64}{25}$');
insert into solution_steps (question_id, step_no, text_latex) values ((select id from questions where code='ch2-q009'), 3, '$\left(\frac{4}{5}\right)^{-2} = \left(\frac{5}{4}\right)^{2} = \frac{25}{16}$');
insert into solution_steps (question_id, step_no, text_latex) values ((select id from questions where code='ch2-q009'), 4, 'x = $\frac{64}{25}  \times  \frac{25}{16} = \frac{64}{16}$ = 4');
insert into solution_steps (question_id, step_no, text_latex) values ((select id from questions where code='ch2-q009'), 5, '$x^{-1}$ = 1/x = $\frac{1}{4}$');
insert into solution_steps (question_id, step_no, text_latex) values ((select id from questions where code='ch2-q009'), 6, 'Answer: (a) $\frac{1}{4}$');
insert into solution_steps (question_id, step_no, text_latex) values ((select id from questions where code='ch2-q010'), 1, 'Write each option out in full and compare.');
insert into solution_steps (question_id, step_no, text_latex) values ((select id from questions where code='ch2-q010'), 2, '(a) 4.26 × $10^{6}$ = 4260000, but 4260 × $10^{4}$ = 42600000. ✘');
insert into solution_steps (question_id, step_no, text_latex) values ((select id from questions where code='ch2-q010'), 3, '(b) 4.26 × $10^{5}$ = 426000, not 42600000. ✘');
insert into solution_steps (question_id, step_no, text_latex) values ((select id from questions where code='ch2-q010'), 4, '(c) 4.26 × $10^{7}$ = 42600000. ✔');
insert into solution_steps (question_id, step_no, text_latex) values ((select id from questions where code='ch2-q010'), 5, '(d) 4.26 × $10^{6}$ = 4260000, but 426 × $10^{5}$ = 42600000. ✘');
insert into solution_steps (question_id, step_no, text_latex) values ((select id from questions where code='ch2-q010'), 6, 'Answer: (c)');
insert into solution_steps (question_id, step_no, text_latex) values ((select id from questions where code='ch2-q011'), 1, 'The multiplicative inverse of a number is its reciprocal — the number you multiply by to get 1.');
insert into solution_steps (question_id, step_no, text_latex) values ((select id from questions where code='ch2-q011'), 2, '$5^{-2} = \frac{1}{5^{2}} = \frac{1}{25}$');
insert into solution_steps (question_id, step_no, text_latex) values ((select id from questions where code='ch2-q011'), 3, 'The reciprocal of $\frac{1}{25}$ is 25.');
insert into solution_steps (question_id, step_no, text_latex) values ((select id from questions where code='ch2-q011'), 4, '(Shortcut: the inverse of $a^{-n}$ is $a^{n}$, so the inverse of $5^{-2}$ is $5^{2}$ = 25.)');
insert into solution_steps (question_id, step_no, text_latex) values ((select id from questions where code='ch2-q011'), 5, 'Answer: (d) 25');
insert into solution_steps (question_id, step_no, text_latex) values ((select id from questions where code='ch2-q012'), 1, 'Evaluate each term, watching the signs carefully.');
insert into solution_steps (question_id, step_no, text_latex) values ((select id from questions where code='ch2-q012'), 2, '$\left(-2\right)^{0}$ = 1   (anything non-zero to the power 0)');
insert into solution_steps (question_id, step_no, text_latex) values ((select id from questions where code='ch2-q012'), 3, '$\left(-2\right)^{1}$ = -2, and we are SUBTRACTING it: -(-2) = +2');
insert into solution_steps (question_id, step_no, text_latex) values ((select id from questions where code='ch2-q012'), 4, '$\left(-2\right)^{2}$ = +4   (even power ⇒ positive)');
insert into solution_steps (question_id, step_no, text_latex) values ((select id from questions where code='ch2-q012'), 5, '$\left(-2\right)^{3}$ = -8   (odd power ⇒ negative)');
insert into solution_steps (question_id, step_no, text_latex) values ((select id from questions where code='ch2-q012'), 6, 'Total = 1 + 2 + 4 - 8 = -1');
insert into solution_steps (question_id, step_no, text_latex) values ((select id from questions where code='ch2-q012'), 7, 'Answer: -1');
insert into solution_steps (question_id, step_no, text_latex) values ((select id from questions where code='ch2-q013'), 1, 'Standard form is k × $10^{n}$ with 1 ≤ k < 10.');
insert into solution_steps (question_id, step_no, text_latex) values ((select id from questions where code='ch2-q013'), 2, 'Move the decimal point to just after the first non-zero digit (the 3):');
insert into solution_steps (question_id, step_no, text_latex) values ((select id from questions where code='ch2-q013'), 3, '0.00003412652 → 3.412652');
insert into solution_steps (question_id, step_no, text_latex) values ((select id from questions where code='ch2-q013'), 4, 'The point moved 5 places to the RIGHT, so the power of 10 is -5.');
insert into solution_steps (question_id, step_no, text_latex) values ((select id from questions where code='ch2-q013'), 5, 'Answer: 3.412652 × $10^{-5}$');
insert into solution_steps (question_id, step_no, text_latex) values ((select id from questions where code='ch2-q014'), 1, 'Standard form is k × $10^{n}$ with 1 ≤ k < 10.');
insert into solution_steps (question_id, step_no, text_latex) values ((select id from questions where code='ch2-q014'), 2, '34500000 → put the decimal after the first digit: 3.45');
insert into solution_steps (question_id, step_no, text_latex) values ((select id from questions where code='ch2-q014'), 3, 'The point moved 7 places to the LEFT, so the power of 10 is +7.');
insert into solution_steps (question_id, step_no, text_latex) values ((select id from questions where code='ch2-q014'), 4, 'Answer: 3.45 × $10^{7}$');
insert into solution_steps (question_id, step_no, text_latex) values ((select id from questions where code='ch2-q015'), 1, 'Call the missing number N, so N ÷ $\left(\frac{1}{5}\right)^{-3} = \left(\frac{1}{5}\right)^{2}$.');
insert into solution_steps (question_id, step_no, text_latex) values ((select id from questions where code='ch2-q015'), 2, 'To get N, multiply both sides by $\left(\frac{1}{5}\right)^{-3}$:');
insert into solution_steps (question_id, step_no, text_latex) values ((select id from questions where code='ch2-q015'), 3, 'N = $\left(\frac{1}{5}\right)^{2}  \times  \left(\frac{1}{5}\right)^{-3}$');
insert into solution_steps (question_id, step_no, text_latex) values ((select id from questions where code='ch2-q015'), 4, '= $\left(\frac{1}{5}\right)^{2 + (-3)} = \left(\frac{1}{5}\right)^{-1}$');
insert into solution_steps (question_id, step_no, text_latex) values ((select id from questions where code='ch2-q015'), 5, '= 5');
insert into solution_steps (question_id, step_no, text_latex) values ((select id from questions where code='ch2-q015'), 6, 'Answer: 5');
insert into solution_steps (question_id, step_no, text_latex) values ((select id from questions where code='ch2-q016'), 1, 'Deal with the inside of the bracket first.');
insert into solution_steps (question_id, step_no, text_latex) values ((select id from questions where code='ch2-q016'), 2, '$1^{-1}$ = 1  and  $3^{-1} = \frac{1}{3}$');
insert into solution_steps (question_id, step_no, text_latex) values ((select id from questions where code='ch2-q016'), 3, 'So the bracket = 1 - $\frac{1}{3} = \frac{2}{3}$');
insert into solution_steps (question_id, step_no, text_latex) values ((select id from questions where code='ch2-q016'), 4, 'Now apply the outer index: $\left(\frac{2}{3}\right)^{-1} = \frac{3}{2}$   (a negative index flips the fraction)');
insert into solution_steps (question_id, step_no, text_latex) values ((select id from questions where code='ch2-q016'), 5, 'Answer: $\frac{3}{2}$');
insert into solution_steps (question_id, step_no, text_latex) values ((select id from questions where code='ch2-q017'), 1, 'Write both weights as ordinary numbers.');
insert into solution_steps (question_id, step_no, text_latex) values ((select id from questions where code='ch2-q017'), 2, '15 × $10^{3}$ = 15 × 1000 = 15000 kg');
insert into solution_steps (question_id, step_no, text_latex) values ((select id from questions where code='ch2-q017'), 3, '2.6 × $10^{2}$ = 2.6 × 100 = 260 kg');
insert into solution_steps (question_id, step_no, text_latex) values ((select id from questions where code='ch2-q017'), 4, 'Total = 15000 + 260 = 15260 kg');
insert into solution_steps (question_id, step_no, text_latex) values ((select id from questions where code='ch2-q017'), 5, 'In standard form: 1.526 × $10^{4}$ kg');
insert into solution_steps (question_id, step_no, text_latex) values ((select id from questions where code='ch2-q017'), 6, 'Answer: 15260 kg (= 1.526 × $10^{4}$ kg)');
insert into solution_steps (question_id, step_no, text_latex) values ((select id from questions where code='ch2-q018'), 1, 'Multiply out the left-hand side, keeping numbers and letters separate.');
insert into solution_steps (question_id, step_no, text_latex) values ((select id from questions where code='ch2-q018'), 2, '(5$x^{a}$)($\text{bx}^{2}$) = (5 × b) × ($x^{a}  \times  x^{2}$) = 5b × $x^{a+2}$');
insert into solution_steps (question_id, step_no, text_latex) values ((select id from questions where code='ch2-q018'), 3, 'Now compare with 35$x^{8}$.');
insert into solution_steps (question_id, step_no, text_latex) values ((select id from questions where code='ch2-q018'), 4, 'Numbers: 5b = 35  ⇒  b = 7');
insert into solution_steps (question_id, step_no, text_latex) values ((select id from questions where code='ch2-q018'), 5, 'Powers of x: a + 2 = 8  ⇒  a = 6');
insert into solution_steps (question_id, step_no, text_latex) values ((select id from questions where code='ch2-q018'), 6, 'Answer: a = 6, b = 7');
insert into solution_steps (question_id, step_no, text_latex) values ((select id from questions where code='ch2-q019'), 1, 'Remember that anything (non-zero) to the power 0 is 1.');
insert into solution_steps (question_id, step_no, text_latex) values ((select id from questions where code='ch2-q019'), 2, '$5^{0}$ = 1,  $6^{0}$ = 1,  $7^{0}$ = 1, so the bracket = 1 + 1 + 1 = 3');
insert into solution_steps (question_id, step_no, text_latex) values ((select id from questions where code='ch2-q019'), 3, '$5^{-1} = \frac{1}{5}$');
insert into solution_steps (question_id, step_no, text_latex) values ((select id from questions where code='ch2-q019'), 4, 'So the expression = $\left(\frac{1}{5}\right)$ × 3 + $\frac{1}{5} = \frac{3}{5} + \frac{1}{5}$');
insert into solution_steps (question_id, step_no, text_latex) values ((select id from questions where code='ch2-q019'), 5, '= $\frac{4}{5}$');
insert into solution_steps (question_id, step_no, text_latex) values ((select id from questions where code='ch2-q019'), 6, 'Answer: $\frac{4}{5}$');
insert into solution_steps (question_id, step_no, text_latex) values ((select id from questions where code='ch2-q020'), 1, 'First simplify the base: $\frac{24}{3}$ = 8.');
insert into solution_steps (question_id, step_no, text_latex) values ((select id from questions where code='ch2-q020'), 2, 'So we have $8^{4}  \times  \left(\frac{3}{8}\right)^{4}$.');
insert into solution_steps (question_id, step_no, text_latex) values ((select id from questions where code='ch2-q020'), 3, 'Both have the same index 4, so use $a^{m}  \times  b^{m} = \left(a  \times  b\right)^{m}$:');
insert into solution_steps (question_id, step_no, text_latex) values ((select id from questions where code='ch2-q020'), 4, '= $\left(8  \times  \frac{3}{8}\right)^{4} = 3^{4}$');
insert into solution_steps (question_id, step_no, text_latex) values ((select id from questions where code='ch2-q020'), 5, '= 81');
insert into solution_steps (question_id, step_no, text_latex) values ((select id from questions where code='ch2-q020'), 6, 'Answer: 81');
insert into solution_steps (question_id, step_no, text_latex) values ((select id from questions where code='ch2-q021'), 1, 'Turn each negative index into a fraction.');
insert into solution_steps (question_id, step_no, text_latex) values ((select id from questions where code='ch2-q021'), 2, '$2^{-5} = \frac{1}{2^{5}} = \frac{1}{32}$');
insert into solution_steps (question_id, step_no, text_latex) values ((select id from questions where code='ch2-q021'), 3, '$8^{-2} = \frac{1}{8^{2}} = \frac{1}{64}$');
insert into solution_steps (question_id, step_no, text_latex) values ((select id from questions where code='ch2-q021'), 4, '$2^{-3} = \frac{1}{2^{3}} = \frac{1}{8}$');
insert into solution_steps (question_id, step_no, text_latex) values ((select id from questions where code='ch2-q021'), 5, 'Now use a common denominator of 64:');
insert into solution_steps (question_id, step_no, text_latex) values ((select id from questions where code='ch2-q021'), 6, '$\frac{1}{32} = \frac{2}{64}$,  $\frac{1}{8} = \frac{8}{64}$');
insert into solution_steps (question_id, step_no, text_latex) values ((select id from questions where code='ch2-q021'), 7, 'So $\frac{2}{64} - \frac{1}{64} + \frac{8}{64} = \frac{9}{64}$');
insert into solution_steps (question_id, step_no, text_latex) values ((select id from questions where code='ch2-q021'), 8, 'Answer: $\frac{9}{64}$');
insert into solution_steps (question_id, step_no, text_latex) values ((select id from questions where code='ch2-q022'), 1, 'Simplify the numerator first, using $a^{m}$ × a = $a^{m+1}$.');
insert into solution_steps (question_id, step_no, text_latex) values ((select id from questions where code='ch2-q022'), 2, '$\left(\frac{-2}{3}\right)^{3}  \times  \left(\frac{-2}{3}\right) = \left(\frac{-2}{3}\right)^{4} = \frac{16}{81}$   (even power ⇒ positive)');
insert into solution_steps (question_id, step_no, text_latex) values ((select id from questions where code='ch2-q022'), 3, 'Now the denominator: $\left(\frac{4}{9}\right)^{2} = \frac{16}{81}$');
insert into solution_steps (question_id, step_no, text_latex) values ((select id from questions where code='ch2-q022'), 4, 'So the expression = $\left(\frac{16}{81}\right)  \div  \left(\frac{16}{81}\right)$ = 1');
insert into solution_steps (question_id, step_no, text_latex) values ((select id from questions where code='ch2-q022'), 5, 'Answer: 1');
insert into solution_steps (question_id, step_no, text_latex) values ((select id from questions where code='ch2-q023'), 1, 'Simplify the numerator.');
insert into solution_steps (question_id, step_no, text_latex) values ((select id from questions where code='ch2-q023'), 2, '$\left(5^{2}\right)^{-1} = 5^{2  \times  (-1)} = 5^{-2}$');
insert into solution_steps (question_id, step_no, text_latex) values ((select id from questions where code='ch2-q023'), 3, '125 = $5^{3}$, so the numerator = $5^{-2}  \times  5^{3} = 5^{-2+3} = 5^{1}$ = 5');
insert into solution_steps (question_id, step_no, text_latex) values ((select id from questions where code='ch2-q023'), 4, 'Now the denominator: $\left(\frac{1}{5}\right)^{-2} = 5^{2}$ = 25');
insert into solution_steps (question_id, step_no, text_latex) values ((select id from questions where code='ch2-q023'), 5, 'So the expression = 5 ÷ 25 = $\frac{1}{5}$');
insert into solution_steps (question_id, step_no, text_latex) values ((select id from questions where code='ch2-q023'), 6, 'Answer: $\frac{1}{5}$');
insert into solution_steps (question_id, step_no, text_latex) values ((select id from questions where code='ch2-q024'), 1, 'Bring every letter to the top by changing the sign of its index, then use $a^{m}  \div  a^{n} = a^{m-n}$ for each letter separately.');
insert into solution_steps (question_id, step_no, text_latex) values ((select id from questions where code='ch2-q024'), 2, 'p:  $p^{7}  \div  p^{3} = p^{7-3} = p^{4}$');
insert into solution_steps (question_id, step_no, text_latex) values ((select id from questions where code='ch2-q024'), 3, 'q:  $q^{2}  \div  q^{-2} = q^{2-(-2)} = q^{4}$');
insert into solution_steps (question_id, step_no, text_latex) values ((select id from questions where code='ch2-q024'), 4, 'r:  $r^{-4}  \div  r^{-8} = r^{-4-(-8)} = r^{4}$');
insert into solution_steps (question_id, step_no, text_latex) values ((select id from questions where code='ch2-q024'), 5, 'Answer: $p^{4}$ $q^{4}$ $r^{4}$');
insert into solution_steps (question_id, step_no, text_latex) values ((select id from questions where code='ch2-q025'), 1, 'Write both sides as a single power of 5.');
insert into solution_steps (question_id, step_no, text_latex) values ((select id from questions where code='ch2-q025'), 2, 'Left:  $5^{-8}  \times  \left(5^{3}\right)^{x} = 5^{-8}  \times  5^{3x} = 5^{-8 + 3x}$');
insert into solution_steps (question_id, step_no, text_latex) values ((select id from questions where code='ch2-q025'), 3, 'Right: $25^{3} = \left(5^{2}\right)^{3} = 5^{6}$, so the right side = $5^{6}  \times  5^{x} = 5^{6 + x}$');
insert into solution_steps (question_id, step_no, text_latex) values ((select id from questions where code='ch2-q025'), 4, 'The bases match, so the indices must be equal:');
insert into solution_steps (question_id, step_no, text_latex) values ((select id from questions where code='ch2-q025'), 5, '-8 + 3x = 6 + x');
insert into solution_steps (question_id, step_no, text_latex) values ((select id from questions where code='ch2-q025'), 6, '3x - x = 6 + 8  ⇒  2x = 14  ⇒  x = 7');
insert into solution_steps (question_id, step_no, text_latex) values ((select id from questions where code='ch2-q025'), 7, 'Answer: x = 7');
insert into solution_steps (question_id, step_no, text_latex) values ((select id from questions where code='ch2-q026'), 1, 'Make both sides powers of 12.');
insert into solution_steps (question_id, step_no, text_latex) values ((select id from questions where code='ch2-q026'), 2, 'Right side: $\left(\frac{1}{12}\right)^{-5} = 12^{5}$');
insert into solution_steps (question_id, step_no, text_latex) values ((select id from questions where code='ch2-q026'), 3, 'Left side: $12^{p}  \times  12^{-3} = 12^{p - 3}$');
insert into solution_steps (question_id, step_no, text_latex) values ((select id from questions where code='ch2-q026'), 4, 'So $12^{p - 3} = 12^{5}$');
insert into solution_steps (question_id, step_no, text_latex) values ((select id from questions where code='ch2-q026'), 5, 'p - 3 = 5  ⇒  p = 8');
insert into solution_steps (question_id, step_no, text_latex) values ((select id from questions where code='ch2-q026'), 6, 'Answer: p = 8');
insert into solution_steps (question_id, step_no, text_latex) values ((select id from questions where code='ch2-q027'), 1, 'Notice that $\frac{5}{4}$ is the reciprocal of $\frac{4}{5}$, so $\left(\frac{5}{4}\right)^{3} = \left(\frac{4}{5}\right)^{-3}$.');
insert into solution_steps (question_id, step_no, text_latex) values ((select id from questions where code='ch2-q027'), 2, 'Left side = $\left(\frac{4}{5}\right)^{3}  \div  \left(\frac{4}{5}\right)^{-3} = \left(\frac{4}{5}\right)^{3 - (-3)} = \left(\frac{4}{5}\right)^{6}$');
insert into solution_steps (question_id, step_no, text_latex) values ((select id from questions where code='ch2-q027'), 3, 'So $\left(\frac{4}{5}\right)^{6} = \left(\frac{4}{5}\right)^{3x}$');
insert into solution_steps (question_id, step_no, text_latex) values ((select id from questions where code='ch2-q027'), 4, 'The bases match, so 3x = 6  ⇒  x = 2');
insert into solution_steps (question_id, step_no, text_latex) values ((select id from questions where code='ch2-q027'), 5, 'Answer: x = 2');
insert into solution_steps (question_id, step_no, text_latex) values ((select id from questions where code='ch2-q028'), 1, 'Simplify the base first: $\left(\frac{2}{5}\right)^{-2} = \left(\frac{5}{2}\right)^{2} = \frac{25}{4}$');
insert into solution_steps (question_id, step_no, text_latex) values ((select id from questions where code='ch2-q028'), 2, 'So the left side is $\left(\frac{25}{4}\right)^{2x}$.');
insert into solution_steps (question_id, step_no, text_latex) values ((select id from questions where code='ch2-q028'), 3, 'Now write the right side with the same base: $\frac{625}{16} = \left(\frac{25}{4}\right)^{2}$   (since $25^{2}$ = 625 and $4^{2}$ = 16)');
insert into solution_steps (question_id, step_no, text_latex) values ((select id from questions where code='ch2-q028'), 4, 'So $\left(\frac{25}{4}\right)^{2x} = \left(\frac{25}{4}\right)^{2}$');
insert into solution_steps (question_id, step_no, text_latex) values ((select id from questions where code='ch2-q028'), 5, '2x = 2  ⇒  x = 1');
insert into solution_steps (question_id, step_no, text_latex) values ((select id from questions where code='ch2-q028'), 6, 'Answer: x = 1');
insert into solution_steps (question_id, step_no, text_latex) values ((select id from questions where code='ch2-q029'), 1, 'Find a/b first.');
insert into solution_steps (question_id, step_no, text_latex) values ((select id from questions where code='ch2-q029'), 2, '$\left(\frac{2}{3}\right)^{-3} = \left(\frac{3}{2}\right)^{3} = \frac{27}{8}$');
insert into solution_steps (question_id, step_no, text_latex) values ((select id from questions where code='ch2-q029'), 3, '$\left(\frac{5}{6}\right)^{0}$ = 1');
insert into solution_steps (question_id, step_no, text_latex) values ((select id from questions where code='ch2-q029'), 4, 'So a/b = $\frac{27}{8}$ × 1 = $\frac{27}{8}$');
insert into solution_steps (question_id, step_no, text_latex) values ((select id from questions where code='ch2-q029'), 5, 'Now $\left(\frac{a}{b}\right)^{-2} = \left(\frac{8}{27}\right)^{2}$   (negative index flips the fraction)');
insert into solution_steps (question_id, step_no, text_latex) values ((select id from questions where code='ch2-q029'), 6, '= $\frac{64}{729}$');
insert into solution_steps (question_id, step_no, text_latex) values ((select id from questions where code='ch2-q029'), 7, 'Answer: $\frac{64}{729}$');
insert into solution_steps (question_id, step_no, text_latex) values ((select id from questions where code='ch2-q030'), 1, 'Write the right-hand side as a power of $\frac{5}{9}$.');
insert into solution_steps (question_id, step_no, text_latex) values ((select id from questions where code='ch2-q030'), 2, '$\left(\frac{81}{25}\right)^{-3} = \left(\frac{25}{81}\right)^{3}$');
insert into solution_steps (question_id, step_no, text_latex) values ((select id from questions where code='ch2-q030'), 3, 'Now $\frac{25}{81} = 5^{2}$/$9^{2} = \left(\frac{5}{9}\right)^{2}$, so $\left(\frac{25}{81}\right)^{3} = \left(\frac{5}{9}\right)^{6}$');
insert into solution_steps (question_id, step_no, text_latex) values ((select id from questions where code='ch2-q030'), 4, 'Left side: $\left(\frac{5}{9}\right)^{2x}  \times  \left(\frac{5}{9}\right)^{-18} = \left(\frac{5}{9}\right)^{2x - 18}$');
insert into solution_steps (question_id, step_no, text_latex) values ((select id from questions where code='ch2-q030'), 5, 'So $\left(\frac{5}{9}\right)^{2x - 18} = \left(\frac{5}{9}\right)^{6}$');
insert into solution_steps (question_id, step_no, text_latex) values ((select id from questions where code='ch2-q030'), 6, '2x - 18 = 6  ⇒  2x = 24  ⇒  x = 12');
insert into solution_steps (question_id, step_no, text_latex) values ((select id from questions where code='ch2-q030'), 7, 'Answer: x = 12');
insert into solution_steps (question_id, step_no, text_latex) values ((select id from questions where code='ch2-q031'), 1, 'Write every term as a power of $\frac{4}{3}$.');
insert into solution_steps (question_id, step_no, text_latex) values ((select id from questions where code='ch2-q031'), 2, '$\left(\frac{9}{16}\right) = 3^{2}$/$4^{2} = \left(\frac{3}{4}\right)^{2} = \left(\frac{4}{3}\right)^{-2}$, so $\left(\frac{9}{16}\right)^{4} = \left(\frac{4}{3}\right)^{-8}$');
insert into solution_steps (question_id, step_no, text_latex) values ((select id from questions where code='ch2-q031'), 3, '$\left(\frac{4}{3}\right)^{10}$ stays as it is.');
insert into solution_steps (question_id, step_no, text_latex) values ((select id from questions where code='ch2-q031'), 4, '$\frac{64}{27} = 4^{3}$/$3^{3} = \left(\frac{4}{3}\right)^{3}$');
insert into solution_steps (question_id, step_no, text_latex) values ((select id from questions where code='ch2-q031'), 5, 'Now combine: [ $\left(\frac{4}{3}\right)^{-8}  \times  \left(\frac{4}{3}\right)^{10}$ ] ÷ $\left(\frac{4}{3}\right)^{3} = \left(\frac{4}{3}\right)^{-8 + 10 - 3} = \left(\frac{4}{3}\right)^{-1}$');
insert into solution_steps (question_id, step_no, text_latex) values ((select id from questions where code='ch2-q031'), 6, 'So $\left(\frac{4}{3}\right)^{x} = \left(\frac{4}{3}\right)^{-1}$  ⇒  x = -1');
insert into solution_steps (question_id, step_no, text_latex) values ((select id from questions where code='ch2-q031'), 7, 'Answer: x = -1');
insert into solution_steps (question_id, step_no, text_latex) values ((select id from questions where code='ch2-q032'), 1, 'Break every number into its prime factors.');
insert into solution_steps (question_id, step_no, text_latex) values ((select id from questions where code='ch2-q032'), 2, 'Numerator: 125 = $5^{3}$;  $6^{6} = \left(2  \times  3\right)^{6} = 2^{6}$$3^{6}$;  $10^{4} = \left(2  \times  5\right)^{4} = 2^{4}$$5^{4}$');
insert into solution_steps (question_id, step_no, text_latex) values ((select id from questions where code='ch2-q032'), 3, 'So the numerator = $5^{3}  \times  2^{6}  \times  3^{6}  \times  2^{4}  \times  5^{4} = 2^{10}  \times  3^{6}  \times  5^{7}$');
insert into solution_steps (question_id, step_no, text_latex) values ((select id from questions where code='ch2-q032'), 4, 'Denominator: $5^{7}$;  $9^{3} = \left(3^{2}\right)^{3} = 3^{6}$;  $8^{2} = \left(2^{3}\right)^{2} = 2^{6}$');
insert into solution_steps (question_id, step_no, text_latex) values ((select id from questions where code='ch2-q032'), 5, 'So the denominator = $2^{6}  \times  3^{6}  \times  5^{7}$');
insert into solution_steps (question_id, step_no, text_latex) values ((select id from questions where code='ch2-q032'), 6, 'Divide, subtracting indices: $2^{10-6}  \times  3^{6-6}  \times  5^{7-7} = 2^{4}  \times  3^{0}  \times  5^{0} = 2^{4}$');
insert into solution_steps (question_id, step_no, text_latex) values ((select id from questions where code='ch2-q032'), 7, '= 16');
insert into solution_steps (question_id, step_no, text_latex) values ((select id from questions where code='ch2-q032'), 8, 'Answer: 16');
insert into solution_steps (question_id, step_no, text_latex) values ((select id from questions where code='ch2-q033'), 1, 'Take each bracket in turn.');
insert into solution_steps (question_id, step_no, text_latex) values ((select id from questions where code='ch2-q033'), 2, '$\left(\frac{4}{9}\right)^{-2} = \left(\frac{9}{4}\right)^{2} = \frac{81}{16}$');
insert into solution_steps (question_id, step_no, text_latex) values ((select id from questions where code='ch2-q033'), 3, '$\left(\frac{3}{4}\right)^{-2} = \left(\frac{4}{3}\right)^{2} = \frac{16}{9}$');
insert into solution_steps (question_id, step_no, text_latex) values ((select id from questions where code='ch2-q033'), 4, 'Their product = $\frac{81}{16}  \times  \frac{16}{9} = \frac{81}{9}$ = 9');
insert into solution_steps (question_id, step_no, text_latex) values ((select id from questions where code='ch2-q033'), 5, '$\frac{1}{3^{-2}} = 3^{2}$ = 9');
insert into solution_steps (question_id, step_no, text_latex) values ((select id from questions where code='ch2-q033'), 6, '$\left(\frac{17}{39}\right)^{0}$ = 1');
insert into solution_steps (question_id, step_no, text_latex) values ((select id from questions where code='ch2-q033'), 7, 'So P = 9 × 9 × 1 = 81');
insert into solution_steps (question_id, step_no, text_latex) values ((select id from questions where code='ch2-q033'), 8, 'Reciprocal of P = $\frac{1}{81}$');
insert into solution_steps (question_id, step_no, text_latex) values ((select id from questions where code='ch2-q033'), 9, 'Answer: P = 81; reciprocal = $\frac{1}{81}$');
insert into solution_steps (question_id, step_no, text_latex) values ((select id from questions where code='ch2-q034'), 1, 'Write everything as powers of 2 and 3.');
insert into solution_steps (question_id, step_no, text_latex) values ((select id from questions where code='ch2-q034'), 2, '$\left(\frac{1}{3^{2}}\right)^{-8} = \left(3^{-2}\right)^{-8} = 3^{16}$');
insert into solution_steps (question_id, step_no, text_latex) values ((select id from questions where code='ch2-q034'), 3, '$\left(\frac{2}{3}\right)^{4} = 2^{4}  \times  3^{-4}$');
insert into solution_steps (question_id, step_no, text_latex) values ((select id from questions where code='ch2-q034'), 4, '$\left(\frac{81}{16}\right)^{-3} = \left(\frac{16}{81}\right)^{3} = \left(2^{4}/3^{4}\right)^{3} = 2^{12}  \times  3^{-12}$');
insert into solution_steps (question_id, step_no, text_latex) values ((select id from questions where code='ch2-q034'), 5, '$4^{8} = \left(2^{2}\right)^{8} = 2^{16}$');
insert into solution_steps (question_id, step_no, text_latex) values ((select id from questions where code='ch2-q034'), 6, 'Numerator = $3^{16}  \times  2^{4}$$3^{-4}  \times  2^{12}$$3^{-12} = 2^{4+12}  \times  3^{16-4-12} = 2^{16}  \times  3^{0} = 2^{16}$');
insert into solution_steps (question_id, step_no, text_latex) values ((select id from questions where code='ch2-q034'), 7, 'Divide by $4^{8} = 2^{16}$:  $2^{16}  \div  2^{16} = 2^{0}$ = 1');
insert into solution_steps (question_id, step_no, text_latex) values ((select id from questions where code='ch2-q034'), 8, 'Laws used: $\left(a^{m}\right)^{n} = a^{mn}$,  $a^{m}  \times  a^{n} = a^{m+n}$,  $a^{m}  \div  a^{n} = a^{m-n}$,  $a^{-n}$ = 1/$a^{n}$');
insert into solution_steps (question_id, step_no, text_latex) values ((select id from questions where code='ch2-q034'), 9, 'Answer: 1');
insert into solution_steps (question_id, step_no, text_latex) values ((select id from questions where code='ch2-q035'), 1, 'Handle the numbers and each letter separately.');
insert into solution_steps (question_id, step_no, text_latex) values ((select id from questions where code='ch2-q035'), 2, 'Numbers: $2^{-3}  \times  12^{2}  \div  9^{2} = \left(\frac{1}{8}\right)$ × 144 ÷ 81 = 18 ÷ 81 = $\frac{2}{9}$');
insert into solution_steps (question_id, step_no, text_latex) values ((select id from questions where code='ch2-q035'), 3, 'x:  $x^{4}  \times  x^{2}  \div  x^{5} = x^{4+2-5} = x^{1}$');
insert into solution_steps (question_id, step_no, text_latex) values ((select id from questions where code='ch2-q035'), 4, 'y:  $y^{3}  \times  y^{2}  \div  y^{4} = y^{3+2-4} = y^{1}$');
insert into solution_steps (question_id, step_no, text_latex) values ((select id from questions where code='ch2-q035'), 5, 'z:  $z^{-1}  \times  z^{2}  \div  z^{-2} = z^{-1+2-(-2)} = z^{3}$');
insert into solution_steps (question_id, step_no, text_latex) values ((select id from questions where code='ch2-q035'), 6, 'Laws used: $a^{m}  \times  a^{n} = a^{m+n}$ and $a^{m}  \div  a^{n} = a^{m-n}$');
insert into solution_steps (question_id, step_no, text_latex) values ((select id from questions where code='ch2-q035'), 7, 'Answer: $\left(\frac{2}{9}\right)$ x y $z^{3}$');
insert into solution_steps (question_id, step_no, text_latex) values ((select id from questions where code='ch2-q036'), 1, 'Convert everything to powers of 2 and 3.');
insert into solution_steps (question_id, step_no, text_latex) values ((select id from questions where code='ch2-q036'), 2, 'Numerator: $\left(\frac{1}{2}\right)^{3} = 2^{-3}$;  $\left(\frac{1}{3}\right)^{5} = 3^{-5}$;  9 = $3^{2}$');
insert into solution_steps (question_id, step_no, text_latex) values ((select id from questions where code='ch2-q036'), 3, 'Numerator = $2^{-3}  \times  3^{-5}  \times  3^{2} = 2^{-3}  \times  3^{-3}$');
insert into solution_steps (question_id, step_no, text_latex) values ((select id from questions where code='ch2-q036'), 4, 'Denominator: $12^{-1} = \left(2^{2}  \times  3\right)^{-1} = 2^{-2}  \times  3^{-1}$;  then × $2^{3}  \times  3^{-6}$');
insert into solution_steps (question_id, step_no, text_latex) values ((select id from questions where code='ch2-q036'), 5, 'Denominator = $2^{-2+3}  \times  3^{-1-6} = 2^{1}  \times  3^{-7}$');
insert into solution_steps (question_id, step_no, text_latex) values ((select id from questions where code='ch2-q036'), 6, 'Divide: $2^{-3-1}  \times  3^{-3-(-7)} = 2^{-4}  \times  3^{4}$');
insert into solution_steps (question_id, step_no, text_latex) values ((select id from questions where code='ch2-q036'), 7, 'Now $2^{-4}  \times  3^{4} = \left(\frac{2}{3}\right)^{-4}$   (since $\left(\frac{2}{3}\right)^{-4} = 3^{4}$/$2^{4}$)');
insert into solution_steps (question_id, step_no, text_latex) values ((select id from questions where code='ch2-q036'), 8, 'So x = -4');
insert into solution_steps (question_id, step_no, text_latex) values ((select id from questions where code='ch2-q036'), 9, 'Laws used: $a^{m}  \times  a^{n} = a^{m+n}$,  $a^{m}  \div  a^{n} = a^{m-n}$,  $a^{-n}$ = 1/$a^{n}$');
insert into solution_steps (question_id, step_no, text_latex) values ((select id from questions where code='ch2-q036'), 10, 'Answer: x = -4');
insert into solution_steps (question_id, step_no, text_latex) values ((select id from questions where code='ch2-q037'), 1, '(a) $\left(3^{9}\right)^{2}  \times  3^{-15}$');
insert into solution_steps (question_id, step_no, text_latex) values ((select id from questions where code='ch2-q037'), 2, '$\left(3^{9}\right)^{2} = 3^{9  \times  2} = 3^{18}$   [law: $\left(a^{m}\right)^{n} = a^{mn}$]');
insert into solution_steps (question_id, step_no, text_latex) values ((select id from questions where code='ch2-q037'), 3, '$3^{18}  \times  3^{-15} = 3^{18 - 15} = 3^{3}$   [law: $a^{m}  \times  a^{n} = a^{m+n}$]');
insert into solution_steps (question_id, step_no, text_latex) values ((select id from questions where code='ch2-q037'), 4, '= 27');
insert into solution_steps (question_id, step_no, text_latex) values ((select id from questions where code='ch2-q037'), 5, '(b) $\left(\frac{2}{3}\right)^{4}  \div  \left(\frac{2}{3}\right)^{6} = \left(\frac{2}{3}\right)^{4 - 6} = \left(\frac{2}{3}\right)^{-2}$   [law: $a^{m}  \div  a^{n} = a^{m-n}$]');
insert into solution_steps (question_id, step_no, text_latex) values ((select id from questions where code='ch2-q037'), 6, 'So $\left(\frac{2}{3}\right)^{2x} = \left(\frac{2}{3}\right)^{-2}$  ⇒  2x = -2  ⇒  x = -1');
insert into solution_steps (question_id, step_no, text_latex) values ((select id from questions where code='ch2-q037'), 7, 'Then $x^{-12} = \left(-1\right)^{-12}$ = 1   (even power ⇒ positive)');
insert into solution_steps (question_id, step_no, text_latex) values ((select id from questions where code='ch2-q037'), 8, 'Answer: (a) 27   (b) 1');
insert into solution_steps (question_id, step_no, text_latex) values ((select id from questions where code='ch2-q038'), 1, '⚠ Part (a) uses FRACTIONAL exponents ($\frac{2}{3}$ and $\frac{-2}{5}$). Your Power Play chapter only covers exponents that are whole numbers — the Summary (p.46) says the exponent y is an integer. So part (a) is beyond your textbook; it is shown here only in case the question comes up.');
insert into solution_steps (question_id, step_no, text_latex) values ((select id from questions where code='ch2-q038'), 2, '(a) $\left(\frac{8}{27}\right)^{2/3}  \div  \left(32\right)^{\frac{-2}{5}}$');
insert into solution_steps (question_id, step_no, text_latex) values ((select id from questions where code='ch2-q038'), 3, 'A power of $\frac{2}{3}$ means ''take the cube root, then square'' — cube roots you DO know from Chapter 1.');
insert into solution_steps (question_id, step_no, text_latex) values ((select id from questions where code='ch2-q038'), 4, '$\frac{8}{27} = \left(\frac{2}{3}\right)^{3}$, so $\left(\frac{8}{27}\right)^{2/3} = \left(\frac{2}{3}\right)^{3  \times  2/3} = \left(\frac{2}{3}\right)^{2} = \frac{4}{9}$');
insert into solution_steps (question_id, step_no, text_latex) values ((select id from questions where code='ch2-q038'), 5, '32 = $2^{5}$, so $32^{\frac{-2}{5}} = 2^{5  \times  \left(\frac{-2}{5}\right)} = 2^{-2} = \frac{1}{4}$');
insert into solution_steps (question_id, step_no, text_latex) values ((select id from questions where code='ch2-q038'), 6, 'Now divide: $\left(\frac{4}{9}\right)  \div  \left(\frac{1}{4}\right) = \frac{4}{9}$ × 4 = $\frac{16}{9}$');
insert into solution_steps (question_id, step_no, text_latex) values ((select id from questions where code='ch2-q038'), 7, '(b) $2^{4}$ - [ $\left(\sqrt{4}\right)^{0}  \times  \left(-2\right)^{6}$ ] ÷ 4');
insert into solution_steps (question_id, step_no, text_latex) values ((select id from questions where code='ch2-q038'), 8, '$2^{4}$ = 16;  $\left(\sqrt{4}\right)^{0}$ = 1 (anything to the power 0);  $\left(-2\right)^{6}$ = 64 (even power ⇒ positive)');
insert into solution_steps (question_id, step_no, text_latex) values ((select id from questions where code='ch2-q038'), 9, 'So the bracket = 1 × 64 = 64, and 64 ÷ 4 = 16');
insert into solution_steps (question_id, step_no, text_latex) values ((select id from questions where code='ch2-q038'), 10, '16 - 16 = 0');
insert into solution_steps (question_id, step_no, text_latex) values ((select id from questions where code='ch2-q038'), 11, 'Answer: (a) $\frac{16}{9}$   (b) 0');
insert into solution_steps (question_id, step_no, text_latex) values ((select id from questions where code='ch2-q039'), 1, '(i) To subtract, first make the powers of 10 match.');
insert into solution_steps (question_id, step_no, text_latex) values ((select id from questions where code='ch2-q039'), 2, '1.73 × $10^{11}$ = 1730 × $10^{8}$');
insert into solution_steps (question_id, step_no, text_latex) values ((select id from questions where code='ch2-q039'), 3, '1730 × $10^{8}$ - 5.46 × $10^{8}$ = (1730 - 5.46) × $10^{8}$ = 1724.54 × $10^{8}$');
insert into solution_steps (question_id, step_no, text_latex) values ((select id from questions where code='ch2-q039'), 4, 'Convert to standard form: 1724.54 × $10^{8}$ = 1.72454 × $10^{11}$');
insert into solution_steps (question_id, step_no, text_latex) values ((select id from questions where code='ch2-q039'), 5, '(ii) $7^{2x}  \div  7^{-3} = 7^{2x - (-3)} = 7^{2x + 3}$');
insert into solution_steps (question_id, step_no, text_latex) values ((select id from questions where code='ch2-q039'), 6, 'So 2x + 3 = 23  ⇒  2x = 20  ⇒  x = 10');
insert into solution_steps (question_id, step_no, text_latex) values ((select id from questions where code='ch2-q039'), 7, 'Answer: (i) 1.72454 × $10^{11}$   (ii) x = 10');
insert into solution_steps (question_id, step_no, text_latex) values ((select id from questions where code='ch2-q040'), 1, 'Make the powers of 10 the same before subtracting.');
insert into solution_steps (question_id, step_no, text_latex) values ((select id from questions where code='ch2-q040'), 2, '1.987 × $10^{11}$ = 1987 × $10^{8}$');
insert into solution_steps (question_id, step_no, text_latex) values ((select id from questions where code='ch2-q040'), 3, '1987 × $10^{8}$ - 6.54 × $10^{8}$ = (1987 - 6.54) × $10^{8}$ = 1980.46 × $10^{8}$');
insert into solution_steps (question_id, step_no, text_latex) values ((select id from questions where code='ch2-q040'), 4, 'Now write in scientific notation (1 ≤ k < 10):');
insert into solution_steps (question_id, step_no, text_latex) values ((select id from questions where code='ch2-q040'), 5, '1980.46 × $10^{8}$ = 1.98046 × $10^{11}$');
insert into solution_steps (question_id, step_no, text_latex) values ((select id from questions where code='ch2-q040'), 6, 'Answer: 1.98046 × $10^{11}$');
insert into solution_steps (question_id, step_no, text_latex) values ((select id from questions where code='ch2-q041'), 1, 'Remaining = total - (southern + northern).');
insert into solution_steps (question_id, step_no, text_latex) values ((select id from questions where code='ch2-q041'), 2, 'Make all the powers of 10 match at $10^{12}$:');
insert into solution_steps (question_id, step_no, text_latex) values ((select id from questions where code='ch2-q041'), 3, 'Southern = 6.3578 × $10^{11}$ = 0.63578 × $10^{12}$');
insert into solution_steps (question_id, step_no, text_latex) values ((select id from questions where code='ch2-q041'), 4, 'Southern + northern = 0.63578 × $10^{12}$ + 2.3893 × $10^{12}$ = 3.02508 × $10^{12}$ $m^{2}$');
insert into solution_steps (question_id, step_no, text_latex) values ((select id from questions where code='ch2-q041'), 5, 'Remaining = 3.287263 × $10^{12}$ - 3.02508 × $10^{12}$ = 0.262183 × $10^{12}$ $m^{2}$');
insert into solution_steps (question_id, step_no, text_latex) values ((select id from questions where code='ch2-q041'), 6, 'In standard form: 2.62183 × $10^{11}$ $m^{2}$');
insert into solution_steps (question_id, step_no, text_latex) values ((select id from questions where code='ch2-q041'), 7, 'Answer: 2.62183 × $10^{11}$ $m^{2}$');
insert into solution_steps (question_id, step_no, text_latex) values ((select id from questions where code='ch2-q042'), 1, '(a) The units are different — convert the Moon''s distance to metres first.');
insert into solution_steps (question_id, step_no, text_latex) values ((select id from questions where code='ch2-q042'), 2, 'Moon: 3.844 × $10^{5}$ km = 3.844 × $10^{5}  \times  10^{3}$ m = 3.844 × $10^{8}$ m');
insert into solution_steps (question_id, step_no, text_latex) values ((select id from questions where code='ch2-q042'), 3, 'Mars: 5.45 × $10^{9}$ m');
insert into solution_steps (question_id, step_no, text_latex) values ((select id from questions where code='ch2-q042'), 4, 'Since $10^{9}$ > $10^{8}$, Mars is farther.');
insert into solution_steps (question_id, step_no, text_latex) values ((select id from questions where code='ch2-q042'), 5, 'Difference = 5.45 × $10^{9}$ - 0.3844 × $10^{9}$ = 5.0656 × $10^{9}$ m');
insert into solution_steps (question_id, step_no, text_latex) values ((select id from questions where code='ch2-q042'), 6, '(b) Divide the Earth''s mass by the Moon''s mass.');
insert into solution_steps (question_id, step_no, text_latex) values ((select id from questions where code='ch2-q042'), 7, '(6.512 × $10^{24}$) ÷ (7.4 × $10^{22}$) = (6.512 ÷ 7.4) × $10^{24-22}$ = 0.88 × $10^{2}$ = 88');
insert into solution_steps (question_id, step_no, text_latex) values ((select id from questions where code='ch2-q042'), 8, 'Answer: (a) Mars, by 5.0656 × $10^{9}$ m   (b) about 88 times');
insert into solution_steps (question_id, step_no, text_latex) values ((select id from questions where code='ch2-q043'), 1, '(a) 810000000 × $10^{8}$. First write 810000000 in standard form: 8.1 × $10^{8}$.');
insert into solution_steps (question_id, step_no, text_latex) values ((select id from questions where code='ch2-q043'), 2, 'So the distance = 8.1 × $10^{8}  \times  10^{8}$ = 8.1 × $10^{16}$ m');
insert into solution_steps (question_id, step_no, text_latex) values ((select id from questions where code='ch2-q043'), 3, '(b) Speed of light = 3 × $10^{8}$ m/s. In usual form, move the decimal 8 places right:');
insert into solution_steps (question_id, step_no, text_latex) values ((select id from questions where code='ch2-q043'), 4, '= 300000000 m/s');
insert into solution_steps (question_id, step_no, text_latex) values ((select id from questions where code='ch2-q043'), 5, '(c) Time = distance ÷ speed');
insert into solution_steps (question_id, step_no, text_latex) values ((select id from questions where code='ch2-q043'), 6, '= (8.1 × $10^{16}$) ÷ (3 × $10^{8}$) = (8.1 ÷ 3) × $10^{16-8}$ = 2.7 × $10^{8}$ seconds');
insert into solution_steps (question_id, step_no, text_latex) values ((select id from questions where code='ch2-q043'), 7, 'Answer: (a) 8.1 × $10^{16}$ m   (b) 300000000 m/s   (c) 2.7 × $10^{8}$ s');
insert into solution_steps (question_id, step_no, text_latex) values ((select id from questions where code='ch2-q044'), 1, '(a) Convert 0.00005 m into cm. Since 1 m = 100 cm, multiply by 100:');
insert into solution_steps (question_id, step_no, text_latex) values ((select id from questions where code='ch2-q044'), 2, '0.00005 × 100 = 0.005 cm = 5 × $10^{-3}$ cm  ⇒  option (i)');
insert into solution_steps (question_id, step_no, text_latex) values ((select id from questions where code='ch2-q044'), 3, '(b) 9.200 × $10^{-7}$ mm/sec — move the decimal 7 places LEFT:');
insert into solution_steps (question_id, step_no, text_latex) values ((select id from questions where code='ch2-q044'), 4, '= 0.00000092 mm/sec  ⇒  option (iii)');
insert into solution_steps (question_id, step_no, text_latex) values ((select id from questions where code='ch2-q044'), 5, '(c) One molecule is 2.99 × $10^{-23}$ $\text{cm}^{3}$, so 10000 = $10^{4}$ molecules take');
insert into solution_steps (question_id, step_no, text_latex) values ((select id from questions where code='ch2-q044'), 6, '2.99 × $10^{-23}  \times  10^{4}$ = 2.99 × $10^{-23+4}$ = 2.99 × $10^{-19}$ $\text{cm}^{3}$  ⇒  option (iv)');
insert into solution_steps (question_id, step_no, text_latex) values ((select id from questions where code='ch2-q044'), 7, '(d) 1,391,000000 m = 1.391 × $10^{9}$ m.');
insert into solution_steps (question_id, step_no, text_latex) values ((select id from questions where code='ch2-q044'), 8, 'In km: 1.391 × $10^{9}  \div  10^{3}$ = 1.391 × $10^{6}$ km. In cm: 1.391 × $10^{9}  \times  10^{2}$ = 1.391 × $10^{11}$ cm.');
insert into solution_steps (question_id, step_no, text_latex) values ((select id from questions where code='ch2-q044'), 9, 'All three statements are correct  ⇒  option (iv) all options are true');
insert into solution_steps (question_id, step_no, text_latex) values ((select id from questions where code='ch2-q044'), 10, 'Answer: (a) (i)   (b) (iii)   (c) (iv)   (d) (iv)');

-- concept guide sections (Learn mode)
insert into concept_sections (chapter_id, idx, title, tier, why, body) values ((select id from chapters where code='ch1'), 1, 'Start here — what this chapter is really about', '-', '', '[{"kind": "p", "text": "Two ideas, and everything else grows out of them."}, {"kind": "p", "text": "SQUARE a number = multiply it by itself.  5 squared = 5 × 5 = 25.  We write it $5^{2}$."}, {"kind": "p", "text": "CUBE a number = multiply it by itself three times.  5 cubed = 5 × 5 × 5 = 125.  We write it $5^{3}$."}, {"kind": "p", "text": "The names come from shapes. A square tile of side 5 has area 5 × 5 = 25. A cube box of side 5 holds 5 × 5 × 5 = 125 little cubes. That is all the words ''square'' and ''cube'' mean here."}, {"kind": "p", "text": "Most of this chapter is the REVERSE journey: somebody hands you 25 and you must work back to 5. That backwards step is called finding the square root. Same for cubes — from 125 back to 5 is the cube root."}, {"kind": "key", "text": "Square → forwards.  Square root → backwards.  That is the whole game."}, {"kind": "real", "text": "A Rubik''s cube is 3 x 3 x 3 = $3^{3}$ = 27 small cubies. A carrom board is 8 x 8 = $8^{2}$ = 64 squares. You have been using squares and cubes since you could count."}]'::jsonb);
insert into concept_sections (chapter_id, idx, title, tier, why, body) values ((select id from chapters where code='ch1'), 2, 'The squares you should simply know', 'BASICS', 'You cannot do anything else without these.', '[{"kind": "p", "text": "Learn these. Nearly every question becomes easy once you can recognise these numbers on sight."}, {"kind": "tbl", "head": ["n", "$n^{2}$", "n", "$n^{2}$", "n", "$n^{2}$"], "rows": [["1", "1", "11", "121", "21", "441"], ["2", "4", "12", "144", "22", "484"], ["3", "9", "13", "169", "23", "529"], ["4", "16", "14", "196", "24", "576"], ["5", "25", "15", "225", "25", "625"], ["6", "36", "16", "256", "26", "676"], ["7", "49", "17", "289", "27", "729"], ["8", "64", "18", "324", "28", "784"], ["9", "81", "19", "361", "29", "841"], ["10", "100", "20", "400", "30", "900"]]}, {"kind": "p", "text": "A number that appears in the $n^{2}$ column — 1, 4, 9, 16, 25, … — is called a PERFECT SQUARE."}, {"kind": "real", "text": "Chess and carrom boards are 8 x 8 = 64. A Ludo board''s home column, a rangoli grid, floor tiles in your classroom - all squares. If you can spot 64, 144 or 225 instantly, you are already halfway through most questions."}]'::jsonb);
insert into concept_sections (chapter_id, idx, title, tier, why, body) values ((select id from chapters where code='ch1'), 3, 'Trick 1 — spotting a number that CANNOT be a square', '**', 'Identifying / ruling out perfect squares came up in 4 exams.', '[{"kind": "p", "text": "Look at the last digit of every square: 1, 4, 9, 16, 25, 36, 49, 64, 81, 100…"}, {"kind": "p", "text": "They end only in 0, 1, 4, 5, 6 or 9. A square NEVER ends in 2, 3, 7 or 8."}, {"kind": "eg", "lines": ["Is 1253687 a perfect square?", "It ends in 7. Squares never end in 7.", "So no — and you knew it in two seconds, without any calculation."]}, {"kind": "warn", "text": "This test only works ONE WAY. If a number ends in 2, 3, 7 or 8 it is definitely not a square. But ending in 6 does NOT make it a square — 26 ends in 6 and is not a square. The test can rule numbers OUT, never rule them IN."}, {"kind": "p", "text": "Zeros follow a rule too: a square always ends in an EVEN number of zeros. So 6250 (one zero) cannot be a square, but 4900 (two zeros) can be — it is $70^{2}$."}, {"kind": "real", "text": "Your friend says the area of a square badminton court is 8123 sq ft. You can tell her she is wrong in two seconds: a square never ends in 3. This is the fastest ''check my answer'' tool you own - use it on your own answers before you hand the paper in."}]'::jsonb);
insert into concept_sections (chapter_id, idx, title, tier, why, body) values ((select id from chapters where code='ch1'), 4, 'Trick 2 — squares are made of odd numbers', '**', 'Odd-number patterns came up in 4 exams.', '[{"kind": "p", "text": "Add up odd numbers starting from 1 and watch what happens:"}, {"kind": "eg", "lines": ["1 = 1 = $1^{2}$", "1 + 3 = 4 = $2^{2}$", "1 + 3 + 5 = 9 = $3^{2}$", "1 + 3 + 5 + 7 = 16 = $4^{2}$"]}, {"kind": "key", "text": "The sum of the first n odd numbers is exactly $n^{2}$."}, {"kind": "p", "text": "This gives a free method: to test if a number is a square, keep SUBTRACTING 1, 3, 5, 7, … If you land exactly on 0, it is a square, and the number of subtractions is the root."}, {"kind": "eg", "lines": ["Is 25 a square?", "25 - 1 = 24,  24 - 3 = 21,  21 - 5 = 16,  16 - 7 = 9,  9 - 9 = 0", "We landed on 0 after 5 subtractions, so 25 is a square and $\\sqrt{25}$ = 5."]}, {"kind": "real", "text": "Think of building a square rangoli. To grow a 3 x 3 rangoli into a 4 x 4, you add an L-shaped border of 7 dots. 9 + 7 = 16. Each new border is the next odd number - that is why squares are made of odd numbers."}]'::jsonb);
insert into concept_sections (chapter_id, idx, title, tier, why, body) values ((select id from chapters where code='ch1'), 5, 'How many numbers sit between two squares?', '**', '''How many numbers between two squares'' came up in 4 exams.', '[{"kind": "p", "text": "Between $3^{2}$ = 9 and $4^{2}$ = 16 the numbers are 10, 11, 12, 13, 14, 15 — that is 6 numbers, and 6 = 2 × 3."}, {"kind": "key", "text": "Between $n^{2}$ and $\\left(n+1\\right)^{2}$ there are exactly 2n numbers.  (Or: between two squares p and q, there are q - p - 1 numbers.)"}, {"kind": "eg", "lines": ["How many numbers lie between $18^{2}$ and $19^{2}$?", "2 × 18 = 36 numbers."]}, {"kind": "real", "text": "Between $12^{2}$ = 144 and $13^{2}$ = 169 there is no perfect square at all - just 24 ordinary numbers. So if a shopkeeper claims she has 150 tiles and can lay them in a perfect square, she cannot."}]'::jsonb);
insert into concept_sections (chapter_id, idx, title, tier, why, body) values ((select id from chapters where code='ch1'), 6, 'Square root — the backwards step', 'BASICS', 'The idea behind every square-root question.', '[{"kind": "p", "text": "$\\sqrt{25}$ = 5 means: what number, multiplied by itself, gives 25?"}, {"kind": "p", "text": "Strictly, both 5 and -5 work, because (-5) × (-5) = 25 too. Your book says: in this chapter we only use the POSITIVE one. So $\\sqrt{25}$ = 5."}, {"kind": "p", "text": "There are three ways to find a square root. Use whichever suits the number."}, {"kind": "real", "text": "Your bedroom floor is square and its area is 144 sq ft. How long is one wall? That is exactly a square root: 12 ft. Area -> side is the single most common real use of square roots."}]'::jsonb);
insert into concept_sections (chapter_id, idx, title, tier, why, body) values ((select id from chapters where code='ch1'), 7, 'Method A — square root by prime factorisation (the workhorse)', '***', 'Prime factorisation is the engine behind decimals, LCM and perfect-square questions.', '[{"kind": "p", "text": "Break the number into prime factors, then split them into TWO IDENTICAL GROUPS. One group is the answer."}, {"kind": "steps", "lines": ["1. Divide by 2 as long as you can, then 3, then 5, then 7 … until only primes remain.", "2. Pair up identical primes.", "3. Take ONE from each pair and multiply them together."]}, {"kind": "eg", "lines": ["Find $\\sqrt{7056.}$", "7056 = 2 × 3528 = 2 × 2 × 1764 = 2 × 2 × 2 × 882 = 2 × 2 × 2 × 2 × 441", "and 441 = 3 × 147 = 3 × 3 × 49 = 3 × 3 × 7 × 7", "So 7056 = $2^{4}  \\times  3^{2}  \\times  7^{2}$", "Pairs: (2×2) (2×2) (3×3) (7×7)", "Take one from each pair: 2 × 2 × 3 × 7 = 84", "$\\sqrt{7056}$ = 84 ✔"]}, {"kind": "key", "text": "If EVERY prime can be paired up, the number is a perfect square. If one prime is left lonely, it is not."}, {"kind": "real", "text": "A square sheet of paper has an area of 7056 sq cm. To cut a border you need its side length - so you need $\\sqrt{7056}$ = 84 cm. Prime factorisation gets you there with no calculator."}]'::jsonb);
insert into concept_sections (chapter_id, idx, title, tier, why, body) values ((select id from chapters where code='ch1'), 8, 'Method B — square root by estimation (when factorising is painful)', '**', 'Estimation rescues you when factorising is ugly.', '[{"kind": "p", "text": "This is the method your book uses for $\\sqrt{1936}$ (page 9). Two ideas, used together."}, {"kind": "steps", "lines": ["1. TRAP it. Find the two whole squares it sits between.", "2. Use the LAST DIGIT to narrow the choice down.", "3. Test the one or two candidates by squaring them."]}, {"kind": "eg", "lines": ["Find $\\sqrt{1936.}$", "Trap: $40^{2}$ = 1600 and $50^{2}$ = 2500, so the root is between 40 and 50.", "Last digit: 1936 ends in 6. Only $4^{2}$ = 16 and $6^{2}$ = 36 end in 6, so the root ends in 4 or 6.", "Candidates: 44 or 46. Test 44: 44 × 44 = 1936 ✔", "$\\sqrt{1936}$ = 44"]}, {"kind": "eg", "lines": ["Find $\\sqrt{20}$ correct to two decimal places (20 is NOT a perfect square).", "$4^{2}$ = 16, $5^{2}$ = 25 → between 4 and 5.", "$4.4^{2}$ = 19.36 (too small), $4.5^{2}$ = 20.25 (too big) → between 4.4 and 4.5", "$4.47^{2}$ = 19.9809 (just under), $4.48^{2}$ = 20.0704 (just over)", "So $\\sqrt{20}$ ≈ 4.47"]}, {"kind": "real", "text": "Your teacher asks for $\\sqrt{1936}$ and there is no calculator in the exam hall. Trapping it between $40^{2}$ and $50^{2}$, then using the last digit, gives you 44 in about fifteen seconds."}]'::jsonb);
insert into concept_sections (chapter_id, idx, title, tier, why, body) values ((select id from chapters where code='ch1'), 9, 'Square roots of decimals — clear the decimal first', '***', 'THE most asked topic — 10 questions across 7 of the 11 exams.', '[{"kind": "p", "text": "Do not panic at the decimal point. Turn it into a whole number, take the root, then put the point back."}, {"kind": "steps", "lines": ["1. Write the decimal as a fraction over 100 (or 10000, …).", "2. Take the square root of the top and the bottom separately.", "3. $\\sqrt{100}$ = 10, $\\sqrt{10000}$ = 100 — easy."]}, {"kind": "eg", "lines": ["Find $\\sqrt{125.44}$", "125.44 = 12544 / 100", "12544 = $2^{8}  \\times  7^{2}$, so $\\sqrt{12544} = 2^{4}$ × 7 = 112", "$\\sqrt{125.44}$ = 112 / 10 = 11.2", "Always check: 11.2 × 11.2 = 125.44 ✔"]}, {"kind": "p", "text": "Useful shortcut to remember: squaring a decimal DOUBLES the number of decimal places, so a square root HALVES them. $\\sqrt{0.0625}$ = 0.25 (4 places → 2 places)."}, {"kind": "real", "text": "A square plot of land measures 125.44 sq m. The fencing contractor needs the side length: $\\sqrt{125.44}$ = 11.2 m. Decimals turn up the moment you leave the textbook and touch real measurements - which is exactly why this is the most-asked topic."}]'::jsonb);
insert into concept_sections (chapter_id, idx, title, tier, why, body) values ((select id from chapters where code='ch1'), 10, 'Making a number into a perfect square', '**', 'Smallest multiplier/divisor came up in 4 exams.', '[{"kind": "p", "text": "A very common exam question: ''What is the smallest number to multiply / divide by, to make this a perfect square?''"}, {"kind": "steps", "lines": ["1. Prime factorise.", "2. Look for the LONELY primes — the ones with no partner.", "3. To MULTIPLY: multiply by exactly those lonely primes (giving each a partner).", "4. To DIVIDE: divide by exactly those lonely primes (throwing the lonely ones away)."]}, {"kind": "eg", "lines": ["Smallest number to multiply 2352 by, to get a perfect square?", "2352 = $2^{4}$ × 3 × $7^{2}$", "The 2s are paired ✔, the 7s are paired ✔, but 3 is lonely.", "Multiply by 3:  2352 × 3 = 7056 = $84^{2}$ ✔"]}, {"kind": "eg", "lines": ["Smallest number to divide 486 by, to get a perfect square?", "486 = 2 × $3^{5}$. The 2 is lonely, and $3^{5}$ has one lonely 3 ($3^{4}$ pairs up, one 3 left over).", "Throw away 2 × 3 = 6:  486 ÷ 6 = 81 = $9^{2}$ ✔"]}, {"kind": "real", "text": "You have 2352 square tiles and want to lay them in a perfect square patch with none left over. You cannot - but buy 3 more sets and you get 7056 = 84 x 84. That is what ''smallest number to multiply by'' really means."}]'::jsonb);
insert into concept_sections (chapter_id, idx, title, tier, why, body) values ((select id from chapters where code='ch1'), 11, 'Smallest square divisible by several numbers', '*', 'LCM-type square/cube questions came up in 3 exams.', '[{"kind": "steps", "lines": ["1. Find the LCM of the given numbers.", "2. Prime factorise the LCM.", "3. Multiply by whatever lonely primes remain, to pair everything up."]}, {"kind": "eg", "lines": ["Smallest square number divisible by 10, 20 and 28.", "LCM(10, 20, 28) = 140 = $2^{2}$ × 5 × 7", "The 2s pair up ✔. But 5 and 7 are both lonely.", "Multiply by 5 × 7 = 35:  140 × 35 = 4900 = $70^{2}$ ✔"]}, {"kind": "real", "text": "You want the smallest square hall that can be split evenly into rooms of 10, 20 and 28 units. Answer: 4900 sq units, i.e. 70 x 70."}]'::jsonb);
insert into concept_sections (chapter_id, idx, title, tier, why, body) values ((select id from chapters where code='ch1'), 12, 'The ''rows = columns'' word problems', '**', '''Rows = columns'' word problems came up in 4 exams.', '[{"kind": "p", "text": "Soldiers in a square parade, chairs in a square hall, flowers in a square bed — the total must be a PERFECT SQUARE. Only one question matters: which squares does the given number sit between?"}, {"kind": "warn", "text": "Read the question very carefully. There are two opposite versions and it is the commonest place to lose marks."}, {"kind": "eg", "lines": ["ADDING (how many MORE do we need?) — go UP to the next square.", "9450 people. $97^{2}$ = 9409 (too few), $98^{2}$ = 9604.", "We must reach 9604, so we need 9604 - 9450 = 154 more people, with 98 in each row."]}, {"kind": "eg", "lines": ["LEFT OVER (how many are UNUSED?) — stay DOWN at the square below.", "13695 chairs. $117^{2}$ = 13689, $118^{2}$ = 13924 (too many).", "The biggest square we can build is 13689, so 13695 - 13689 = 6 chairs are left over."]}, {"kind": "real", "text": "This is the school assembly, the Republic Day parade, a dance formation, or seats in an auditorium - anything where rows must equal columns. 2016 dancers cannot make a square; add 9 more and you get a perfect 45 x 45."}]'::jsonb);
insert into concept_sections (chapter_id, idx, title, tier, why, body) values ((select id from chapters where code='ch1'), 13, 'Cubes — the same story, one dimension up', 'BASICS', 'Needed for every cube question.', '[{"kind": "p", "text": "$n^{3}$ = n × n × n. Learn these; they are used constantly."}, {"kind": "tbl", "head": ["n", "$n^{3}$", "n", "$n^{3}$"], "rows": [["1", "1", "11", "1331"], ["2", "8", "12", "1728"], ["3", "27", "13", "2197"], ["4", "64", "14", "2744"], ["5", "125", "15", "3375"], ["6", "216", "16", "4096"], ["7", "343", "17", "4913"], ["8", "512", "18", "5832"], ["9", "729", "19", "6859"], ["10", "1000", "20", "8000"]]}, {"kind": "p", "text": "Cubes also come from odd numbers, in blocks:  1 = $1^{3}$;  3 + 5 = 8 = $2^{3}$;  7 + 9 + 11 = 27 = $3^{3}$;  21 + 23 + 25 + 27 + 29 = 125 = $5^{3}$."}, {"kind": "key", "text": "The cube of n is the sum of n consecutive odd numbers."}, {"kind": "real", "text": "The volume of a cubical water tank, a box of sugar cubes, a dice, a Rubik''s cube. If a cube-shaped tank holds 9261 litres, each side is $\\sqrt[3]{9261}$ = 21 units."}]'::jsonb);
insert into concept_sections (chapter_id, idx, title, tier, why, body) values ((select id from chapters where code='ch1'), 14, 'The cube last-digit table — a small piece of magic', '***', 'This table is what makes cube-root guessing work — 7 exams.', '[{"kind": "p", "text": "For squares, the last digit was a weak clue. For CUBES it is a perfect fingerprint — every digit gives a different ending:"}, {"kind": "tbl", "head": ["last digit of n", "0", "1", "2", "3", "4", "5", "6", "7", "8", "9"], "rows": [["last digit of $n^{3}$", "0", "1", "8", "7", "4", "5", "6", "3", "2", "9"]]}, {"kind": "p", "text": "Read it backwards and you can name the last digit of any cube root instantly. A cube ending in 3 must have a root ending in 7. A cube ending in 8 must have a root ending in 2."}, {"kind": "real", "text": "Use this as a party trick. Ask someone to cube any two-digit number on a calculator and read out the answer. Because every digit cubes to a different ending, you can name their number back to them in three seconds."}]'::jsonb);
insert into concept_sections (chapter_id, idx, title, tier, why, body) values ((select id from chapters where code='ch1'), 15, 'Cube root — by prime factorisation', '*', 'Cube root by prime factorisation came up in 2 exams.', '[{"kind": "p", "text": "Same as squares, but group the primes in THREES instead of pairs."}, {"kind": "eg", "lines": ["Find $\\sqrt[3]{17576.}$", "17576 = 2 × 8788 = 2 × 2 × 4394 = 2 × 2 × 2 × 2197", "and 2197 = 13 × 13 × 13", "So 17576 = $2^{3}  \\times  13^{3}$", "Groups of three: (2 × 2 × 2) and (13 × 13 × 13)", "Take one from each group: 2 × 13 = 26", "$\\sqrt[3]{17576}$ = 26 ✔"]}, {"kind": "real", "text": "A cubical shipping carton has a volume of 17576 cubic cm. What is its height? $\\sqrt[3]{17576}$ = 26 cm - so it fits on a 30 cm shelf."}]'::jsonb);
insert into concept_sections (chapter_id, idx, title, tier, why, body) values ((select id from chapters where code='ch1'), 16, 'Cube root — by guessing (fast, and very impressive)', '***', 'Cube root by estimation — 7 questions across 7 of the 11 exams.', '[{"kind": "p", "text": "For a 4-, 5- or 6-digit cube you can write the answer down without factorising at all."}, {"kind": "steps", "lines": ["1. Split the number into groups of THREE digits, starting from the right.", "2. The LAST group gives the unit digit of the answer — use the magic table above.", "3. The FIRST group gives the tens digit — find which two cubes it sits between, and take the SMALLER one."]}, {"kind": "eg", "lines": ["Find $\\sqrt[3]{658503.}$", "Split:  658 | 503", "Last group 503 ends in 3 → the root ends in 7 (because $7^{3}$ = 343 ends in 3).", "First group is 658. Now $8^{3}$ = 512 and $9^{3}$ = 729, and 512 < 658 < 729 → take the smaller, 8.", "So the root is 87.  Check: $87^{3}$ = 658503 ✔"]}, {"kind": "real", "text": "Same party trick as above, done properly: 658503 - split it 658 | 503, the 3 tells you it ends in 7, and 658 sits between $8^{3}$ and $9^{3}$ so it starts with 8. Answer 87, faster than they can type it."}]'::jsonb);
insert into concept_sections (chapter_id, idx, title, tier, why, body) values ((select id from chapters where code='ch1'), 17, 'Making a number into a perfect cube', '*', 'Making a perfect cube came up in 3 exams.', '[{"kind": "p", "text": "Exactly like the square version, but now every prime needs to appear in a group of THREE."}, {"kind": "eg", "lines": ["Is 2560 a perfect cube? If not, what is the smallest multiplier?", "2560 = $2^{9}$ × 5", "$2^{9}$ is fine (that is three groups of three). But 5 appears once — it needs two more.", "Multiply by $5^{2}$ = 25:  2560 × 25 = 64000 = $40^{3}$ ✔"]}, {"kind": "eg", "lines": ["Find x if 1323/x is a perfect cube.", "1323 = $3^{3}  \\times  7^{2}$", "$3^{3}$ is a perfect group ✔. The $7^{2}$ can never be completed by dividing, so it must go entirely.", "x = $7^{2}$ = 49, leaving 1323 ÷ 49 = 27 = $3^{3}$ ✔"]}, {"kind": "real", "text": "You have boxes of 15 x 30 x 15 cm. How many do you need to stack into a perfect cube? Four - giving a 30 cm cube. Warehouse and packing problems are exactly this."}]'::jsonb);
insert into concept_sections (chapter_id, idx, title, tier, why, body) values ((select id from chapters where code='ch1'), 18, 'Ratio problems with cubes', '*', 'Ratio + sum of cubes came up in 2 exams.', '[{"kind": "p", "text": "''Three numbers are in the ratio 2 : 3 : 4 and the sum of their cubes is …'' — these look scary and are actually the same two lines every time."}, {"kind": "steps", "lines": ["1. Call the numbers 2x, 3x, 4x.", "2. Cube each: 8$x^{3}$, 27$x^{3}$, 64$x^{3}$. They always add to 99$x^{3}$.", "3. Set 99$x^{3}$ equal to the given total, solve for x, then write out 2x, 3x, 4x."]}, {"kind": "eg", "lines": ["Sum of cubes is 131769.", "99$x^{3}$ = 131769  ⇒  $x^{3}$ = 1331  ⇒  x = 11", "The numbers are 22, 33 and 44."]}, {"kind": "real", "text": "Three cousins share Diwali money in the ratio 2 : 3 : 4. Once you know the sum of the cubes, one line of algebra (99$x^{3}$) gives everyone''s share."}]'::jsonb);
insert into concept_sections (chapter_id, idx, title, tier, why, body) values ((select id from chapters where code='ch1'), 19, '⚠ Beyond your textbook — Pythagorean triplets', '**', 'Not in your book — yet it still appeared in 4 exams. Worth knowing.', '[{"kind": "warn", "text": "This is NOT in your Ganita Prakash chapter, but some old exam papers use it, so here it is."}, {"kind": "p", "text": "Three whole numbers form a Pythagorean triplet when $a^{2} + b^{2} = c^{2}$ — the sides of a right-angled triangle."}, {"kind": "p", "text": "You can always solve these with just your squares table. If the biggest number is 17, then $a^{2} + b^{2}$ = 289. Now hunt: 289 - 64 = 225, and 225 = $15^{2}$. So the triplet is 8, 15, 17."}, {"kind": "p", "text": "Triplets worth recognising on sight: (3,4,5), (5,12,13), (7,24,25), (8,15,17), (9,40,41), (10,24,26), (12,35,37), (16,63,65)."}, {"kind": "real", "text": "A ladder leaning on a wall, the diagonal of a TV screen, or the shortest path across a rectangular park. A ''a 32-inch TV'' means its diagonal is 32 inches - and its height and width form a triplet with it."}]'::jsonb);
insert into concept_sections (chapter_id, idx, title, tier, why, body) values ((select id from chapters where code='ch1'), 20, 'Mistakes to avoid', '-', '', '[{"kind": "bullets", "lines": ["Ending in 6 does not make a number a square. The last-digit test can only rule numbers OUT.", "√ and ∛ are not the same as ÷2 and ÷3. $\\sqrt{36}$ = 6, not 18.", "A cube root of a negative number is negative: $\\sqrt[3]{-64}$ = -4. (A square root of a negative number does not exist here.)", "In ''rows = columns'' problems, ADDING means go up to the next square; LEFT OVER means stay at the square below.", "When making a perfect square, multiply by the LONELY primes only — not by the whole number.", "Always check your root by squaring (or cubing) it back. It takes five seconds and catches almost every slip."]}]'::jsonb);
insert into concept_sections (chapter_id, idx, title, tier, why, body) values ((select id from chapters where code='ch1'), 21, 'Quick self-test', '-', '', '[{"kind": "check", "items": [{"q": "Is 4728 a perfect square? How do you know instantly?", "a": "No — it ends in 8, and squares never end in 2, 3, 7 or 8."}, {"q": "$\\sqrt{7056}$ = ?", "a": "84  (7056 = $2^{4}  \\times  3^{2}  \\times  7^{2}$, so take $2^{2}$ × 3 × 7)"}, {"q": "$\\sqrt[3]{9261}$ = ?", "a": "21  (9261 = $3^{3}  \\times  7^{3}$)"}, {"q": "How many numbers lie between $12^{2}$ and $13^{2}$?", "a": "2 × 12 = 24"}, {"q": "Smallest number to multiply 8820 by, to get a perfect square?", "a": "5.  8820 = $2^{2}  \\times  3^{2}$ × 5 × $7^{2}$ — only the 5 is lonely. The root then is 210."}, {"q": "A cube ends in 2. What does its cube root end in?", "a": "8  (because $8^{3}$ = 512 ends in 2)"}, {"q": "$\\sqrt{54.76}$ = ?", "a": "7.4  (5476 = $2^{2}  \\times  37^{2}$, so $\\sqrt{5476}$ = 74, then divide by 10)"}]}]'::jsonb);
insert into concept_sections (chapter_id, idx, title, tier, why, body) values ((select id from chapters where code='ch2'), 1, 'Start here — what an exponent actually is', '-', '', '[{"kind": "p", "text": "An exponent is nothing but SHORTHAND for multiplying a number by itself again and again."}, {"kind": "p", "text": "Instead of writing 5 × 5 × 5 × 5, we write $5^{4}$. That is all."}, {"kind": "p", "text": "In $5^{4}$:  the 5 is the BASE (the number being multiplied), and the 4 is the EXPONENT or POWER (how many times). We read it ''5 to the power 4''."}, {"kind": "key", "text": "$n^{a}$ means n multiplied by itself a times."}, {"kind": "p", "text": "Why bother? Because things that keep doubling or tripling get enormous astonishingly fast. Fold a paper 46 times and — in theory — it reaches the Moon. Exponents are how we write such numbers without a page full of zeros."}, {"kind": "real", "text": "You forward a message to 2 friends, they each forward to 2 more, and so on. After 30 rounds that is $2^{30}$ - over a BILLION people. This is exactly why a video ''goes viral'', and why a rumour in school spreads by lunch break."}]'::jsonb);
insert into concept_sections (chapter_id, idx, title, tier, why, body) values ((select id from chapters where code='ch2'), 2, 'Powers you should recognise instantly', 'BASICS', 'Recognising 32 = 2^5 or 81 = 3^4 unlocks most questions.', '[{"kind": "tbl", "head": ["", "^{1}", "^{2}", "^{3}", "^{4}", "^{5}", "^{6}"], "rows": [["2", "2", "4", "8", "16", "32", "64"], ["3", "3", "9", "27", "81", "243", "729"], ["5", "5", "25", "125", "625", "3125", "15625"], ["10", "10", "100", "1000", "10000", "100000", "1000000"]]}, {"kind": "p", "text": "Also handy: $2^{7}$ = 128, $2^{8}$ = 256, $2^{9}$ = 512, $2^{10}$ = 1024."}, {"kind": "p", "text": "Spotting that 32 is $2^{5}$, or that 81 is $3^{4}$, is what turns a hard-looking question into an easy one."}, {"kind": "real", "text": "Computer memory is built on powers of 2. $2^{10}$ = 1024 = 1 KB. 1 MB is about a thousand KB, 1 GB is about a thousand MB. When your phone says ''64 GB'', that 64 is $2^{6}$ - the whole device is built out of this table."}]'::jsonb);
insert into concept_sections (chapter_id, idx, title, tier, why, body) values ((select id from chapters where code='ch2'), 3, 'The five laws — and why each one is obvious', '***', 'THE most asked topic — 13 questions across 8 of the 9 exams.', '[{"kind": "p", "text": "Do not memorise these blindly. Each one is just counting."}, {"kind": "p", "text": "LAW 1 — same base, MULTIPLYING → ADD the exponents.   $n^{a}  \\times  n^{b} = n^{a+b}$"}, {"kind": "eg", "lines": ["$2^{3}  \\times  2^{2}$ = (2×2×2) × (2×2) = 2×2×2×2×2 = $2^{5}$", "Three 2s and two more 2s make five 2s. That is all ''add the exponents'' means."]}, {"kind": "p", "text": "LAW 2 — same base, DIVIDING → SUBTRACT the exponents.   $n^{a}  \\div  n^{b} = n^{a-b}$"}, {"kind": "eg", "lines": ["$2^{5}  \\div  2^{3}$ = (2×2×2×2×2) / (2×2×2) = 2×2 = $2^{2}$", "Three of the 2s cancel out. Five take away three leaves two."]}, {"kind": "p", "text": "LAW 3 — a power OF a power → MULTIPLY the exponents.   $\\left(n^{a}\\right)^{b} = n^{a \\times b}$"}, {"kind": "eg", "lines": ["$\\left(2^{3}\\right)^{2} = 2^{3}  \\times  2^{3} = 2^{6}$", "Two lots of three 2s = six 2s."]}, {"kind": "p", "text": "LAW 4 — same exponent, different bases → combine the bases.   $n^{a}  \\times  m^{a} = \\left(n  \\times  m\\right)^{a}$   and   $n^{a}  \\div  m^{a} = \\left(n  \\div  m\\right)^{a}$"}, {"kind": "eg", "lines": ["$8^{4}  \\times  \\left(\\frac{3}{8}\\right)^{4} = \\left(8  \\times  \\frac{3}{8}\\right)^{4} = 3^{4}$ = 81", "Because the exponents match, you may combine the bases first — which made this collapse to nothing."]}, {"kind": "warn", "text": "Laws 1, 2 and 3 need the SAME BASE. Law 4 needs the SAME EXPONENT. You cannot add exponents of $2^{3}  \\times  3^{2}$ — the bases differ."}, {"kind": "real", "text": "Doubling your pocket money for 3 days, then doubling it for 2 more days, is the same as doubling it for 5 days: $2^{3}$ x $2^{2} = 2^{5}$. That is Law 1, and you already knew it."}]'::jsonb);
insert into concept_sections (chapter_id, idx, title, tier, why, body) values ((select id from chapters where code='ch2'), 4, 'The zero exponent — why $n^{0}$ = 1', '*', 'Asked directly twice, but used inside many other questions.', '[{"kind": "p", "text": "Walk down the powers of 2, dividing by 2 each step:"}, {"kind": "eg", "lines": ["$2^{3}$ = 8", "$2^{2}$ = 4", "$2^{1}$ = 2", "$2^{0}$ = 1   ← keep dividing by 2, and 2 ÷ 2 = 1"]}, {"kind": "key", "text": "$n^{0}$ = 1 for any n except 0. Not 0 — ONE."}, {"kind": "p", "text": "So $5^{0} + 6^{0} + 7^{0}$ = 1 + 1 + 1 = 3. Free marks, if you remember it."}, {"kind": "real", "text": "Anything to the power zero is 1 because you have not multiplied at all - you still have your starting single unit. Zero doublings of Rs 100 leaves you with Rs 100, not Rs 0."}]'::jsonb);
insert into concept_sections (chapter_id, idx, title, tier, why, body) values ((select id from chapters where code='ch2'), 5, 'Negative exponents — just keep walking down', '**', 'Negative exponents came up in 5 exams.', '[{"kind": "p", "text": "Do not stop at zero. Carry on dividing by 2:"}, {"kind": "eg", "lines": ["$2^{1}$ = 2", "$2^{0}$ = 1", "$2^{-1} = \\frac{1}{2}$", "$2^{-2} = \\frac{1}{4}$", "$2^{-3} = \\frac{1}{8}$"]}, {"kind": "key", "text": "$n^{-a}$ = 1/$n^{a}$.  A negative exponent means ''flip it'', NOT ''make it negative''."}, {"kind": "warn", "text": "This is the single biggest trap in the chapter. $2^{-3} = \\frac{1}{8}$. It is NOT -8, and it is NOT -6."}, {"kind": "real", "text": "Negative powers mean HALVING instead of doubling. $2^{-1}$ is half, $2^{-2}$ is a quarter. Zooming OUT on a map, cutting a cake in half again and again, or a medicine dose halving in your blood every few hours."}]'::jsonb);
insert into concept_sections (chapter_id, idx, title, tier, why, body) values ((select id from chapters where code='ch2'), 6, 'Fractions with negative powers — the flip', '**', 'The ''flip the fraction'' move appears throughout.', '[{"kind": "p", "text": "Put those two ideas together and something neat falls out:"}, {"kind": "eg", "lines": ["$\\left(\\frac{2}{3}\\right)^{-1}$ = 1 ÷ $\\left(\\frac{2}{3}\\right) = \\frac{3}{2}$", "So a negative power simply TURNS THE FRACTION UPSIDE DOWN.", "$\\left(\\frac{2}{3}\\right)^{-3} = \\left(\\frac{3}{2}\\right)^{3} = \\frac{27}{8}$", "$\\left(\\frac{5}{8}\\right)^{-2} = \\left(\\frac{8}{5}\\right)^{2} = \\frac{64}{25}$"]}, {"kind": "key", "text": "$\\left(\\frac{a}{b}\\right)^{-n} = \\left(\\frac{b}{a}\\right)^{n}$.  Flip the fraction, and the power becomes positive."}, {"kind": "p", "text": "The MULTIPLICATIVE INVERSE (or reciprocal) of a number is what you multiply it by to get 1. Since $n^{a}  \\times  n^{-a} = n^{0}$ = 1, the inverse of $5^{-2}$ is simply $5^{2}$ = 25."}, {"kind": "real", "text": "A recipe for 4 people scaled DOWN. Flipping the fraction is what your brain already does when you say ''two-thirds as much'' versus ''one-and-a-half times as much''."}]'::jsonb);
insert into concept_sections (chapter_id, idx, title, tier, why, body) values ((select id from chapters where code='ch2'), 7, 'Solving equations with powers', '***', '''Find x'' came up in 8 questions across 7 of the 9 exams.', '[{"kind": "p", "text": "Almost every ''find x'' question in this chapter is the same one move."}, {"kind": "steps", "lines": ["1. Rewrite BOTH sides so they have the SAME BASE.", "2. Once the bases match, the exponents must match too.", "3. Set the exponents equal and solve the little equation."]}, {"kind": "eg", "lines": ["Find p if $12^{p}  \\times  12^{-3} = \\left(\\frac{1}{12}\\right)^{-5}$", "Left side: same base, multiplying → add:  $12^{p-3}$", "Right side: flip the fraction → $12^{5}$", "So $12^{p-3} = 12^{5}$.  Bases match ⇒ p - 3 = 5 ⇒ p = 8"]}, {"kind": "eg", "lines": ["Find x if $5^{-8}  \\times  \\left(5^{3}\\right)^{x} = 25^{3}  \\times  5^{x}$", "Left: $\\left(5^{3}\\right)^{x} = 5^{3x}$, so the left side is $5^{-8+3x}$", "Right: 25 = $5^{2}$, so $25^{3} = 5^{6}$, and the right side is $5^{6+x}$", "Bases match ⇒ -8 + 3x = 6 + x ⇒ 2x = 14 ⇒ x = 7"]}, {"kind": "warn", "text": "The commonest slip: forgetting to convert 25 into $5^{2}$, or 81 into $3^{4}$. If the bases are not the same, you may NOT compare exponents."}, {"kind": "real", "text": "This is just detective work: you know the answer is 81 and the base is 3, so how many 3s were multiplied? Bacteria doubling, money compounding, a rumour spreading - ''how many rounds did it take?'' is always this question."}]'::jsonb);
insert into concept_sections (chapter_id, idx, title, tier, why, body) values ((select id from chapters where code='ch2'), 8, 'Standard form — taming huge and tiny numbers', '*', 'Converting to standard form came up in 3 exams.', '[{"kind": "p", "text": "The mass of the Earth is about 6512000000000000000000000 kg. Nobody wants to count those zeros."}, {"kind": "key", "text": "Standard form (scientific notation): write the number as x × $10^{y}$, where x is between 1 and 10, and y is a whole number."}, {"kind": "steps", "lines": ["1. Put the decimal point just after the FIRST non-zero digit.", "2. Count how many places the point moved.", "3. Moved LEFT (big number) → positive power.  Moved RIGHT (small number) → negative power."]}, {"kind": "eg", "lines": ["34500000 → put the point after the 3 → 3.45", "The point moved 7 places LEFT, so:  3.45 × $10^{7}$"]}, {"kind": "eg", "lines": ["0.00003412652 → put the point after the 3 → 3.412652", "The point moved 5 places RIGHT, so:  3.412652 × $10^{-5}$"]}, {"kind": "p", "text": "Going backwards (into ''usual form'') just undoes it: 3 × $10^{8}$ = 300000000."}, {"kind": "real", "text": "India''s population is about 1.4 x $10^{9}$ people. A coronavirus is about 1 x $10^{-7}$ m across. Your phone camera photo is 4 x $10^{6}$ pixels. Nobody writes those zeros out - scientists and engineers use standard form all day."}]'::jsonb);
insert into concept_sections (chapter_id, idx, title, tier, why, body) values ((select id from chapters where code='ch2'), 9, 'Adding and subtracting in standard form', '**', 'Standard-form arithmetic came up in 6 exams.', '[{"kind": "warn", "text": "You CANNOT add 1.987 × $10^{11}$ and 6.54 × $10^{8}$ as they stand. The powers of 10 must match first — just like you cannot add halves and thirds until the denominators match."}, {"kind": "steps", "lines": ["1. Rewrite the smaller number so it has the SAME power of 10 as the bigger one.", "2. Now add or subtract the front parts.", "3. Tidy the answer back into standard form (front part between 1 and 10)."]}, {"kind": "eg", "lines": ["1.987 × $10^{11}$ - 6.54 × $10^{8}$", "Make both $10^{8}$:  1.987 × $10^{11}$ = 1987 × $10^{8}$", "1987 × $10^{8}$ - 6.54 × $10^{8}$ = (1987 - 6.54) × $10^{8}$ = 1980.46 × $10^{8}$", "Tidy up: 1980.46 × $10^{8}$ = 1.98046 × $10^{11}$"]}, {"kind": "real", "text": "The distance to the Moon is 3.84 x $10^{8}$ m and to the Sun is 1.5 x $10^{11}$ m. To find how much FURTHER the Sun is, you must first line the powers up - just like you cannot add $\\frac{1}{2}$ and $\\frac{1}{3}$ until the denominators match."}]'::jsonb);
insert into concept_sections (chapter_id, idx, title, tier, why, body) values ((select id from chapters where code='ch2'), 10, 'Multiplying, dividing and comparing', '**', 'Standard-form arithmetic came up in 6 exams.', '[{"kind": "p", "text": "These are the EASY ones — the powers do not need to match. Just handle the front parts and the powers separately."}, {"kind": "eg", "lines": ["(8.1 × $10^{16}$) ÷ (3 × $10^{8}$)", "Front parts: 8.1 ÷ 3 = 2.7", "Powers: $10^{16}  \\div  10^{8} = 10^{16-8} = 10^{8}$", "Answer: 2.7 × $10^{8}$"]}, {"kind": "eg", "lines": ["How many times heavier is the Earth (6.512 × $10^{24}$ kg) than the Moon (7.4 × $10^{22}$ kg)?", "Divide: (6.512 ÷ 7.4) × $10^{24-22}$ = 0.88 × $10^{2}$ = 88 times"]}, {"kind": "warn", "text": "When two quantities are given in different UNITS (km and m, say), convert them first. 3.844 × $10^{5}$ km is 3.844 × $10^{8}$ m — a thousand times bigger than it looks."}, {"kind": "real", "text": "''The Earth is 88 times heavier than the Moon.'' ''The Sun is 400 times further than the Moon.'' Every time a science documentary says ''X times bigger'', somebody divided two numbers in standard form."}]'::jsonb);
insert into concept_sections (chapter_id, idx, title, tier, why, body) values ((select id from chapters where code='ch2'), 11, '⚠ Beyond your textbook — fractional exponents', '-', 'Beyond your book, and appeared only once.', '[{"kind": "warn", "text": "Your book''s Summary (p.46) says the exponent is always a whole number. So this is extra — but one old paper uses it."}, {"kind": "p", "text": "A fractional power means a ROOT. The bottom of the fraction says which root; the top says which power."}, {"kind": "eg", "lines": ["$8^{\\frac{1}{3}} = \\sqrt[3]{8}$ = 2", "$\\left(\\frac{8}{27}\\right)^{2/3}$ = take the cube root, then square it = $\\left(\\frac{2}{3}\\right)^{2} = \\frac{4}{9}$", "$32^{\\frac{-2}{5}}$ = flip, take the 5th root, then square = 1/($2^{2}$) = $\\frac{1}{4}$"]}]'::jsonb);
insert into concept_sections (chapter_id, idx, title, tier, why, body) values ((select id from chapters where code='ch2'), 12, 'Mistakes to avoid', '-', '', '[{"kind": "bullets", "lines": ["$2^{-3}$ means $\\frac{1}{8}$. It does NOT mean -8.", "$n^{0}$ = 1, not 0. Even $\\left(-2\\right)^{0}$ = 1.", "A negative number to an EVEN power is positive: $\\left(-2\\right)^{6}$ = +64. To an ODD power it stays negative: $\\left(-2\\right)^{3}$ = -8.", "You may only add/subtract exponents when the BASES are the same. $2^{3}  \\times  3^{2}$ does not simplify.", "Before comparing exponents, make the bases identical — rewrite 25 as $5^{2}$, 81 as $3^{4}$, 32 as $2^{5}$.", "In standard form the front number must be between 1 and 10. 1980.46 × $10^{8}$ is not finished — it becomes 1.98046 × $10^{11}$.", "To add or subtract in standard form, the powers of 10 must match FIRST."]}]'::jsonb);
insert into concept_sections (chapter_id, idx, title, tier, why, body) values ((select id from chapters where code='ch2'), 13, 'Quick self-test', '-', '', '[{"kind": "check", "items": [{"q": "Simplify $2^{5}  \\times  2^{-3}$", "a": "$2^{2}$ = 4  (same base, so add: 5 + (-3) = 2)"}, {"q": "What is $\\left(-3\\right)^{0} + 3^{-2}$?", "a": "1 + $\\frac{1}{9} = \\frac{10}{9}$"}, {"q": "Write $\\left(\\frac{2}{5}\\right)^{-3}$ without a negative power.", "a": "$\\left(\\frac{5}{2}\\right)^{3} = \\frac{125}{8}$  (flip the fraction)"}, {"q": "Find x:  $3^{2x}$ = 81", "a": "81 = $3^{4}$, so 2x = 4 and x = 2"}, {"q": "Write 0.00047 in standard form.", "a": "4.7 × $10^{-4}$"}, {"q": "Simplify $\\left(10^{3}\\right)^{2}  \\div  10^{4}$", "a": "$10^{6}  \\div  10^{4} = 10^{2}$ = 100"}, {"q": "(2.5 × $10^{6}$) × (4 × $10^{3}$) = ?", "a": "10 × $10^{9}$ = 1 × $10^{10}$  (tidy it — the front must be under 10)"}]}]'::jsonb);

commit;
-- GENERATED by content/tools/gen_kannada_seed.py — do not edit by hand.
-- Every question is derived from KTBS 'Siri Kannada 8'. Nothing invented:
-- each correct answer is checked against the book's own word list / examples.

begin;
delete from questions where chapter_id in (select c.id from chapters c join subjects s on s.id=c.subject_id where s.code='kannada');
delete from concept_sections where chapter_id in (select c.id from chapters c join subjects s on s.id=c.subject_id where s.code='kannada');
delete from skills where id >= 100;
delete from chapters where subject_id = (select id from subjects where code='kannada');

-- chapters (Kannada lessons + standalone grammar topics)
insert into chapters (code, number, title, book, subject_id) values ('kn-l1', 1, 'ಮಗ್ಗದ ಸಾಹೇಬ — The Loom Master', 'KTBS Siri Kannada 8 · ಬಾಗಲೋಡಿ ದೇವರಾಯ', (select id from subjects where code='kannada'));
insert into chapters (code, number, title, book, subject_id) values ('kn-l5', 5, 'ಕನ್ನಡಿಗರ ತಾಯಿ — Mother of the Kannadigas', 'KTBS Siri Kannada 8 · ರಾಷ್ಟ್ರಕವಿ ಎಂ. ಗೋವಿಂದ ಪೈ', (select id from subjects where code='kannada'));
insert into chapters (code, number, title, book, subject_id) values ('kn-g-varnamale', 10, 'ವರ್ಣಮಾಲೆ — Varnamale', 'ವ್ಯಾಕರಣ · Part 1, p.8 (with Lesson 1)', (select id from subjects where code='kannada'));
insert into chapters (code, number, title, book, subject_id) values ('kn-g-gunitakshara', 11, 'ಗುಣಿತಾಕ್ಷರ — Gunitakshara', 'ವ್ಯಾಕರಣ · Part 1, p.52 (with Lesson 5)', (select id from subjects where code='kannada'));
insert into chapters (code, number, title, book, subject_id) values ('kn-g-sandhi', 12, 'ಸಂಧಿ — Sandhi', 'ವ್ಯಾಕರಣ · Part 2, p.19-21', (select id from subjects where code='kannada'));
insert into chapters (code, number, title, book, subject_id) values ('kn-g-samasa', 13, 'ಸಮಾಸ — Samasa', 'ವ್ಯಾಕರಣ · Part 2, p.30-31', (select id from subjects where code='kannada'));
insert into chapters (code, number, title, book, subject_id) values ('kn-g-tatsama', 14, 'ತತ್ಸಮ – ತದ್ಭವ — Tatsama', 'ವ್ಯಾಕರಣ · Part 1, p.45-46', (select id from subjects where code='kannada'));

-- skills (tier counted from the 49 real Kannada papers, 2009-2026)
insert into skills (id, chapter_id, name, exams_seen_in, total_exams, tier) values (101, (select id from chapters where code='kn-l1'), 'ಪದಗಳ ಅರ್ಥ (ಮಗ್ಗದ ಸಾಹೇಬ) — Word meanings — Maggada Saheba', 33, 49, '***');
insert into skills (id, chapter_id, name, exams_seen_in, total_exams, tier) values (102, (select id from chapters where code='kn-l5'), 'ಪದಗಳ ಅರ್ಥ (ಕನ್ನಡಿಗರ ತಾಯಿ) — Word meanings — Kannadigara Tayi', 33, 49, '***');
insert into skills (id, chapter_id, name, exams_seen_in, total_exams, tier) values (103, (select id from chapters where code='kn-g-varnamale'), 'ವರ್ಣಮಾಲೆ — Varnamale', 0, 49, '*');
insert into skills (id, chapter_id, name, exams_seen_in, total_exams, tier) values (104, (select id from chapters where code='kn-g-gunitakshara'), 'ಗುಣಿತಾಕ್ಷರ — Gunitakshara', 0, 49, '*');
insert into skills (id, chapter_id, name, exams_seen_in, total_exams, tier) values (105, (select id from chapters where code='kn-g-sandhi'), 'ಸಂಧಿ — Sandhi', 41, 49, '***');
insert into skills (id, chapter_id, name, exams_seen_in, total_exams, tier) values (106, (select id from chapters where code='kn-g-samasa'), 'ಸಮಾಸ — Samasa', 19, 49, '**');
insert into skills (id, chapter_id, name, exams_seen_in, total_exams, tier) values (107, (select id from chapters where code='kn-g-tatsama'), 'ತತ್ಸಮ – ತದ್ಭವ — Tatsama', 27, 49, '***');
insert into skills (id, chapter_id, name, exams_seen_in, total_exams, tier) values (108, (select id from chapters where code='kn-l1'), 'ಪಾಠದ ಪ್ರಶ್ನೆಗಳು (ಮಗ್ಗದ ಸಾಹೇಬ) — Lesson comprehension', 33, 49, '***');
insert into skills (id, chapter_id, name, exams_seen_in, total_exams, tier) values (109, (select id from chapters where code='kn-l5'), 'ಪಾಠದ ಪ್ರಶ್ನೆಗಳು (ಕನ್ನಡಿಗರ ತಾಯಿ) — Lesson comprehension', 33, 49, '***');

-- MCQ questions
insert into questions (code, chapter_id, skill_id, source_exam, marks, difficulty, timer_seconds, type, stem_latex, stem_en, options_latex, correct_option, answer_latex, explain_en) values ('kn-l1-vm01', (select id from chapters where code='kn-l1'), 101, 'Siri Kannada 8 (textbook)', 1, 'easy', 45, 'mcq', 'ಅಭೀಷ್ಟ', 'What does this word mean?', '["ಮೃತ ದೇಹ/ಶರೀರ", "ಮುಚ್ಚಲ್ಪಟ್ಟ", "ಬಯಸಿದ್ದು", "ನಿರ್ಗತಿಕ"]'::jsonb, 2, 'ಬಯಸಿದ್ದು', 'ಅಭೀಷ್ಟ = ಬಯಸಿದ್ದು  (ಮಗ್ಗದ ಸಾಹೇಬ, ಪದಗಳ ಅರ್ಥ)');
insert into questions (code, chapter_id, skill_id, source_exam, marks, difficulty, timer_seconds, type, stem_latex, stem_en, options_latex, correct_option, answer_latex, explain_en) values ('kn-l1-mv01', (select id from chapters where code='kn-l1'), 101, 'Siri Kannada 8 (textbook)', 1, 'easy', 45, 'mcq', 'ಬಯಸಿದ್ದು', 'Which word has this meaning?', '["ಕಳೇಬರ", "ಅಭೀಷ್ಟ", "ಗಣಿಸದೆ", "ಆಧಿಪತ್ಯ"]'::jsonb, 1, 'ಅಭೀಷ್ಟ', 'ಬಯಸಿದ್ದು = ಅಭೀಷ್ಟ  (ಮಗ್ಗದ ಸಾಹೇಬ, ಪದಗಳ ಅರ್ಥ)');
insert into questions (code, chapter_id, skill_id, source_exam, marks, difficulty, timer_seconds, type, stem_latex, stem_en, options_latex, correct_option, answer_latex, explain_en) values ('kn-l1-vm02', (select id from chapters where code='kn-l1'), 101, 'Siri Kannada 8 (textbook)', 1, 'easy', 45, 'mcq', 'ಆಧಿಪತ್ಯ', 'What does this word mean?', '["ಹೊಗಳಿಕೆ", "ಯಜಮಾನಿಕೆ", "ಮೃತ ದೇಹ/ಶರೀರ", "ವಿದೇಶ, ಅನ್ಯದೇಶ"]'::jsonb, 1, 'ಯಜಮಾನಿಕೆ', 'ಆಧಿಪತ್ಯ = ಯಜಮಾನಿಕೆ  (ಮಗ್ಗದ ಸಾಹೇಬ, ಪದಗಳ ಅರ್ಥ)');
insert into questions (code, chapter_id, skill_id, source_exam, marks, difficulty, timer_seconds, type, stem_latex, stem_en, options_latex, correct_option, answer_latex, explain_en) values ('kn-l1-mv02', (select id from chapters where code='kn-l1'), 101, 'Siri Kannada 8 (textbook)', 1, 'easy', 45, 'mcq', 'ಯಜಮಾನಿಕೆ', 'Which word has this meaning?', '["ಆಚ್ಛಾದಿತ", "ಪ್ರಶಂಸೆ", "ಆಧಿಪತ್ಯ", "ಪರಿವರ್ತನೆ"]'::jsonb, 2, 'ಆಧಿಪತ್ಯ', 'ಯಜಮಾನಿಕೆ = ಆಧಿಪತ್ಯ  (ಮಗ್ಗದ ಸಾಹೇಬ, ಪದಗಳ ಅರ್ಥ)');
insert into questions (code, chapter_id, skill_id, source_exam, marks, difficulty, timer_seconds, type, stem_latex, stem_en, options_latex, correct_option, answer_latex, explain_en) values ('kn-l1-vm03', (select id from chapters where code='kn-l1'), 101, 'Siri Kannada 8 (textbook)', 1, 'easy', 45, 'mcq', 'ಗಣಿಸದೆ', 'What does this word mean?', '["ಯಜಮಾನಿಕೆ", "ಲೆಕ್ಕಿಸದೆ", "ಮುಚ್ಚಲ್ಪಟ್ಟ", "ಮೃತ ದೇಹ/ಶರೀರ"]'::jsonb, 1, 'ಲೆಕ್ಕಿಸದೆ', 'ಗಣಿಸದೆ = ಲೆಕ್ಕಿಸದೆ  (ಮಗ್ಗದ ಸಾಹೇಬ, ಪದಗಳ ಅರ್ಥ)');
insert into questions (code, chapter_id, skill_id, source_exam, marks, difficulty, timer_seconds, type, stem_latex, stem_en, options_latex, correct_option, answer_latex, explain_en) values ('kn-l1-mv03', (select id from chapters where code='kn-l1'), 101, 'Siri Kannada 8 (textbook)', 1, 'easy', 45, 'mcq', 'ಲೆಕ್ಕಿಸದೆ', 'Which word has this meaning?', '["ಆಚ್ಛಾದಿತ", "ಗೌಪ್ಯ", "ಹಸನ್ಮುಖಿ", "ಗಣಿಸದೆ"]'::jsonb, 3, 'ಗಣಿಸದೆ', 'ಲೆಕ್ಕಿಸದೆ = ಗಣಿಸದೆ  (ಮಗ್ಗದ ಸಾಹೇಬ, ಪದಗಳ ಅರ್ಥ)');
insert into questions (code, chapter_id, skill_id, source_exam, marks, difficulty, timer_seconds, type, stem_latex, stem_en, options_latex, correct_option, answer_latex, explain_en) values ('kn-l1-vm04', (select id from chapters where code='kn-l1'), 101, 'Siri Kannada 8 (textbook)', 1, 'easy', 45, 'mcq', 'ಚಿಂದಿ', 'What does this word mean?', '["ಮುಚ್ಚಲ್ಪಟ್ಟ", "ಚೂರು", "ಗುಟ್ಟು, ರಹಸ್ಯ", "ನಗುಮುಖ ಉಳ್ಳವನು"]'::jsonb, 1, 'ಚೂರು', 'ಚಿಂದಿ = ಚೂರು  (ಮಗ್ಗದ ಸಾಹೇಬ, ಪದಗಳ ಅರ್ಥ)');
insert into questions (code, chapter_id, skill_id, source_exam, marks, difficulty, timer_seconds, type, stem_latex, stem_en, options_latex, correct_option, answer_latex, explain_en) values ('kn-l1-mv04', (select id from chapters where code='kn-l1'), 101, 'Siri Kannada 8 (textbook)', 1, 'easy', 45, 'mcq', 'ಚೂರು', 'Which word has this meaning?', '["ಕಳೇಬರ", "ಚಿಂದಿ", "ಭಿಕಾರಿ", "ಪ್ರಶಂಸೆ"]'::jsonb, 1, 'ಚಿಂದಿ', 'ಚೂರು = ಚಿಂದಿ  (ಮಗ್ಗದ ಸಾಹೇಬ, ಪದಗಳ ಅರ್ಥ)');
insert into questions (code, chapter_id, skill_id, source_exam, marks, difficulty, timer_seconds, type, stem_latex, stem_en, options_latex, correct_option, answer_latex, explain_en) values ('kn-l1-vm05', (select id from chapters where code='kn-l1'), 101, 'Siri Kannada 8 (textbook)', 1, 'easy', 45, 'mcq', 'ಪ್ರಶಂಸೆ', 'What does this word mean?', '["ಗುಟ್ಟು, ರಹಸ್ಯ", "ಮೃತ ದೇಹ/ಶರೀರ", "ಹೊಗಳಿಕೆ", "ಯಜಮಾನಿಕೆ"]'::jsonb, 2, 'ಹೊಗಳಿಕೆ', 'ಪ್ರಶಂಸೆ = ಹೊಗಳಿಕೆ  (ಮಗ್ಗದ ಸಾಹೇಬ, ಪದಗಳ ಅರ್ಥ)');
insert into questions (code, chapter_id, skill_id, source_exam, marks, difficulty, timer_seconds, type, stem_latex, stem_en, options_latex, correct_option, answer_latex, explain_en) values ('kn-l1-mv05', (select id from chapters where code='kn-l1'), 101, 'Siri Kannada 8 (textbook)', 1, 'easy', 45, 'mcq', 'ಹೊಗಳಿಕೆ', 'Which word has this meaning?', '["ಗಣಿಸದೆ", "ಪ್ರಶಂಸೆ", "ವಿಲಾಯತಿ", "ಪರಿವರ್ತನೆ"]'::jsonb, 1, 'ಪ್ರಶಂಸೆ', 'ಹೊಗಳಿಕೆ = ಪ್ರಶಂಸೆ  (ಮಗ್ಗದ ಸಾಹೇಬ, ಪದಗಳ ಅರ್ಥ)');
insert into questions (code, chapter_id, skill_id, source_exam, marks, difficulty, timer_seconds, type, stem_latex, stem_en, options_latex, correct_option, answer_latex, explain_en) values ('kn-l1-vm06', (select id from chapters where code='kn-l1'), 101, 'Siri Kannada 8 (textbook)', 1, 'easy', 45, 'mcq', 'ವಿಲಾಯತಿ', 'What does this word mean?', '["ವಿದೇಶ, ಅನ್ಯದೇಶ", "ನಗುಮುಖ ಉಳ್ಳವನು", "ಚೂರು", "ಲೆಕ್ಕಿಸದೆ"]'::jsonb, 0, 'ವಿದೇಶ, ಅನ್ಯದೇಶ', 'ವಿಲಾಯತಿ = ವಿದೇಶ, ಅನ್ಯದೇಶ  (ಮಗ್ಗದ ಸಾಹೇಬ, ಪದಗಳ ಅರ್ಥ)');
insert into questions (code, chapter_id, skill_id, source_exam, marks, difficulty, timer_seconds, type, stem_latex, stem_en, options_latex, correct_option, answer_latex, explain_en) values ('kn-l1-mv06', (select id from chapters where code='kn-l1'), 101, 'Siri Kannada 8 (textbook)', 1, 'easy', 45, 'mcq', 'ವಿದೇಶ, ಅನ್ಯದೇಶ', 'Which word has this meaning?', '["ಪರಿವರ್ತನೆ", "ವಿಲಾಯತಿ", "ಪ್ರಶಂಸೆ", "ಹಸನ್ಮುಖಿ"]'::jsonb, 1, 'ವಿಲಾಯತಿ', 'ವಿದೇಶ, ಅನ್ಯದೇಶ = ವಿಲಾಯತಿ  (ಮಗ್ಗದ ಸಾಹೇಬ, ಪದಗಳ ಅರ್ಥ)');
insert into questions (code, chapter_id, skill_id, source_exam, marks, difficulty, timer_seconds, type, stem_latex, stem_en, options_latex, correct_option, answer_latex, explain_en) values ('kn-l1-vm07', (select id from chapters where code='kn-l1'), 101, 'Siri Kannada 8 (textbook)', 1, 'easy', 45, 'mcq', 'ಆಚ್ಛಾದಿತ', 'What does this word mean?', '["ಬಯಸಿದ್ದು", "ಬದಲಾವಣೆ", "ಲೆಕ್ಕಿಸದೆ", "ಮುಚ್ಚಲ್ಪಟ್ಟ"]'::jsonb, 3, 'ಮುಚ್ಚಲ್ಪಟ್ಟ', 'ಆಚ್ಛಾದಿತ = ಮುಚ್ಚಲ್ಪಟ್ಟ  (ಮಗ್ಗದ ಸಾಹೇಬ, ಪದಗಳ ಅರ್ಥ)');
insert into questions (code, chapter_id, skill_id, source_exam, marks, difficulty, timer_seconds, type, stem_latex, stem_en, options_latex, correct_option, answer_latex, explain_en) values ('kn-l1-mv07', (select id from chapters where code='kn-l1'), 101, 'Siri Kannada 8 (textbook)', 1, 'easy', 45, 'mcq', 'ಮುಚ್ಚಲ್ಪಟ್ಟ', 'Which word has this meaning?', '["ಅಭೀಷ್ಟ", "ಆಚ್ಛಾದಿತ", "ಚಿಂದಿ", "ಗಣಿಸದೆ"]'::jsonb, 1, 'ಆಚ್ಛಾದಿತ', 'ಮುಚ್ಚಲ್ಪಟ್ಟ = ಆಚ್ಛಾದಿತ  (ಮಗ್ಗದ ಸಾಹೇಬ, ಪದಗಳ ಅರ್ಥ)');
insert into questions (code, chapter_id, skill_id, source_exam, marks, difficulty, timer_seconds, type, stem_latex, stem_en, options_latex, correct_option, answer_latex, explain_en) values ('kn-l1-vm08', (select id from chapters where code='kn-l1'), 101, 'Siri Kannada 8 (textbook)', 1, 'easy', 45, 'mcq', 'ಕಳೇಬರ', 'What does this word mean?', '["ಮೃತ ದೇಹ/ಶರೀರ", "ಮುಚ್ಚಲ್ಪಟ್ಟ", "ಬದಲಾವಣೆ", "ಗುಟ್ಟು, ರಹಸ್ಯ"]'::jsonb, 0, 'ಮೃತ ದೇಹ/ಶರೀರ', 'ಕಳೇಬರ = ಮೃತ ದೇಹ/ಶರೀರ  (ಮಗ್ಗದ ಸಾಹೇಬ, ಪದಗಳ ಅರ್ಥ)');
insert into questions (code, chapter_id, skill_id, source_exam, marks, difficulty, timer_seconds, type, stem_latex, stem_en, options_latex, correct_option, answer_latex, explain_en) values ('kn-l1-mv08', (select id from chapters where code='kn-l1'), 101, 'Siri Kannada 8 (textbook)', 1, 'easy', 45, 'mcq', 'ಮೃತ ದೇಹ/ಶರೀರ', 'Which word has this meaning?', '["ಪರಿವರ್ತನೆ", "ಆಧಿಪತ್ಯ", "ಹಸನ್ಮುಖಿ", "ಕಳೇಬರ"]'::jsonb, 3, 'ಕಳೇಬರ', 'ಮೃತ ದೇಹ/ಶರೀರ = ಕಳೇಬರ  (ಮಗ್ಗದ ಸಾಹೇಬ, ಪದಗಳ ಅರ್ಥ)');
insert into questions (code, chapter_id, skill_id, source_exam, marks, difficulty, timer_seconds, type, stem_latex, stem_en, options_latex, correct_option, answer_latex, explain_en) values ('kn-l1-vm09', (select id from chapters where code='kn-l1'), 101, 'Siri Kannada 8 (textbook)', 1, 'easy', 45, 'mcq', 'ಗೌಪ್ಯ', 'What does this word mean?', '["ನಿರ್ಗತಿಕ", "ಬದಲಾವಣೆ", "ಬಯಸಿದ್ದು", "ಗುಟ್ಟು, ರಹಸ್ಯ"]'::jsonb, 3, 'ಗುಟ್ಟು, ರಹಸ್ಯ', 'ಗೌಪ್ಯ = ಗುಟ್ಟು, ರಹಸ್ಯ  (ಮಗ್ಗದ ಸಾಹೇಬ, ಪದಗಳ ಅರ್ಥ)');
insert into questions (code, chapter_id, skill_id, source_exam, marks, difficulty, timer_seconds, type, stem_latex, stem_en, options_latex, correct_option, answer_latex, explain_en) values ('kn-l1-mv09', (select id from chapters where code='kn-l1'), 101, 'Siri Kannada 8 (textbook)', 1, 'easy', 45, 'mcq', 'ಗುಟ್ಟು, ರಹಸ್ಯ', 'Which word has this meaning?', '["ಆಧಿಪತ್ಯ", "ಪರಿವರ್ತನೆ", "ಗೌಪ್ಯ", "ಚಿಂದಿ"]'::jsonb, 2, 'ಗೌಪ್ಯ', 'ಗುಟ್ಟು, ರಹಸ್ಯ = ಗೌಪ್ಯ  (ಮಗ್ಗದ ಸಾಹೇಬ, ಪದಗಳ ಅರ್ಥ)');
insert into questions (code, chapter_id, skill_id, source_exam, marks, difficulty, timer_seconds, type, stem_latex, stem_en, options_latex, correct_option, answer_latex, explain_en) values ('kn-l1-vm10', (select id from chapters where code='kn-l1'), 101, 'Siri Kannada 8 (textbook)', 1, 'easy', 45, 'mcq', 'ಪರಿವರ್ತನೆ', 'What does this word mean?', '["ವಿದೇಶ, ಅನ್ಯದೇಶ", "ಯಜಮಾನಿಕೆ", "ಬದಲಾವಣೆ", "ಮೃತ ದೇಹ/ಶರೀರ"]'::jsonb, 2, 'ಬದಲಾವಣೆ', 'ಪರಿವರ್ತನೆ = ಬದಲಾವಣೆ  (ಮಗ್ಗದ ಸಾಹೇಬ, ಪದಗಳ ಅರ್ಥ)');
insert into questions (code, chapter_id, skill_id, source_exam, marks, difficulty, timer_seconds, type, stem_latex, stem_en, options_latex, correct_option, answer_latex, explain_en) values ('kn-l1-mv10', (select id from chapters where code='kn-l1'), 101, 'Siri Kannada 8 (textbook)', 1, 'easy', 45, 'mcq', 'ಬದಲಾವಣೆ', 'Which word has this meaning?', '["ಗಣಿಸದೆ", "ಅಭೀಷ್ಟ", "ಆಚ್ಛಾದಿತ", "ಪರಿವರ್ತನೆ"]'::jsonb, 3, 'ಪರಿವರ್ತನೆ', 'ಬದಲಾವಣೆ = ಪರಿವರ್ತನೆ  (ಮಗ್ಗದ ಸಾಹೇಬ, ಪದಗಳ ಅರ್ಥ)');
insert into questions (code, chapter_id, skill_id, source_exam, marks, difficulty, timer_seconds, type, stem_latex, stem_en, options_latex, correct_option, answer_latex, explain_en) values ('kn-l1-vm11', (select id from chapters where code='kn-l1'), 101, 'Siri Kannada 8 (textbook)', 1, 'easy', 45, 'mcq', 'ಭಿಕಾರಿ', 'What does this word mean?', '["ನಿರ್ಗತಿಕ", "ಮುಚ್ಚಲ್ಪಟ್ಟ", "ಹೊಗಳಿಕೆ", "ಲೆಕ್ಕಿಸದೆ"]'::jsonb, 0, 'ನಿರ್ಗತಿಕ', 'ಭಿಕಾರಿ = ನಿರ್ಗತಿಕ  (ಮಗ್ಗದ ಸಾಹೇಬ, ಪದಗಳ ಅರ್ಥ)');
insert into questions (code, chapter_id, skill_id, source_exam, marks, difficulty, timer_seconds, type, stem_latex, stem_en, options_latex, correct_option, answer_latex, explain_en) values ('kn-l1-mv11', (select id from chapters where code='kn-l1'), 101, 'Siri Kannada 8 (textbook)', 1, 'easy', 45, 'mcq', 'ನಿರ್ಗತಿಕ', 'Which word has this meaning?', '["ಆಚ್ಛಾದಿತ", "ವಿಲಾಯತಿ", "ಭಿಕಾರಿ", "ಆಧಿಪತ್ಯ"]'::jsonb, 2, 'ಭಿಕಾರಿ', 'ನಿರ್ಗತಿಕ = ಭಿಕಾರಿ  (ಮಗ್ಗದ ಸಾಹೇಬ, ಪದಗಳ ಅರ್ಥ)');
insert into questions (code, chapter_id, skill_id, source_exam, marks, difficulty, timer_seconds, type, stem_latex, stem_en, options_latex, correct_option, answer_latex, explain_en) values ('kn-l1-vm12', (select id from chapters where code='kn-l1'), 101, 'Siri Kannada 8 (textbook)', 1, 'easy', 45, 'mcq', 'ಹಸನ್ಮುಖಿ', 'What does this word mean?', '["ನಗುಮುಖ ಉಳ್ಳವನು", "ಚೂರು", "ಮುಚ್ಚಲ್ಪಟ್ಟ", "ಮೃತ ದೇಹ/ಶರೀರ"]'::jsonb, 0, 'ನಗುಮುಖ ಉಳ್ಳವನು', 'ಹಸನ್ಮುಖಿ = ನಗುಮುಖ ಉಳ್ಳವನು  (ಮಗ್ಗದ ಸಾಹೇಬ, ಪದಗಳ ಅರ್ಥ)');
insert into questions (code, chapter_id, skill_id, source_exam, marks, difficulty, timer_seconds, type, stem_latex, stem_en, options_latex, correct_option, answer_latex, explain_en) values ('kn-l1-mv12', (select id from chapters where code='kn-l1'), 101, 'Siri Kannada 8 (textbook)', 1, 'easy', 45, 'mcq', 'ನಗುಮುಖ ಉಳ್ಳವನು', 'Which word has this meaning?', '["ಪರಿವರ್ತನೆ", "ಅಭೀಷ್ಟ", "ಹಸನ್ಮುಖಿ", "ಗೌಪ್ಯ"]'::jsonb, 2, 'ಹಸನ್ಮುಖಿ', 'ನಗುಮುಖ ಉಳ್ಳವನು = ಹಸನ್ಮುಖಿ  (ಮಗ್ಗದ ಸಾಹೇಬ, ಪದಗಳ ಅರ್ಥ)');
insert into questions (code, chapter_id, skill_id, source_exam, marks, difficulty, timer_seconds, type, stem_latex, stem_en, options_latex, correct_option, answer_latex, explain_en) values ('kn-l5-vm01', (select id from chapters where code='kn-l5'), 102, 'Siri Kannada 8 (textbook)', 1, 'easy', 45, 'mcq', 'ಆಳ್ವೆ', 'What does this word mean?', '["ಗರ್ಭ, ಗರ್ಭಾಶಯ", "ಆಳುವೆ", "ನೃಪತುಂಗನ ಮತ್ತೊಂದು ಹೆಸರು", "ಸುಗಂಧ, ಸುವಾಸನೆ"]'::jsonb, 1, 'ಆಳುವೆ', 'ಆಳ್ವೆ = ಆಳುವೆ  (ಕನ್ನಡಿಗರ ತಾಯಿ, ಪದಗಳ ಅರ್ಥ)');
insert into questions (code, chapter_id, skill_id, source_exam, marks, difficulty, timer_seconds, type, stem_latex, stem_en, options_latex, correct_option, answer_latex, explain_en) values ('kn-l5-mv01', (select id from chapters where code='kn-l5'), 102, 'Siri Kannada 8 (textbook)', 1, 'easy', 45, 'mcq', 'ಆಳುವೆ', 'Which word has this meaning?', '["ಆಳ್ವೆ", "ತಾಳ್ವೆ", "ಬಸಿರು", "ಕೆನೆ"]'::jsonb, 0, 'ಆಳ್ವೆ', 'ಆಳುವೆ = ಆಳ್ವೆ  (ಕನ್ನಡಿಗರ ತಾಯಿ, ಪದಗಳ ಅರ್ಥ)');
insert into questions (code, chapter_id, skill_id, source_exam, marks, difficulty, timer_seconds, type, stem_latex, stem_en, options_latex, correct_option, answer_latex, explain_en) values ('kn-l5-vm02', (select id from chapters where code='kn-l5'), 102, 'Siri Kannada 8 (textbook)', 1, 'easy', 45, 'mcq', 'ಒಸಗೆ', 'What does this word mean?', '["ಆಳುವೆ", "ಗೋವು", "ನೃಪತುಂಗನ ಮತ್ತೊಂದು ಹೆಸರು", "ಸಂತೋಷ, ಶುಭವಾರ್ತೆ"]'::jsonb, 3, 'ಸಂತೋಷ, ಶುಭವಾರ್ತೆ', 'ಒಸಗೆ = ಸಂತೋಷ, ಶುಭವಾರ್ತೆ  (ಕನ್ನಡಿಗರ ತಾಯಿ, ಪದಗಳ ಅರ್ಥ)');
insert into questions (code, chapter_id, skill_id, source_exam, marks, difficulty, timer_seconds, type, stem_latex, stem_en, options_latex, correct_option, answer_latex, explain_en) values ('kn-l5-mv02', (select id from chapters where code='kn-l5'), 102, 'Siri Kannada 8 (textbook)', 1, 'easy', 45, 'mcq', 'ಸಂತೋಷ, ಶುಭವಾರ್ತೆ', 'Which word has this meaning?', '["ನಗಾಳಿ", "ತೃಷೆ", "ಬೇಲನಾಡು", "ಒಸಗೆ"]'::jsonb, 3, 'ಒಸಗೆ', 'ಸಂತೋಷ, ಶುಭವಾರ್ತೆ = ಒಸಗೆ  (ಕನ್ನಡಿಗರ ತಾಯಿ, ಪದಗಳ ಅರ್ಥ)');
insert into questions (code, chapter_id, skill_id, source_exam, marks, difficulty, timer_seconds, type, stem_latex, stem_en, options_latex, correct_option, answer_latex, explain_en) values ('kn-l5-vm03', (select id from chapters where code='kn-l5'), 102, 'Siri Kannada 8 (textbook)', 1, 'easy', 45, 'mcq', 'ಕಾರಕಳ', 'What does this word mean?', '["ಸಂತೋಷ, ಶುಭವಾರ್ತೆ", "ಸಹಿಸುವೆ", "ಕಾರ್ಕಳ (ಉಡುಪಿ ಜಿಲ್ಲೆಯ ಒಂದು ತಾಲೂಕು ಕೇಂದ್ರ)", "ನೃಪತುಂಗನ ಮತ್ತೊಂದು ಹೆಸರು"]'::jsonb, 2, 'ಕಾರ್ಕಳ (ಉಡುಪಿ ಜಿಲ್ಲೆಯ ಒಂದು ತಾಲೂಕು ಕೇಂದ್ರ)', 'ಕಾರಕಳ = ಕಾರ್ಕಳ (ಉಡುಪಿ ಜಿಲ್ಲೆಯ ಒಂದು ತಾಲೂಕು ಕೇಂದ್ರ)  (ಕನ್ನಡಿಗರ ತಾಯಿ, ಪದಗಳ ಅರ್ಥ)');
insert into questions (code, chapter_id, skill_id, source_exam, marks, difficulty, timer_seconds, type, stem_latex, stem_en, options_latex, correct_option, answer_latex, explain_en) values ('kn-l5-mv03', (select id from chapters where code='kn-l5'), 102, 'Siri Kannada 8 (textbook)', 1, 'easy', 45, 'mcq', 'ಕಾರ್ಕಳ (ಉಡುಪಿ ಜಿಲ್ಲೆಯ ಒಂದು ತಾಲೂಕು ಕೇಂದ್ರ)', 'Which word has this meaning?', '["ನಂದಿನಿ", "ಆಳ್ವೆ", "ನಗಾಳಿ", "ಕಾರಕಳ"]'::jsonb, 3, 'ಕಾರಕಳ', 'ಕಾರ್ಕಳ (ಉಡುಪಿ ಜಿಲ್ಲೆಯ ಒಂದು ತಾಲೂಕು ಕೇಂದ್ರ) = ಕಾರಕಳ  (ಕನ್ನಡಿಗರ ತಾಯಿ, ಪದಗಳ ಅರ್ಥ)');
insert into questions (code, chapter_id, skill_id, source_exam, marks, difficulty, timer_seconds, type, stem_latex, stem_en, options_latex, correct_option, answer_latex, explain_en) values ('kn-l5-vm04', (select id from chapters where code='kn-l5'), 102, 'Siri Kannada 8 (textbook)', 1, 'easy', 45, 'mcq', 'ಕೆನೆ', 'What does this word mean?', '["ಬಾಯಾರಿಕೆ", "ಆಕಾಶ", "ಬೇಲೂರು", "ಸಾರ, ತಿರುಳು"]'::jsonb, 3, 'ಸಾರ, ತಿರುಳು', 'ಕೆನೆ = ಸಾರ, ತಿರುಳು  (ಕನ್ನಡಿಗರ ತಾಯಿ, ಪದಗಳ ಅರ್ಥ)');
insert into questions (code, chapter_id, skill_id, source_exam, marks, difficulty, timer_seconds, type, stem_latex, stem_en, options_latex, correct_option, answer_latex, explain_en) values ('kn-l5-mv04', (select id from chapters where code='kn-l5'), 102, 'Siri Kannada 8 (textbook)', 1, 'easy', 45, 'mcq', 'ಸಾರ, ತಿರುಳು', 'Which word has this meaning?', '["ಒಸಗೆ", "ಕೆನೆ", "ನಿಡುಕರು", "ಲತೆ"]'::jsonb, 1, 'ಕೆನೆ', 'ಸಾರ, ತಿರುಳು = ಕೆನೆ  (ಕನ್ನಡಿಗರ ತಾಯಿ, ಪದಗಳ ಅರ್ಥ)');
insert into questions (code, chapter_id, skill_id, source_exam, marks, difficulty, timer_seconds, type, stem_latex, stem_en, options_latex, correct_option, answer_latex, explain_en) values ('kn-l5-vm05', (select id from chapters where code='kn-l5'), 102, 'Siri Kannada 8 (textbook)', 1, 'easy', 45, 'mcq', 'ತಾಳ್ವೆ', 'What does this word mean?', '["ಬಳ್ಳಿ", "ನೃಪತುಂಗನ ಮತ್ತೊಂದು ಹೆಸರು", "ಸಹಿಸುವೆ", "ಬೆಳಗೊಳ, ಶ್ರವಣಬೆಳಗೊಳ"]'::jsonb, 2, 'ಸಹಿಸುವೆ', 'ತಾಳ್ವೆ = ಸಹಿಸುವೆ  (ಕನ್ನಡಿಗರ ತಾಯಿ, ಪದಗಳ ಅರ್ಥ)');
insert into questions (code, chapter_id, skill_id, source_exam, marks, difficulty, timer_seconds, type, stem_latex, stem_en, options_latex, correct_option, answer_latex, explain_en) values ('kn-l5-mv05', (select id from chapters where code='kn-l5'), 102, 'Siri Kannada 8 (textbook)', 1, 'easy', 45, 'mcq', 'ಸಹಿಸುವೆ', 'Which word has this meaning?', '["ಒಸಗೆ", "ತಾಳ್ವೆ", "ಬಸಿರು", "ಶರ್ವ"]'::jsonb, 1, 'ತಾಳ್ವೆ', 'ಸಹಿಸುವೆ = ತಾಳ್ವೆ  (ಕನ್ನಡಿಗರ ತಾಯಿ, ಪದಗಳ ಅರ್ಥ)');
insert into questions (code, chapter_id, skill_id, source_exam, marks, difficulty, timer_seconds, type, stem_latex, stem_en, options_latex, correct_option, answer_latex, explain_en) values ('kn-l5-vm06', (select id from chapters where code='kn-l5'), 102, 'Siri Kannada 8 (textbook)', 1, 'easy', 45, 'mcq', 'ತೃಷೆ', 'What does this word mean?', '["ಬಾಯಾರಿಕೆ", "ಬೆಳಗೊಳ, ಶ್ರವಣಬೆಳಗೊಳ", "ಆಳುವೆ", "ಬಳ್ಳಿ"]'::jsonb, 0, 'ಬಾಯಾರಿಕೆ', 'ತೃಷೆ = ಬಾಯಾರಿಕೆ  (ಕನ್ನಡಿಗರ ತಾಯಿ, ಪದಗಳ ಅರ್ಥ)');
insert into questions (code, chapter_id, skill_id, source_exam, marks, difficulty, timer_seconds, type, stem_latex, stem_en, options_latex, correct_option, answer_latex, explain_en) values ('kn-l5-mv06', (select id from chapters where code='kn-l5'), 102, 'Siri Kannada 8 (textbook)', 1, 'easy', 45, 'mcq', 'ಬಾಯಾರಿಕೆ', 'Which word has this meaning?', '["ತಾಳ್ವೆ", "ತೃಷೆ", "ಬಿಳಿಯ ಕೊಳ", "ನಿಡುಕರು"]'::jsonb, 1, 'ತೃಷೆ', 'ಬಾಯಾರಿಕೆ = ತೃಷೆ  (ಕನ್ನಡಿಗರ ತಾಯಿ, ಪದಗಳ ಅರ್ಥ)');
insert into questions (code, chapter_id, skill_id, source_exam, marks, difficulty, timer_seconds, type, stem_latex, stem_en, options_latex, correct_option, answer_latex, explain_en) values ('kn-l5-vm07', (select id from chapters where code='kn-l5'), 102, 'Siri Kannada 8 (textbook)', 1, 'easy', 45, 'mcq', 'ದಿವಂ', 'What does this word mean?', '["ಆಕಾಶ", "ಪರ್ವತಗಳ ಸಮೂಹ", "ಬಳ್ಳಿ", "ನೃಪತುಂಗನ ಮತ್ತೊಂದು ಹೆಸರು"]'::jsonb, 0, 'ಆಕಾಶ', 'ದಿವಂ = ಆಕಾಶ  (ಕನ್ನಡಿಗರ ತಾಯಿ, ಪದಗಳ ಅರ್ಥ)');
insert into questions (code, chapter_id, skill_id, source_exam, marks, difficulty, timer_seconds, type, stem_latex, stem_en, options_latex, correct_option, answer_latex, explain_en) values ('kn-l5-mv07', (select id from chapters where code='kn-l5'), 102, 'Siri Kannada 8 (textbook)', 1, 'easy', 45, 'mcq', 'ಆಕಾಶ', 'Which word has this meaning?', '["ದಿವಂ", "ನಂದಿನಿ", "ತಾಳ್ವೆ", "ಸುರಭಿ"]'::jsonb, 0, 'ದಿವಂ', 'ಆಕಾಶ = ದಿವಂ  (ಕನ್ನಡಿಗರ ತಾಯಿ, ಪದಗಳ ಅರ್ಥ)');
insert into questions (code, chapter_id, skill_id, source_exam, marks, difficulty, timer_seconds, type, stem_latex, stem_en, options_latex, correct_option, answer_latex, explain_en) values ('kn-l5-vm08', (select id from chapters where code='kn-l5'), 102, 'Siri Kannada 8 (textbook)', 1, 'easy', 45, 'mcq', 'ನಗಾಳಿ', 'What does this word mean?', '["ಬೇಲೂರು", "ಪರ್ವತಗಳ ಸಮೂಹ", "ನೃಪತುಂಗನ ಮತ್ತೊಂದು ಹೆಸರು", "ಮುಖ"]'::jsonb, 1, 'ಪರ್ವತಗಳ ಸಮೂಹ', 'ನಗಾಳಿ = ಪರ್ವತಗಳ ಸಮೂಹ  (ಕನ್ನಡಿಗರ ತಾಯಿ, ಪದಗಳ ಅರ್ಥ)');
insert into questions (code, chapter_id, skill_id, source_exam, marks, difficulty, timer_seconds, type, stem_latex, stem_en, options_latex, correct_option, answer_latex, explain_en) values ('kn-l5-mv08', (select id from chapters where code='kn-l5'), 102, 'Siri Kannada 8 (textbook)', 1, 'easy', 45, 'mcq', 'ಪರ್ವತಗಳ ಸಮೂಹ', 'Which word has this meaning?', '["ನಗಾಳಿ", "ನಿಡುಕರು", "ಕಾರಕಳ", "ಒಸಗೆ"]'::jsonb, 0, 'ನಗಾಳಿ', 'ಪರ್ವತಗಳ ಸಮೂಹ = ನಗಾಳಿ  (ಕನ್ನಡಿಗರ ತಾಯಿ, ಪದಗಳ ಅರ್ಥ)');
insert into questions (code, chapter_id, skill_id, source_exam, marks, difficulty, timer_seconds, type, stem_latex, stem_en, options_latex, correct_option, answer_latex, explain_en) values ('kn-l5-vm09', (select id from chapters where code='kn-l5'), 102, 'Siri Kannada 8 (textbook)', 1, 'easy', 45, 'mcq', 'ನಿಡುಕರು', 'What does this word mean?', '["ನಿಡಿದಾಗಿ ನಿಂತಿರುವ ಗೊಮ್ಮಟ ಮೂರ್ತಿ", "ಆಳುವೆ", "ಸಹಿಸುವೆ", "ಸಂತೋಷ, ಶುಭವಾರ್ತೆ"]'::jsonb, 0, 'ನಿಡಿದಾಗಿ ನಿಂತಿರುವ ಗೊಮ್ಮಟ ಮೂರ್ತಿ', 'ನಿಡುಕರು = ನಿಡಿದಾಗಿ ನಿಂತಿರುವ ಗೊಮ್ಮಟ ಮೂರ್ತಿ  (ಕನ್ನಡಿಗರ ತಾಯಿ, ಪದಗಳ ಅರ್ಥ)');
insert into questions (code, chapter_id, skill_id, source_exam, marks, difficulty, timer_seconds, type, stem_latex, stem_en, options_latex, correct_option, answer_latex, explain_en) values ('kn-l5-mv09', (select id from chapters where code='kn-l5'), 102, 'Siri Kannada 8 (textbook)', 1, 'easy', 45, 'mcq', 'ನಿಡಿದಾಗಿ ನಿಂತಿರುವ ಗೊಮ್ಮಟ ಮೂರ್ತಿ', 'Which word has this meaning?', '["ತಾಳ್ವೆ", "ನಗಾಳಿ", "ನಿಡುಕರು", "ಬಿಳಿಯ ಕೊಳ"]'::jsonb, 2, 'ನಿಡುಕರು', 'ನಿಡಿದಾಗಿ ನಿಂತಿರುವ ಗೊಮ್ಮಟ ಮೂರ್ತಿ = ನಿಡುಕರು  (ಕನ್ನಡಿಗರ ತಾಯಿ, ಪದಗಳ ಅರ್ಥ)');
insert into questions (code, chapter_id, skill_id, source_exam, marks, difficulty, timer_seconds, type, stem_latex, stem_en, options_latex, correct_option, answer_latex, explain_en) values ('kn-l5-vm10', (select id from chapters where code='kn-l5'), 102, 'Siri Kannada 8 (textbook)', 1, 'easy', 45, 'mcq', 'ಬಸಿರು', 'What does this word mean?', '["ಬಳ್ಳಿ", "ಗೋವು", "ಗರ್ಭ, ಗರ್ಭಾಶಯ", "ಸಂತೋಷ, ಶುಭವಾರ್ತೆ"]'::jsonb, 2, 'ಗರ್ಭ, ಗರ್ಭಾಶಯ', 'ಬಸಿರು = ಗರ್ಭ, ಗರ್ಭಾಶಯ  (ಕನ್ನಡಿಗರ ತಾಯಿ, ಪದಗಳ ಅರ್ಥ)');
insert into questions (code, chapter_id, skill_id, source_exam, marks, difficulty, timer_seconds, type, stem_latex, stem_en, options_latex, correct_option, answer_latex, explain_en) values ('kn-l5-mv10', (select id from chapters where code='kn-l5'), 102, 'Siri Kannada 8 (textbook)', 1, 'easy', 45, 'mcq', 'ಗರ್ಭ, ಗರ್ಭಾಶಯ', 'Which word has this meaning?', '["ತೃಷೆ", "ದಿವಂ", "ನಂದಿನಿ", "ಬಸಿರು"]'::jsonb, 3, 'ಬಸಿರು', 'ಗರ್ಭ, ಗರ್ಭಾಶಯ = ಬಸಿರು  (ಕನ್ನಡಿಗರ ತಾಯಿ, ಪದಗಳ ಅರ್ಥ)');
insert into questions (code, chapter_id, skill_id, source_exam, marks, difficulty, timer_seconds, type, stem_latex, stem_en, options_latex, correct_option, answer_latex, explain_en) values ('kn-l5-vm11', (select id from chapters where code='kn-l5'), 102, 'Siri Kannada 8 (textbook)', 1, 'easy', 45, 'mcq', 'ಬಿಳಿಯ ಕೊಳ', 'What does this word mean?', '["ಕಾರ್ಕಳ (ಉಡುಪಿ ಜಿಲ್ಲೆಯ ಒಂದು ತಾಲೂಕು ಕೇಂದ್ರ)", "ಬೇಲೂರು", "ಬೆಳಗೊಳ, ಶ್ರವಣಬೆಳಗೊಳ", "ಸುಗಂಧ, ಸುವಾಸನೆ"]'::jsonb, 2, 'ಬೆಳಗೊಳ, ಶ್ರವಣಬೆಳಗೊಳ', 'ಬಿಳಿಯ ಕೊಳ = ಬೆಳಗೊಳ, ಶ್ರವಣಬೆಳಗೊಳ  (ಕನ್ನಡಿಗರ ತಾಯಿ, ಪದಗಳ ಅರ್ಥ)');
insert into questions (code, chapter_id, skill_id, source_exam, marks, difficulty, timer_seconds, type, stem_latex, stem_en, options_latex, correct_option, answer_latex, explain_en) values ('kn-l5-mv11', (select id from chapters where code='kn-l5'), 102, 'Siri Kannada 8 (textbook)', 1, 'easy', 45, 'mcq', 'ಬೆಳಗೊಳ, ಶ್ರವಣಬೆಳಗೊಳ', 'Which word has this meaning?', '["ಆಳ್ವೆ", "ಕೆನೆ", "ಬಿಳಿಯ ಕೊಳ", "ನಿಡುಕರು"]'::jsonb, 2, 'ಬಿಳಿಯ ಕೊಳ', 'ಬೆಳಗೊಳ, ಶ್ರವಣಬೆಳಗೊಳ = ಬಿಳಿಯ ಕೊಳ  (ಕನ್ನಡಿಗರ ತಾಯಿ, ಪದಗಳ ಅರ್ಥ)');
insert into questions (code, chapter_id, skill_id, source_exam, marks, difficulty, timer_seconds, type, stem_latex, stem_en, options_latex, correct_option, answer_latex, explain_en) values ('kn-l5-vm12', (select id from chapters where code='kn-l5'), 102, 'Siri Kannada 8 (textbook)', 1, 'easy', 45, 'mcq', 'ಬೇಲನಾಡು', 'What does this word mean?', '["ಸಾರ, ತಿರುಳು", "ಬೇಲೂರು", "ಸಹಿಸುವೆ", "ಪರ್ವತಗಳ ಸಮೂಹ"]'::jsonb, 1, 'ಬೇಲೂರು', 'ಬೇಲನಾಡು = ಬೇಲೂರು  (ಕನ್ನಡಿಗರ ತಾಯಿ, ಪದಗಳ ಅರ್ಥ)');
insert into questions (code, chapter_id, skill_id, source_exam, marks, difficulty, timer_seconds, type, stem_latex, stem_en, options_latex, correct_option, answer_latex, explain_en) values ('kn-l5-mv12', (select id from chapters where code='kn-l5'), 102, 'Siri Kannada 8 (textbook)', 1, 'easy', 45, 'mcq', 'ಬೇಲೂರು', 'Which word has this meaning?', '["ನಿಡುಕರು", "ತೃಷೆ", "ತಾಳ್ವೆ", "ಬೇಲನಾಡು"]'::jsonb, 3, 'ಬೇಲನಾಡು', 'ಬೇಲೂರು = ಬೇಲನಾಡು  (ಕನ್ನಡಿಗರ ತಾಯಿ, ಪದಗಳ ಅರ್ಥ)');
insert into questions (code, chapter_id, skill_id, source_exam, marks, difficulty, timer_seconds, type, stem_latex, stem_en, options_latex, correct_option, answer_latex, explain_en) values ('kn-l5-vm13', (select id from chapters where code='kn-l5'), 102, 'Siri Kannada 8 (textbook)', 1, 'easy', 45, 'mcq', 'ಮೊಗ', 'What does this word mean?', '["ಕಾರ್ಕಳ (ಉಡುಪಿ ಜಿಲ್ಲೆಯ ಒಂದು ತಾಲೂಕು ಕೇಂದ್ರ)", "ಸುಗಂಧ, ಸುವಾಸನೆ", "ಮುಖ", "ಸಹಿಸುವೆ"]'::jsonb, 2, 'ಮುಖ', 'ಮೊಗ = ಮುಖ  (ಕನ್ನಡಿಗರ ತಾಯಿ, ಪದಗಳ ಅರ್ಥ)');
insert into questions (code, chapter_id, skill_id, source_exam, marks, difficulty, timer_seconds, type, stem_latex, stem_en, options_latex, correct_option, answer_latex, explain_en) values ('kn-l5-mv13', (select id from chapters where code='kn-l5'), 102, 'Siri Kannada 8 (textbook)', 1, 'easy', 45, 'mcq', 'ಮುಖ', 'Which word has this meaning?', '["ಬೇಲನಾಡು", "ಒಸಗೆ", "ಮೊಗ", "ನಿಡುಕರು"]'::jsonb, 2, 'ಮೊಗ', 'ಮುಖ = ಮೊಗ  (ಕನ್ನಡಿಗರ ತಾಯಿ, ಪದಗಳ ಅರ್ಥ)');
insert into questions (code, chapter_id, skill_id, source_exam, marks, difficulty, timer_seconds, type, stem_latex, stem_en, options_latex, correct_option, answer_latex, explain_en) values ('kn-l5-vm14', (select id from chapters where code='kn-l5'), 102, 'Siri Kannada 8 (textbook)', 1, 'easy', 45, 'mcq', 'ಲತೆ', 'What does this word mean?', '["ಆಳುವೆ", "ಮುಖ", "ನಿಡಿದಾಗಿ ನಿಂತಿರುವ ಗೊಮ್ಮಟ ಮೂರ್ತಿ", "ಬಳ್ಳಿ"]'::jsonb, 3, 'ಬಳ್ಳಿ', 'ಲತೆ = ಬಳ್ಳಿ  (ಕನ್ನಡಿಗರ ತಾಯಿ, ಪದಗಳ ಅರ್ಥ)');
insert into questions (code, chapter_id, skill_id, source_exam, marks, difficulty, timer_seconds, type, stem_latex, stem_en, options_latex, correct_option, answer_latex, explain_en) values ('kn-l5-mv14', (select id from chapters where code='kn-l5'), 102, 'Siri Kannada 8 (textbook)', 1, 'easy', 45, 'mcq', 'ಬಳ್ಳಿ', 'Which word has this meaning?', '["ಶರ್ವ", "ಲತೆ", "ಮೊಗ", "ಕಾರಕಳ"]'::jsonb, 1, 'ಲತೆ', 'ಬಳ್ಳಿ = ಲತೆ  (ಕನ್ನಡಿಗರ ತಾಯಿ, ಪದಗಳ ಅರ್ಥ)');
insert into questions (code, chapter_id, skill_id, source_exam, marks, difficulty, timer_seconds, type, stem_latex, stem_en, options_latex, correct_option, answer_latex, explain_en) values ('kn-l5-vm15', (select id from chapters where code='kn-l5'), 102, 'Siri Kannada 8 (textbook)', 1, 'easy', 45, 'mcq', 'ಶರ್ವ', 'What does this word mean?', '["ಸಹಿಸುವೆ", "ಮುಖ", "ಸಂತೋಷ, ಶುಭವಾರ್ತೆ", "ನೃಪತುಂಗನ ಮತ್ತೊಂದು ಹೆಸರು"]'::jsonb, 3, 'ನೃಪತುಂಗನ ಮತ್ತೊಂದು ಹೆಸರು', 'ಶರ್ವ = ನೃಪತುಂಗನ ಮತ್ತೊಂದು ಹೆಸರು  (ಕನ್ನಡಿಗರ ತಾಯಿ, ಪದಗಳ ಅರ್ಥ)');
insert into questions (code, chapter_id, skill_id, source_exam, marks, difficulty, timer_seconds, type, stem_latex, stem_en, options_latex, correct_option, answer_latex, explain_en) values ('kn-l5-mv15', (select id from chapters where code='kn-l5'), 102, 'Siri Kannada 8 (textbook)', 1, 'easy', 45, 'mcq', 'ನೃಪತುಂಗನ ಮತ್ತೊಂದು ಹೆಸರು', 'Which word has this meaning?', '["ಕಾರಕಳ", "ಶರ್ವ", "ಸುರಭಿ", "ತಾಳ್ವೆ"]'::jsonb, 1, 'ಶರ್ವ', 'ನೃಪತುಂಗನ ಮತ್ತೊಂದು ಹೆಸರು = ಶರ್ವ  (ಕನ್ನಡಿಗರ ತಾಯಿ, ಪದಗಳ ಅರ್ಥ)');
insert into questions (code, chapter_id, skill_id, source_exam, marks, difficulty, timer_seconds, type, stem_latex, stem_en, options_latex, correct_option, answer_latex, explain_en) values ('kn-l5-vm16', (select id from chapters where code='kn-l5'), 102, 'Siri Kannada 8 (textbook)', 1, 'easy', 45, 'mcq', 'ಸುರಭಿ', 'What does this word mean?', '["ಆಕಾಶ", "ಸಹಿಸುವೆ", "ಸುಗಂಧ, ಸುವಾಸನೆ", "ಗರ್ಭ, ಗರ್ಭಾಶಯ"]'::jsonb, 2, 'ಸುಗಂಧ, ಸುವಾಸನೆ', 'ಸುರಭಿ = ಸುಗಂಧ, ಸುವಾಸನೆ  (ಕನ್ನಡಿಗರ ತಾಯಿ, ಪದಗಳ ಅರ್ಥ)');
insert into questions (code, chapter_id, skill_id, source_exam, marks, difficulty, timer_seconds, type, stem_latex, stem_en, options_latex, correct_option, answer_latex, explain_en) values ('kn-l5-mv16', (select id from chapters where code='kn-l5'), 102, 'Siri Kannada 8 (textbook)', 1, 'easy', 45, 'mcq', 'ಸುಗಂಧ, ಸುವಾಸನೆ', 'Which word has this meaning?', '["ನಿಡುಕರು", "ಲತೆ", "ಸುರಭಿ", "ಕೆನೆ"]'::jsonb, 2, 'ಸುರಭಿ', 'ಸುಗಂಧ, ಸುವಾಸನೆ = ಸುರಭಿ  (ಕನ್ನಡಿಗರ ತಾಯಿ, ಪದಗಳ ಅರ್ಥ)');
insert into questions (code, chapter_id, skill_id, source_exam, marks, difficulty, timer_seconds, type, stem_latex, stem_en, options_latex, correct_option, answer_latex, explain_en) values ('kn-l5-vm17', (select id from chapters where code='kn-l5'), 102, 'Siri Kannada 8 (textbook)', 1, 'easy', 45, 'mcq', 'ನಂದಿನಿ', 'What does this word mean?', '["ಸಾರ, ತಿರುಳು", "ಮುಖ", "ಗೋವು", "ನಿಡಿದಾಗಿ ನಿಂತಿರುವ ಗೊಮ್ಮಟ ಮೂರ್ತಿ"]'::jsonb, 2, 'ಗೋವು', 'ನಂದಿನಿ = ಗೋವು  (ಕನ್ನಡಿಗರ ತಾಯಿ, ಪದಗಳ ಅರ್ಥ)');
insert into questions (code, chapter_id, skill_id, source_exam, marks, difficulty, timer_seconds, type, stem_latex, stem_en, options_latex, correct_option, answer_latex, explain_en) values ('kn-l5-mv17', (select id from chapters where code='kn-l5'), 102, 'Siri Kannada 8 (textbook)', 1, 'easy', 45, 'mcq', 'ಗೋವು', 'Which word has this meaning?', '["ಸುರಭಿ", "ಕಾರಕಳ", "ನಂದಿನಿ", "ದಿವಂ"]'::jsonb, 2, 'ನಂದಿನಿ', 'ಗೋವು = ನಂದಿನಿ  (ಕನ್ನಡಿಗರ ತಾಯಿ, ಪದಗಳ ಅರ್ಥ)');
insert into questions (code, chapter_id, skill_id, source_exam, marks, difficulty, timer_seconds, type, stem_latex, stem_en, options_latex, correct_option, answer_latex, explain_en) values ('kn-g-varnamale-fact01', (select id from chapters where code='kn-g-varnamale'), 103, 'Siri Kannada 8 (textbook)', 1, 'easy', 45, 'mcq', '', 'Letters that can be spoken on their own', '["ಸ್ವರ", "ಯೋಗವಾಹ", "ಗುಣಿತಾಕ್ಷರ", "ವ್ಯಂಜನ"]'::jsonb, 0, 'ಸ್ವರ', 'Letters that can be spoken on their own → ಸ್ವರ  (ವರ್ಣಮಾಲೆ)');
insert into questions (code, chapter_id, skill_id, source_exam, marks, difficulty, timer_seconds, type, stem_latex, stem_en, options_latex, correct_option, answer_latex, explain_en) values ('kn-g-varnamale-fact02', (select id from chapters where code='kn-g-varnamale'), 103, 'Siri Kannada 8 (textbook)', 1, 'easy', 45, 'mcq', '', 'Letters that need a vowel to be spoken', '["ಸಂಯುಕ್ತಾಕ್ಷರ", "ವ್ಯಂಜನ", "ಯೋಗವಾಹ", "ಸ್ವರ"]'::jsonb, 1, 'ವ್ಯಂಜನ', 'Letters that need a vowel to be spoken → ವ್ಯಂಜನ  (ವರ್ಣಮಾಲೆ)');
insert into questions (code, chapter_id, skill_id, source_exam, marks, difficulty, timer_seconds, type, stem_latex, stem_en, options_latex, correct_option, answer_latex, explain_en) values ('kn-g-varnamale-fact03', (select id from chapters where code='kn-g-varnamale'), 103, 'Siri Kannada 8 (textbook)', 1, 'easy', 45, 'mcq', '', 'Anusvara and visarga are called', '["ಯೋಗವಾಹ", "ವ್ಯಂಜನ", "ಸ್ವರ", "ಸಂಯುಕ್ತಾಕ್ಷರ"]'::jsonb, 0, 'ಯೋಗವಾಹ', 'Anusvara and visarga are called → ಯೋಗವಾಹ  (ವರ್ಣಮಾಲೆ)');
insert into questions (code, chapter_id, skill_id, source_exam, marks, difficulty, timer_seconds, type, stem_latex, stem_en, options_latex, correct_option, answer_latex, explain_en) values ('kn-g-gunitakshara-fact01', (select id from chapters where code='kn-g-gunitakshara'), 104, 'Siri Kannada 8 (textbook)', 1, 'easy', 45, 'mcq', '', 'A consonant joined to a vowel is called', '["ಗುಣಿತಾಕ್ಷರ", "ಯೋಗವಾಹ", "ವ್ಯಂಜನ", "ಸಂಯುಕ್ತಾಕ್ಷರ"]'::jsonb, 0, 'ಗುಣಿತಾಕ್ಷರ', 'A consonant joined to a vowel is called → ಗುಣಿತಾಕ್ಷರ  (ಗುಣಿತಾಕ್ಷರ)');
insert into questions (code, chapter_id, skill_id, source_exam, marks, difficulty, timer_seconds, type, stem_latex, stem_en, options_latex, correct_option, answer_latex, explain_en) values ('kn-g-gunitakshara-fact02', (select id from chapters where code='kn-g-gunitakshara'), 104, 'Siri Kannada 8 (textbook)', 1, 'easy', 45, 'mcq', '', 'Two or more consonants joined together', '["ಯೋಗವಾಹ", "ಗುಣಿತಾಕ್ಷರ", "ವ್ಯಂಜನ", "ಸಂಯುಕ್ತಾಕ್ಷರ"]'::jsonb, 3, 'ಸಂಯುಕ್ತಾಕ್ಷರ', 'Two or more consonants joined together → ಸಂಯುಕ್ತಾಕ್ಷರ  (ಗುಣಿತಾಕ್ಷರ)');
insert into questions (code, chapter_id, skill_id, source_exam, marks, difficulty, timer_seconds, type, stem_latex, stem_en, options_latex, correct_option, answer_latex, explain_en) values ('kn-g-sandhi-lopa01', (select id from chapters where code='kn-g-sandhi'), 105, 'Siri Kannada 8 (textbook)', 1, 'easy', 45, 'mcq', 'ಊರು + ಊರು  →  ಊರೂರು', 'Which type is this?', '["ಪ್ರಕೃತಿಭಾವ", "ಲೋಪಸಂಧಿ", "ಆದೇಶಸಂಧಿ", "ಆಗಮಸಂಧಿ"]'::jsonb, 1, 'ಲೋಪಸಂಧಿ', 'ಊರು + ಊರು → ಊರೂರು is ಲೋಪಸಂಧಿ (Lopa - a letter is DROPPED). A vowel meets a vowel, and the first vowel disappears.');
insert into questions (code, chapter_id, skill_id, source_exam, marks, difficulty, timer_seconds, type, stem_latex, stem_en, options_latex, correct_option, answer_latex, explain_en) values ('kn-g-sandhi-lopa02', (select id from chapters where code='kn-g-sandhi'), 105, 'Siri Kannada 8 (textbook)', 1, 'easy', 45, 'mcq', 'ಬಲ್ಲನು + ಎಂದು  →  ಬಲ್ಲನೆಂದು', 'Which type is this?', '["ಆಗಮಸಂಧಿ", "ಪ್ರಕೃತಿಭಾವ", "ಆದೇಶಸಂಧಿ", "ಲೋಪಸಂಧಿ"]'::jsonb, 3, 'ಲೋಪಸಂಧಿ', 'ಬಲ್ಲನು + ಎಂದು → ಬಲ್ಲನೆಂದು is ಲೋಪಸಂಧಿ (Lopa - a letter is DROPPED). A vowel meets a vowel, and the first vowel disappears.');
insert into questions (code, chapter_id, skill_id, source_exam, marks, difficulty, timer_seconds, type, stem_latex, stem_en, options_latex, correct_option, answer_latex, explain_en) values ('kn-g-sandhi-lopa03', (select id from chapters where code='kn-g-sandhi'), 105, 'Siri Kannada 8 (textbook)', 1, 'easy', 45, 'mcq', 'ಊರು + ಇಂದ  →  ಊರಿಂದ', 'Which type is this?', '["ಆಗಮಸಂಧಿ", "ಆದೇಶಸಂಧಿ", "ಪ್ರಕೃತಿಭಾವ", "ಲೋಪಸಂಧಿ"]'::jsonb, 3, 'ಲೋಪಸಂಧಿ', 'ಊರು + ಇಂದ → ಊರಿಂದ is ಲೋಪಸಂಧಿ (Lopa - a letter is DROPPED). A vowel meets a vowel, and the first vowel disappears.');
insert into questions (code, chapter_id, skill_id, source_exam, marks, difficulty, timer_seconds, type, stem_latex, stem_en, options_latex, correct_option, answer_latex, explain_en) values ('kn-g-sandhi-agam01', (select id from chapters where code='kn-g-sandhi'), 105, 'Siri Kannada 8 (textbook)', 1, 'easy', 45, 'mcq', 'ಮನೆ + ಅಲ್ಲಿ  →  ಮನೆಯಲ್ಲಿ', 'Which type is this?', '["ಪ್ರಕೃತಿಭಾವ", "ಆದೇಶಸಂಧಿ", "ಲೋಪಸಂಧಿ", "ಆಗಮಸಂಧಿ"]'::jsonb, 3, 'ಆಗಮಸಂಧಿ', 'ಮನೆ + ಅಲ್ಲಿ → ಮನೆಯಲ್ಲಿ is ಆಗಮಸಂಧಿ (Agama - a letter is ADDED). A vowel meets a vowel, and a NEW ಯ್ or ವ್ is slipped in between them.');
insert into questions (code, chapter_id, skill_id, source_exam, marks, difficulty, timer_seconds, type, stem_latex, stem_en, options_latex, correct_option, answer_latex, explain_en) values ('kn-g-sandhi-agam02', (select id from chapters where code='kn-g-sandhi'), 105, 'Siri Kannada 8 (textbook)', 1, 'easy', 45, 'mcq', 'ಕೈ + ಅನ್ನು  →  ಕೈಯನ್ನು', 'Which type is this?', '["ಆಗಮಸಂಧಿ", "ಆದೇಶಸಂಧಿ", "ಪ್ರಕೃತಿಭಾವ", "ಲೋಪಸಂಧಿ"]'::jsonb, 0, 'ಆಗಮಸಂಧಿ', 'ಕೈ + ಅನ್ನು → ಕೈಯನ್ನು is ಆಗಮಸಂಧಿ (Agama - a letter is ADDED). A vowel meets a vowel, and a NEW ಯ್ or ವ್ is slipped in between them.');
insert into questions (code, chapter_id, skill_id, source_exam, marks, difficulty, timer_seconds, type, stem_latex, stem_en, options_latex, correct_option, answer_latex, explain_en) values ('kn-g-sandhi-agam03', (select id from chapters where code='kn-g-sandhi'), 105, 'Siri Kannada 8 (textbook)', 1, 'easy', 45, 'mcq', 'ಚಳಿ + ಇಂದ  →  ಚಳಿಯಿಂದ', 'Which type is this?', '["ಪ್ರಕೃತಿಭಾವ", "ಆದೇಶಸಂಧಿ", "ಲೋಪಸಂಧಿ", "ಆಗಮಸಂಧಿ"]'::jsonb, 3, 'ಆಗಮಸಂಧಿ', 'ಚಳಿ + ಇಂದ → ಚಳಿಯಿಂದ is ಆಗಮಸಂಧಿ (Agama - a letter is ADDED). A vowel meets a vowel, and a NEW ಯ್ or ವ್ is slipped in between them.');
insert into questions (code, chapter_id, skill_id, source_exam, marks, difficulty, timer_seconds, type, stem_latex, stem_en, options_latex, correct_option, answer_latex, explain_en) values ('kn-g-sandhi-agam04', (select id from chapters where code='kn-g-sandhi'), 105, 'Siri Kannada 8 (textbook)', 1, 'easy', 45, 'mcq', 'ಗುರು + ಅನ್ನು  →  ಗುರುವನ್ನು', 'Which type is this?', '["ಪ್ರಕೃತಿಭಾವ", "ಲೋಪಸಂಧಿ", "ಆದೇಶಸಂಧಿ", "ಆಗಮಸಂಧಿ"]'::jsonb, 3, 'ಆಗಮಸಂಧಿ', 'ಗುರು + ಅನ್ನು → ಗುರುವನ್ನು is ಆಗಮಸಂಧಿ (Agama - a letter is ADDED). A vowel meets a vowel, and a NEW ಯ್ or ವ್ is slipped in between them.');
insert into questions (code, chapter_id, skill_id, source_exam, marks, difficulty, timer_seconds, type, stem_latex, stem_en, options_latex, correct_option, answer_latex, explain_en) values ('kn-g-sandhi-agam05', (select id from chapters where code='kn-g-sandhi'), 105, 'Siri Kannada 8 (textbook)', 1, 'easy', 45, 'mcq', 'ಪುಸ್ತಕ + ಅನ್ನು  →  ಪುಸ್ತಕವನ್ನು', 'Which type is this?', '["ಲೋಪಸಂಧಿ", "ಆಗಮಸಂಧಿ", "ಆದೇಶಸಂಧಿ", "ಪ್ರಕೃತಿಭಾವ"]'::jsonb, 1, 'ಆಗಮಸಂಧಿ', 'ಪುಸ್ತಕ + ಅನ್ನು → ಪುಸ್ತಕವನ್ನು is ಆಗಮಸಂಧಿ (Agama - a letter is ADDED). A vowel meets a vowel, and a NEW ಯ್ or ವ್ is slipped in between them.');
insert into questions (code, chapter_id, skill_id, source_exam, marks, difficulty, timer_seconds, type, stem_latex, stem_en, options_latex, correct_option, answer_latex, explain_en) values ('kn-g-sandhi-ades01', (select id from chapters where code='kn-g-sandhi'), 105, 'Siri Kannada 8 (textbook)', 1, 'easy', 45, 'mcq', 'ಮಳೆ + ಕಾಲ  →  ಮಳೆಗಾಲ', 'Which type is this?', '["ಆದೇಶಸಂಧಿ", "ಲೋಪಸಂಧಿ", "ಪ್ರಕೃತಿಭಾವ", "ಆಗಮಸಂಧಿ"]'::jsonb, 0, 'ಆದೇಶಸಂಧಿ', 'ಮಳೆ + ಕಾಲ → ಮಳೆಗಾಲ is ಆದೇಶಸಂಧಿ (Adesha - a letter is REPLACED). The consonant that starts the second word is swapped for another. ಕ ತ ಪ become ಗ ದ ಬ.');
insert into questions (code, chapter_id, skill_id, source_exam, marks, difficulty, timer_seconds, type, stem_latex, stem_en, options_latex, correct_option, answer_latex, explain_en) values ('kn-g-sandhi-ades02', (select id from chapters where code='kn-g-sandhi'), 105, 'Siri Kannada 8 (textbook)', 1, 'easy', 45, 'mcq', 'ಹುಲ್ಲು + ಕಾವಲು  →  ಹುಲ್ಲುಗಾವಲು', 'Which type is this?', '["ಆದೇಶಸಂಧಿ", "ಆಗಮಸಂಧಿ", "ಲೋಪಸಂಧಿ", "ಪ್ರಕೃತಿಭಾವ"]'::jsonb, 0, 'ಆದೇಶಸಂಧಿ', 'ಹುಲ್ಲು + ಕಾವಲು → ಹುಲ್ಲುಗಾವಲು is ಆದೇಶಸಂಧಿ (Adesha - a letter is REPLACED). The consonant that starts the second word is swapped for another. ಕ ತ ಪ become ಗ ದ ಬ.');
insert into questions (code, chapter_id, skill_id, source_exam, marks, difficulty, timer_seconds, type, stem_latex, stem_en, options_latex, correct_option, answer_latex, explain_en) values ('kn-g-sandhi-ades03', (select id from chapters where code='kn-g-sandhi'), 105, 'Siri Kannada 8 (textbook)', 1, 'easy', 45, 'mcq', 'ಮೈ + ತೊಳೆ  →  ಮೈದೊಳೆ', 'Which type is this?', '["ಆದೇಶಸಂಧಿ", "ಪ್ರಕೃತಿಭಾವ", "ಲೋಪಸಂಧಿ", "ಆಗಮಸಂಧಿ"]'::jsonb, 0, 'ಆದೇಶಸಂಧಿ', 'ಮೈ + ತೊಳೆ → ಮೈದೊಳೆ is ಆದೇಶಸಂಧಿ (Adesha - a letter is REPLACED). The consonant that starts the second word is swapped for another. ಕ ತ ಪ become ಗ ದ ಬ.');
insert into questions (code, chapter_id, skill_id, source_exam, marks, difficulty, timer_seconds, type, stem_latex, stem_en, options_latex, correct_option, answer_latex, explain_en) values ('kn-g-sandhi-ades04', (select id from chapters where code='kn-g-sandhi'), 105, 'Siri Kannada 8 (textbook)', 1, 'easy', 45, 'mcq', 'ಕೆನೆ + ಪಾಲ್  →  ಕೆನೆವಾಲ್', 'Which type is this?', '["ಆದೇಶಸಂಧಿ", "ಪ್ರಕೃತಿಭಾವ", "ಲೋಪಸಂಧಿ", "ಆಗಮಸಂಧಿ"]'::jsonb, 0, 'ಆದೇಶಸಂಧಿ', 'ಕೆನೆ + ಪಾಲ್ → ಕೆನೆವಾಲ್ is ಆದೇಶಸಂಧಿ (Adesha - a letter is REPLACED). The consonant that starts the second word is swapped for another. ಕ ತ ಪ become ಗ ದ ಬ.');
insert into questions (code, chapter_id, skill_id, source_exam, marks, difficulty, timer_seconds, type, stem_latex, stem_en, options_latex, correct_option, answer_latex, explain_en) values ('kn-g-sandhi-prak01', (select id from chapters where code='kn-g-sandhi'), 105, 'Siri Kannada 8 (textbook)', 1, 'easy', 45, 'mcq', 'ಅಯ್ಯೋ + ಇದೇನು  →  (stays apart)', 'Which type is this?', '["ಆಗಮಸಂಧಿ", "ಪ್ರಕೃತಿಭಾವ", "ಲೋಪಸಂಧಿ", "ಆದೇಶಸಂಧಿ"]'::jsonb, 1, 'ಪ್ರಕೃತಿಭಾವ', 'ಅಯ್ಯೋ + ಇದೇನು → (stays apart) is ಪ್ರಕೃತಿಭಾವ (Prakrutibhava - NO sandhi happens). A vowel meets a vowel, but the words refuse to join - because joining them would wreck the meaning.');
insert into questions (code, chapter_id, skill_id, source_exam, marks, difficulty, timer_seconds, type, stem_latex, stem_en, options_latex, correct_option, answer_latex, explain_en) values ('kn-g-sandhi-prak02', (select id from chapters where code='kn-g-sandhi'), 105, 'Siri Kannada 8 (textbook)', 1, 'easy', 45, 'mcq', 'ಅಕ್ಕ + ಇತ್ತಬಾ  →  (stays apart)', 'Which type is this?', '["ಆಗಮಸಂಧಿ", "ಆದೇಶಸಂಧಿ", "ಪ್ರಕೃತಿಭಾವ", "ಲೋಪಸಂಧಿ"]'::jsonb, 2, 'ಪ್ರಕೃತಿಭಾವ', 'ಅಕ್ಕ + ಇತ್ತಬಾ → (stays apart) is ಪ್ರಕೃತಿಭಾವ (Prakrutibhava - NO sandhi happens). A vowel meets a vowel, but the words refuse to join - because joining them would wreck the meaning.');
insert into questions (code, chapter_id, skill_id, source_exam, marks, difficulty, timer_seconds, type, stem_latex, stem_en, options_latex, correct_option, answer_latex, explain_en) values ('kn-g-sandhi-joinlop01', (select id from chapters where code='kn-g-sandhi'), 105, 'Siri Kannada 8 (textbook)', 2, 'medium', 90, 'mcq', 'ಊರು + ಊರು', 'Join these two words. What do you get?', '["ಚಳಿಯಿಂದ", "ಬಲ್ಲನೆಂದು", "ಊರೂರು", "ಹುಲ್ಲುಗಾವಲು"]'::jsonb, 2, 'ಊರೂರು', 'ಊರು + ಊರು → ಊರೂರು  (ಲೋಪಸಂಧಿ)');
insert into questions (code, chapter_id, skill_id, source_exam, marks, difficulty, timer_seconds, type, stem_latex, stem_en, options_latex, correct_option, answer_latex, explain_en) values ('kn-g-sandhi-joinlop02', (select id from chapters where code='kn-g-sandhi'), 105, 'Siri Kannada 8 (textbook)', 2, 'medium', 90, 'mcq', 'ಬಲ್ಲನು + ಎಂದು', 'Join these two words. What do you get?', '["ಕೈಯನ್ನು", "ಬಲ್ಲನೆಂದು", "ಊರಿಂದ", "ಮನೆಯಲ್ಲಿ"]'::jsonb, 1, 'ಬಲ್ಲನೆಂದು', 'ಬಲ್ಲನು + ಎಂದು → ಬಲ್ಲನೆಂದು  (ಲೋಪಸಂಧಿ)');
insert into questions (code, chapter_id, skill_id, source_exam, marks, difficulty, timer_seconds, type, stem_latex, stem_en, options_latex, correct_option, answer_latex, explain_en) values ('kn-g-sandhi-joinlop03', (select id from chapters where code='kn-g-sandhi'), 105, 'Siri Kannada 8 (textbook)', 2, 'medium', 90, 'mcq', 'ಊರು + ಇಂದ', 'Join these two words. What do you get?', '["ಊರಿಂದ", "ಊರೂರು", "ಕೈಯನ್ನು", "ಹುಲ್ಲುಗಾವಲು"]'::jsonb, 0, 'ಊರಿಂದ', 'ಊರು + ಇಂದ → ಊರಿಂದ  (ಲೋಪಸಂಧಿ)');
insert into questions (code, chapter_id, skill_id, source_exam, marks, difficulty, timer_seconds, type, stem_latex, stem_en, options_latex, correct_option, answer_latex, explain_en) values ('kn-g-sandhi-joinaga01', (select id from chapters where code='kn-g-sandhi'), 105, 'Siri Kannada 8 (textbook)', 2, 'medium', 90, 'mcq', 'ಮನೆ + ಅಲ್ಲಿ', 'Join these two words. What do you get?', '["ಕೈಯನ್ನು", "ಮನೆಯಲ್ಲಿ", "ಊರಿಂದ", "ಹುಲ್ಲುಗಾವಲು"]'::jsonb, 1, 'ಮನೆಯಲ್ಲಿ', 'ಮನೆ + ಅಲ್ಲಿ → ಮನೆಯಲ್ಲಿ  (ಆಗಮಸಂಧಿ)');
insert into questions (code, chapter_id, skill_id, source_exam, marks, difficulty, timer_seconds, type, stem_latex, stem_en, options_latex, correct_option, answer_latex, explain_en) values ('kn-g-sandhi-joinaga02', (select id from chapters where code='kn-g-sandhi'), 105, 'Siri Kannada 8 (textbook)', 2, 'medium', 90, 'mcq', 'ಕೈ + ಅನ್ನು', 'Join these two words. What do you get?', '["ಬಲ್ಲನೆಂದು", "ಊರಿಂದ", "ಗುರುವನ್ನು", "ಕೈಯನ್ನು"]'::jsonb, 3, 'ಕೈಯನ್ನು', 'ಕೈ + ಅನ್ನು → ಕೈಯನ್ನು  (ಆಗಮಸಂಧಿ)');
insert into questions (code, chapter_id, skill_id, source_exam, marks, difficulty, timer_seconds, type, stem_latex, stem_en, options_latex, correct_option, answer_latex, explain_en) values ('kn-g-sandhi-joinaga03', (select id from chapters where code='kn-g-sandhi'), 105, 'Siri Kannada 8 (textbook)', 2, 'medium', 90, 'mcq', 'ಚಳಿ + ಇಂದ', 'Join these two words. What do you get?', '["ಮನೆಯಲ್ಲಿ", "ಚಳಿಯಿಂದ", "ಬಲ್ಲನೆಂದು", "ಊರೂರು"]'::jsonb, 1, 'ಚಳಿಯಿಂದ', 'ಚಳಿ + ಇಂದ → ಚಳಿಯಿಂದ  (ಆಗಮಸಂಧಿ)');
insert into questions (code, chapter_id, skill_id, source_exam, marks, difficulty, timer_seconds, type, stem_latex, stem_en, options_latex, correct_option, answer_latex, explain_en) values ('kn-g-sandhi-joinaga04', (select id from chapters where code='kn-g-sandhi'), 105, 'Siri Kannada 8 (textbook)', 2, 'medium', 90, 'mcq', 'ಗುರು + ಅನ್ನು', 'Join these two words. What do you get?', '["ಊರೂರು", "ಗುರುವನ್ನು", "ಕೆನೆವಾಲ್", "ಪುಸ್ತಕವನ್ನು"]'::jsonb, 1, 'ಗುರುವನ್ನು', 'ಗುರು + ಅನ್ನು → ಗುರುವನ್ನು  (ಆಗಮಸಂಧಿ)');
insert into questions (code, chapter_id, skill_id, source_exam, marks, difficulty, timer_seconds, type, stem_latex, stem_en, options_latex, correct_option, answer_latex, explain_en) values ('kn-g-sandhi-joinaga05', (select id from chapters where code='kn-g-sandhi'), 105, 'Siri Kannada 8 (textbook)', 2, 'medium', 90, 'mcq', 'ಪುಸ್ತಕ + ಅನ್ನು', 'Join these two words. What do you get?', '["ಬಲ್ಲನೆಂದು", "ಕೈಯನ್ನು", "ಗುರುವನ್ನು", "ಪುಸ್ತಕವನ್ನು"]'::jsonb, 3, 'ಪುಸ್ತಕವನ್ನು', 'ಪುಸ್ತಕ + ಅನ್ನು → ಪುಸ್ತಕವನ್ನು  (ಆಗಮಸಂಧಿ)');
insert into questions (code, chapter_id, skill_id, source_exam, marks, difficulty, timer_seconds, type, stem_latex, stem_en, options_latex, correct_option, answer_latex, explain_en) values ('kn-g-sandhi-joinade01', (select id from chapters where code='kn-g-sandhi'), 105, 'Siri Kannada 8 (textbook)', 2, 'medium', 90, 'mcq', 'ಮಳೆ + ಕಾಲ', 'Join these two words. What do you get?', '["ಚಳಿಯಿಂದ", "ಕೆನೆವಾಲ್", "ಮಳೆಗಾಲ", "ಬಲ್ಲನೆಂದು"]'::jsonb, 2, 'ಮಳೆಗಾಲ', 'ಮಳೆ + ಕಾಲ → ಮಳೆಗಾಲ  (ಆದೇಶಸಂಧಿ)');
insert into questions (code, chapter_id, skill_id, source_exam, marks, difficulty, timer_seconds, type, stem_latex, stem_en, options_latex, correct_option, answer_latex, explain_en) values ('kn-g-sandhi-joinade02', (select id from chapters where code='kn-g-sandhi'), 105, 'Siri Kannada 8 (textbook)', 2, 'medium', 90, 'mcq', 'ಹುಲ್ಲು + ಕಾವಲು', 'Join these two words. What do you get?', '["ಗುರುವನ್ನು", "ಹುಲ್ಲುಗಾವಲು", "ಮಳೆಗಾಲ", "ಮೈದೊಳೆ"]'::jsonb, 1, 'ಹುಲ್ಲುಗಾವಲು', 'ಹುಲ್ಲು + ಕಾವಲು → ಹುಲ್ಲುಗಾವಲು  (ಆದೇಶಸಂಧಿ)');
insert into questions (code, chapter_id, skill_id, source_exam, marks, difficulty, timer_seconds, type, stem_latex, stem_en, options_latex, correct_option, answer_latex, explain_en) values ('kn-g-sandhi-joinade03', (select id from chapters where code='kn-g-sandhi'), 105, 'Siri Kannada 8 (textbook)', 2, 'medium', 90, 'mcq', 'ಮೈ + ತೊಳೆ', 'Join these two words. What do you get?', '["ಕೈಯನ್ನು", "ಮಳೆಗಾಲ", "ಮೈದೊಳೆ", "ಪುಸ್ತಕವನ್ನು"]'::jsonb, 2, 'ಮೈದೊಳೆ', 'ಮೈ + ತೊಳೆ → ಮೈದೊಳೆ  (ಆದೇಶಸಂಧಿ)');
insert into questions (code, chapter_id, skill_id, source_exam, marks, difficulty, timer_seconds, type, stem_latex, stem_en, options_latex, correct_option, answer_latex, explain_en) values ('kn-g-sandhi-joinade04', (select id from chapters where code='kn-g-sandhi'), 105, 'Siri Kannada 8 (textbook)', 2, 'medium', 90, 'mcq', 'ಕೆನೆ + ಪಾಲ್', 'Join these two words. What do you get?', '["ಗುರುವನ್ನು", "ಪುಸ್ತಕವನ್ನು", "ಕೈಯನ್ನು", "ಕೆನೆವಾಲ್"]'::jsonb, 3, 'ಕೆನೆವಾಲ್', 'ಕೆನೆ + ಪಾಲ್ → ಕೆನೆವಾಲ್  (ಆದೇಶಸಂಧಿ)');
insert into questions (code, chapter_id, skill_id, source_exam, marks, difficulty, timer_seconds, type, stem_latex, stem_en, options_latex, correct_option, answer_latex, explain_en) values ('kn-g-samasa-tatp01', (select id from chapters where code='kn-g-samasa'), 106, 'Siri Kannada 8 (textbook)', 1, 'easy', 45, 'mcq', 'ವಯಸ್ಸಿನಿಂದ + ವೃದ್ಧ  →  ವಯೋವೃದ್ಧ', 'Which type is this?', '["ತತ್ಪುರುಷ ಸಮಾಸ", "ದ್ವಿಗು ಸಮಾಸ", "ಕರ್ಮಧಾರಯ ಸಮಾಸ"]'::jsonb, 0, 'ತತ್ಪುರುಷ ಸಮಾಸ', 'ವಯಸ್ಸಿನಿಂದ + ವೃದ್ಧ → ವಯೋವೃದ್ಧ is ತತ್ಪುರುಷ ಸಮಾಸ (Tatpurusha - the SECOND word carries the meaning).');
insert into questions (code, chapter_id, skill_id, source_exam, marks, difficulty, timer_seconds, type, stem_latex, stem_en, options_latex, correct_option, answer_latex, explain_en) values ('kn-g-samasa-tatp02', (select id from chapters where code='kn-g-samasa'), 106, 'Siri Kannada 8 (textbook)', 1, 'easy', 45, 'mcq', 'ಹಗಲಿನಲ್ಲಿ + ಕನಸು  →  ಹಗಲುಗನಸು', 'Which type is this?', '["ದ್ವಿಗು ಸಮಾಸ", "ತತ್ಪುರುಷ ಸಮಾಸ", "ಕರ್ಮಧಾರಯ ಸಮಾಸ"]'::jsonb, 1, 'ತತ್ಪುರುಷ ಸಮಾಸ', 'ಹಗಲಿನಲ್ಲಿ + ಕನಸು → ಹಗಲುಗನಸು is ತತ್ಪುರುಷ ಸಮಾಸ (Tatpurusha - the SECOND word carries the meaning).');
insert into questions (code, chapter_id, skill_id, source_exam, marks, difficulty, timer_seconds, type, stem_latex, stem_en, options_latex, correct_option, answer_latex, explain_en) values ('kn-g-samasa-karm01', (select id from chapters where code='kn-g-samasa'), 106, 'Siri Kannada 8 (textbook)', 1, 'easy', 45, 'mcq', 'ಹಿರಿದು + ಮರ  →  ಹೆಮ್ಮರ', 'Which type is this?', '["ತತ್ಪುರುಷ ಸಮಾಸ", "ಕರ್ಮಧಾರಯ ಸಮಾಸ", "ದ್ವಿಗು ಸಮಾಸ"]'::jsonb, 1, 'ಕರ್ಮಧಾರಯ ಸಮಾಸ', 'ಹಿರಿದು + ಮರ → ಹೆಮ್ಮರ is ಕರ್ಮಧಾರಯ ಸಮಾಸ (Karmadharaya - the FIRST word describes the second).');
insert into questions (code, chapter_id, skill_id, source_exam, marks, difficulty, timer_seconds, type, stem_latex, stem_en, options_latex, correct_option, answer_latex, explain_en) values ('kn-g-samasa-karm02', (select id from chapters where code='kn-g-samasa'), 106, 'Siri Kannada 8 (textbook)', 1, 'easy', 45, 'mcq', 'ಮೆಲ್ಲಿತು + ನುಡಿ  →  ಮೆಲ್ನುಡಿ', 'Which type is this?', '["ದ್ವಿಗು ಸಮಾಸ", "ಕರ್ಮಧಾರಯ ಸಮಾಸ", "ತತ್ಪುರುಷ ಸಮಾಸ"]'::jsonb, 1, 'ಕರ್ಮಧಾರಯ ಸಮಾಸ', 'ಮೆಲ್ಲಿತು + ನುಡಿ → ಮೆಲ್ನುಡಿ is ಕರ್ಮಧಾರಯ ಸಮಾಸ (Karmadharaya - the FIRST word describes the second).');
insert into questions (code, chapter_id, skill_id, source_exam, marks, difficulty, timer_seconds, type, stem_latex, stem_en, options_latex, correct_option, answer_latex, explain_en) values ('kn-g-samasa-karm03', (select id from chapters where code='kn-g-samasa'), 106, 'Siri Kannada 8 (textbook)', 1, 'easy', 45, 'mcq', 'ದಿವ್ಯವಾದ + ಪ್ರಕಾಶ  →  ದಿವ್ಯಪ್ರಕಾಶ', 'Which type is this?', '["ಕರ್ಮಧಾರಯ ಸಮಾಸ", "ದ್ವಿಗು ಸಮಾಸ", "ತತ್ಪುರುಷ ಸಮಾಸ"]'::jsonb, 0, 'ಕರ್ಮಧಾರಯ ಸಮಾಸ', 'ದಿವ್ಯವಾದ + ಪ್ರಕಾಶ → ದಿವ್ಯಪ್ರಕಾಶ is ಕರ್ಮಧಾರಯ ಸಮಾಸ (Karmadharaya - the FIRST word describes the second).');
insert into questions (code, chapter_id, skill_id, source_exam, marks, difficulty, timer_seconds, type, stem_latex, stem_en, options_latex, correct_option, answer_latex, explain_en) values ('kn-g-samasa-dvig01', (select id from chapters where code='kn-g-samasa'), 106, 'Siri Kannada 8 (textbook)', 1, 'easy', 45, 'mcq', 'ಮೂರು + ಮಡಿ  →  ಮುಮ್ಮಡಿ', 'Which type is this?', '["ತತ್ಪುರುಷ ಸಮಾಸ", "ದ್ವಿಗು ಸಮಾಸ", "ಕರ್ಮಧಾರಯ ಸಮಾಸ"]'::jsonb, 1, 'ದ್ವಿಗು ಸಮಾಸ', 'ಮೂರು + ಮಡಿ → ಮುಮ್ಮಡಿ is ದ್ವಿಗು ಸಮಾಸ (Dvigu - the FIRST word is a NUMBER).');
insert into questions (code, chapter_id, skill_id, source_exam, marks, difficulty, timer_seconds, type, stem_latex, stem_en, options_latex, correct_option, answer_latex, explain_en) values ('kn-g-samasa-dvig02', (select id from chapters where code='kn-g-samasa'), 106, 'Siri Kannada 8 (textbook)', 1, 'easy', 45, 'mcq', 'ನಾಲ್ಕು + ದೆಸೆ  →  ನಾಲ್ದೆಸೆ', 'Which type is this?', '["ತತ್ಪುರುಷ ಸಮಾಸ", "ಕರ್ಮಧಾರಯ ಸಮಾಸ", "ದ್ವಿಗು ಸಮಾಸ"]'::jsonb, 2, 'ದ್ವಿಗು ಸಮಾಸ', 'ನಾಲ್ಕು + ದೆಸೆ → ನಾಲ್ದೆಸೆ is ದ್ವಿಗು ಸಮಾಸ (Dvigu - the FIRST word is a NUMBER).');
insert into questions (code, chapter_id, skill_id, source_exam, marks, difficulty, timer_seconds, type, stem_latex, stem_en, options_latex, correct_option, answer_latex, explain_en) values ('kn-g-samasa-dvig03', (select id from chapters where code='kn-g-samasa'), 106, 'Siri Kannada 8 (textbook)', 1, 'easy', 45, 'mcq', 'ಪಂಚಗಳಾದ + ಇಂದ್ರಿಯ  →  ಪಂಚೇಂದ್ರಿಯ', 'Which type is this?', '["ಕರ್ಮಧಾರಯ ಸಮಾಸ", "ದ್ವಿಗು ಸಮಾಸ", "ತತ್ಪುರುಷ ಸಮಾಸ"]'::jsonb, 1, 'ದ್ವಿಗು ಸಮಾಸ', 'ಪಂಚಗಳಾದ + ಇಂದ್ರಿಯ → ಪಂಚೇಂದ್ರಿಯ is ದ್ವಿಗು ಸಮಾಸ (Dvigu - the FIRST word is a NUMBER).');
insert into questions (code, chapter_id, skill_id, source_exam, marks, difficulty, timer_seconds, type, stem_latex, stem_en, options_latex, correct_option, answer_latex, explain_en) values ('kn-g-samasa-jointat01', (select id from chapters where code='kn-g-samasa'), 106, 'Siri Kannada 8 (textbook)', 2, 'medium', 90, 'mcq', 'ವಯಸ್ಸಿನಿಂದ + ವೃದ್ಧ', 'Join these two words. What do you get?', '["ದಿವ್ಯಪ್ರಕಾಶ", "ವಯೋವೃದ್ಧ", "ಮುಮ್ಮಡಿ", "ಹಗಲುಗನಸು"]'::jsonb, 1, 'ವಯೋವೃದ್ಧ', 'ವಯಸ್ಸಿನಿಂದ + ವೃದ್ಧ → ವಯೋವೃದ್ಧ  (ತತ್ಪುರುಷ ಸಮಾಸ)');
insert into questions (code, chapter_id, skill_id, source_exam, marks, difficulty, timer_seconds, type, stem_latex, stem_en, options_latex, correct_option, answer_latex, explain_en) values ('kn-g-samasa-jointat02', (select id from chapters where code='kn-g-samasa'), 106, 'Siri Kannada 8 (textbook)', 2, 'medium', 90, 'mcq', 'ಹಗಲಿನಲ್ಲಿ + ಕನಸು', 'Join these two words. What do you get?', '["ಮೆಲ್ನುಡಿ", "ಪಂಚೇಂದ್ರಿಯ", "ಹಗಲುಗನಸು", "ಮುಮ್ಮಡಿ"]'::jsonb, 2, 'ಹಗಲುಗನಸು', 'ಹಗಲಿನಲ್ಲಿ + ಕನಸು → ಹಗಲುಗನಸು  (ತತ್ಪುರುಷ ಸಮಾಸ)');
insert into questions (code, chapter_id, skill_id, source_exam, marks, difficulty, timer_seconds, type, stem_latex, stem_en, options_latex, correct_option, answer_latex, explain_en) values ('kn-g-samasa-joinkar01', (select id from chapters where code='kn-g-samasa'), 106, 'Siri Kannada 8 (textbook)', 2, 'medium', 90, 'mcq', 'ಹಿರಿದು + ಮರ', 'Join these two words. What do you get?', '["ಹೆಮ್ಮರ", "ಹಗಲುಗನಸು", "ವಯೋವೃದ್ಧ", "ಮೆಲ್ನುಡಿ"]'::jsonb, 0, 'ಹೆಮ್ಮರ', 'ಹಿರಿದು + ಮರ → ಹೆಮ್ಮರ  (ಕರ್ಮಧಾರಯ ಸಮಾಸ)');
insert into questions (code, chapter_id, skill_id, source_exam, marks, difficulty, timer_seconds, type, stem_latex, stem_en, options_latex, correct_option, answer_latex, explain_en) values ('kn-g-samasa-joinkar02', (select id from chapters where code='kn-g-samasa'), 106, 'Siri Kannada 8 (textbook)', 2, 'medium', 90, 'mcq', 'ಮೆಲ್ಲಿತು + ನುಡಿ', 'Join these two words. What do you get?', '["ಹೆಮ್ಮರ", "ದಿವ್ಯಪ್ರಕಾಶ", "ಮೆಲ್ನುಡಿ", "ವಯೋವೃದ್ಧ"]'::jsonb, 2, 'ಮೆಲ್ನುಡಿ', 'ಮೆಲ್ಲಿತು + ನುಡಿ → ಮೆಲ್ನುಡಿ  (ಕರ್ಮಧಾರಯ ಸಮಾಸ)');
insert into questions (code, chapter_id, skill_id, source_exam, marks, difficulty, timer_seconds, type, stem_latex, stem_en, options_latex, correct_option, answer_latex, explain_en) values ('kn-g-samasa-joinkar03', (select id from chapters where code='kn-g-samasa'), 106, 'Siri Kannada 8 (textbook)', 2, 'medium', 90, 'mcq', 'ದಿವ್ಯವಾದ + ಪ್ರಕಾಶ', 'Join these two words. What do you get?', '["ಮೆಲ್ನುಡಿ", "ಮುಮ್ಮಡಿ", "ನಾಲ್ದೆಸೆ", "ದಿವ್ಯಪ್ರಕಾಶ"]'::jsonb, 3, 'ದಿವ್ಯಪ್ರಕಾಶ', 'ದಿವ್ಯವಾದ + ಪ್ರಕಾಶ → ದಿವ್ಯಪ್ರಕಾಶ  (ಕರ್ಮಧಾರಯ ಸಮಾಸ)');
insert into questions (code, chapter_id, skill_id, source_exam, marks, difficulty, timer_seconds, type, stem_latex, stem_en, options_latex, correct_option, answer_latex, explain_en) values ('kn-g-samasa-joindvi01', (select id from chapters where code='kn-g-samasa'), 106, 'Siri Kannada 8 (textbook)', 2, 'medium', 90, 'mcq', 'ಮೂರು + ಮಡಿ', 'Join these two words. What do you get?', '["ಮುಮ್ಮಡಿ", "ಹೆಮ್ಮರ", "ಹಗಲುಗನಸು", "ದಿವ್ಯಪ್ರಕಾಶ"]'::jsonb, 0, 'ಮುಮ್ಮಡಿ', 'ಮೂರು + ಮಡಿ → ಮುಮ್ಮಡಿ  (ದ್ವಿಗು ಸಮಾಸ)');
insert into questions (code, chapter_id, skill_id, source_exam, marks, difficulty, timer_seconds, type, stem_latex, stem_en, options_latex, correct_option, answer_latex, explain_en) values ('kn-g-samasa-joindvi02', (select id from chapters where code='kn-g-samasa'), 106, 'Siri Kannada 8 (textbook)', 2, 'medium', 90, 'mcq', 'ನಾಲ್ಕು + ದೆಸೆ', 'Join these two words. What do you get?', '["ನಾಲ್ದೆಸೆ", "ಮುಮ್ಮಡಿ", "ಮೆಲ್ನುಡಿ", "ಹಗಲುಗನಸು"]'::jsonb, 0, 'ನಾಲ್ದೆಸೆ', 'ನಾಲ್ಕು + ದೆಸೆ → ನಾಲ್ದೆಸೆ  (ದ್ವಿಗು ಸಮಾಸ)');
insert into questions (code, chapter_id, skill_id, source_exam, marks, difficulty, timer_seconds, type, stem_latex, stem_en, options_latex, correct_option, answer_latex, explain_en) values ('kn-g-samasa-joindvi03', (select id from chapters where code='kn-g-samasa'), 106, 'Siri Kannada 8 (textbook)', 2, 'medium', 90, 'mcq', 'ಪಂಚಗಳಾದ + ಇಂದ್ರಿಯ', 'Join these two words. What do you get?', '["ಹಗಲುಗನಸು", "ಪಂಚೇಂದ್ರಿಯ", "ದಿವ್ಯಪ್ರಕಾಶ", "ಮೆಲ್ನುಡಿ"]'::jsonb, 1, 'ಪಂಚೇಂದ್ರಿಯ', 'ಪಂಚಗಳಾದ + ಇಂದ್ರಿಯ → ಪಂಚೇಂದ್ರಿಯ  (ದ್ವಿಗು ಸಮಾಸ)');
insert into questions (code, chapter_id, skill_id, source_exam, marks, difficulty, timer_seconds, type, stem_latex, stem_en, options_latex, correct_option, answer_latex, explain_en) values ('kn-g-tatsama-tats01', (select id from chapters where code='kn-g-tatsama'), 107, 'Siri Kannada 8 (textbook)', 1, 'easy', 45, 'mcq', 'ರಾಮ', 'Which type of word is this?', '["ತತ್ಸಮ", "ತದ್ಭವ", "ಅನ್ಯದೇಶ್ಯ"]'::jsonb, 0, 'ತತ್ಸಮ', 'ರಾಮ is ತತ್ಸಮ — Tatsama - came in UNCHANGED.');
insert into questions (code, chapter_id, skill_id, source_exam, marks, difficulty, timer_seconds, type, stem_latex, stem_en, options_latex, correct_option, answer_latex, explain_en) values ('kn-g-tatsama-tats02', (select id from chapters where code='kn-g-tatsama'), 107, 'Siri Kannada 8 (textbook)', 1, 'easy', 45, 'mcq', 'ಭೀಮ', 'Which type of word is this?', '["ಅನ್ಯದೇಶ್ಯ", "ತತ್ಸಮ", "ತದ್ಭವ"]'::jsonb, 1, 'ತತ್ಸಮ', 'ಭೀಮ is ತತ್ಸಮ — Tatsama - came in UNCHANGED.');
insert into questions (code, chapter_id, skill_id, source_exam, marks, difficulty, timer_seconds, type, stem_latex, stem_en, options_latex, correct_option, answer_latex, explain_en) values ('kn-g-tatsama-tats03', (select id from chapters where code='kn-g-tatsama'), 107, 'Siri Kannada 8 (textbook)', 1, 'easy', 45, 'mcq', 'ವಸಂತ', 'Which type of word is this?', '["ತತ್ಸಮ", "ತದ್ಭವ", "ಅನ್ಯದೇಶ್ಯ"]'::jsonb, 0, 'ತತ್ಸಮ', 'ವಸಂತ is ತತ್ಸಮ — Tatsama - came in UNCHANGED.');
insert into questions (code, chapter_id, skill_id, source_exam, marks, difficulty, timer_seconds, type, stem_latex, stem_en, options_latex, correct_option, answer_latex, explain_en) values ('kn-g-tatsama-tats04', (select id from chapters where code='kn-g-tatsama'), 107, 'Siri Kannada 8 (textbook)', 1, 'easy', 45, 'mcq', 'ಚಂದ್ರ', 'Which type of word is this?', '["ಅನ್ಯದೇಶ್ಯ", "ತತ್ಸಮ", "ತದ್ಭವ"]'::jsonb, 1, 'ತತ್ಸಮ', 'ಚಂದ್ರ is ತತ್ಸಮ — Tatsama - came in UNCHANGED.');
insert into questions (code, chapter_id, skill_id, source_exam, marks, difficulty, timer_seconds, type, stem_latex, stem_en, options_latex, correct_option, answer_latex, explain_en) values ('kn-g-tatsama-tats05', (select id from chapters where code='kn-g-tatsama'), 107, 'Siri Kannada 8 (textbook)', 1, 'easy', 45, 'mcq', 'ಸ್ತ್ರೀ', 'Which type of word is this?', '["ತತ್ಸಮ", "ತದ್ಭವ", "ಅನ್ಯದೇಶ್ಯ"]'::jsonb, 0, 'ತತ್ಸಮ', 'ಸ್ತ್ರೀ is ತತ್ಸಮ — Tatsama - came in UNCHANGED.');
insert into questions (code, chapter_id, skill_id, source_exam, marks, difficulty, timer_seconds, type, stem_latex, stem_en, options_latex, correct_option, answer_latex, explain_en) values ('kn-g-tatsama-tadb01', (select id from chapters where code='kn-g-tatsama'), 107, 'Siri Kannada 8 (textbook)', 1, 'easy', 45, 'mcq', 'ಸಿರಿ', 'Which type of word is this?', '["ತದ್ಭವ", "ತತ್ಸಮ", "ಅನ್ಯದೇಶ್ಯ"]'::jsonb, 0, 'ತದ್ಭವ', 'ಸಿರಿ is ತದ್ಭವ — Tadbhava - CHANGED on the way in.');
insert into questions (code, chapter_id, skill_id, source_exam, marks, difficulty, timer_seconds, type, stem_latex, stem_en, options_latex, correct_option, answer_latex, explain_en) values ('kn-g-tatsama-tadb02', (select id from chapters where code='kn-g-tatsama'), 107, 'Siri Kannada 8 (textbook)', 1, 'easy', 45, 'mcq', 'ಬಾವಿ', 'Which type of word is this?', '["ಅನ್ಯದೇಶ್ಯ", "ತತ್ಸಮ", "ತದ್ಭವ"]'::jsonb, 2, 'ತದ್ಭವ', 'ಬಾವಿ is ತದ್ಭವ — Tadbhava - CHANGED on the way in.');
insert into questions (code, chapter_id, skill_id, source_exam, marks, difficulty, timer_seconds, type, stem_latex, stem_en, options_latex, correct_option, answer_latex, explain_en) values ('kn-g-tatsama-tadb03', (select id from chapters where code='kn-g-tatsama'), 107, 'Siri Kannada 8 (textbook)', 1, 'easy', 45, 'mcq', 'ದನಿ', 'Which type of word is this?', '["ತತ್ಸಮ", "ತದ್ಭವ", "ಅನ್ಯದೇಶ್ಯ"]'::jsonb, 1, 'ತದ್ಭವ', 'ದನಿ is ತದ್ಭವ — Tadbhava - CHANGED on the way in.');
insert into questions (code, chapter_id, skill_id, source_exam, marks, difficulty, timer_seconds, type, stem_latex, stem_en, options_latex, correct_option, answer_latex, explain_en) values ('kn-g-tatsama-tadb04', (select id from chapters where code='kn-g-tatsama'), 107, 'Siri Kannada 8 (textbook)', 1, 'easy', 45, 'mcq', 'ಬಸದಿ', 'Which type of word is this?', '["ತತ್ಸಮ", "ತದ್ಭವ", "ಅನ್ಯದೇಶ್ಯ"]'::jsonb, 1, 'ತದ್ಭವ', 'ಬಸದಿ is ತದ್ಭವ — Tadbhava - CHANGED on the way in.');
insert into questions (code, chapter_id, skill_id, source_exam, marks, difficulty, timer_seconds, type, stem_latex, stem_en, options_latex, correct_option, answer_latex, explain_en) values ('kn-g-tatsama-tadb05', (select id from chapters where code='kn-g-tatsama'), 107, 'Siri Kannada 8 (textbook)', 1, 'easy', 45, 'mcq', 'ಬೇಸಗೆ', 'Which type of word is this?', '["ಅನ್ಯದೇಶ್ಯ", "ತತ್ಸಮ", "ತದ್ಭವ"]'::jsonb, 2, 'ತದ್ಭವ', 'ಬೇಸಗೆ is ತದ್ಭವ — Tadbhava - CHANGED on the way in.');
insert into questions (code, chapter_id, skill_id, source_exam, marks, difficulty, timer_seconds, type, stem_latex, stem_en, options_latex, correct_option, answer_latex, explain_en) values ('kn-g-tatsama-tadb06', (select id from chapters where code='kn-g-tatsama'), 107, 'Siri Kannada 8 (textbook)', 1, 'easy', 45, 'mcq', 'ಕೊಡಲಿ', 'Which type of word is this?', '["ಅನ್ಯದೇಶ್ಯ", "ತತ್ಸಮ", "ತದ್ಭವ"]'::jsonb, 2, 'ತದ್ಭವ', 'ಕೊಡಲಿ is ತದ್ಭವ — Tadbhava - CHANGED on the way in.');
insert into questions (code, chapter_id, skill_id, source_exam, marks, difficulty, timer_seconds, type, stem_latex, stem_en, options_latex, correct_option, answer_latex, explain_en) values ('kn-g-tatsama-tadb07', (select id from chapters where code='kn-g-tatsama'), 107, 'Siri Kannada 8 (textbook)', 1, 'easy', 45, 'mcq', 'ಬಸವ', 'Which type of word is this?', '["ತತ್ಸಮ", "ತದ್ಭವ", "ಅನ್ಯದೇಶ್ಯ"]'::jsonb, 1, 'ತದ್ಭವ', 'ಬಸವ is ತದ್ಭವ — Tadbhava - CHANGED on the way in.');
insert into questions (code, chapter_id, skill_id, source_exam, marks, difficulty, timer_seconds, type, stem_latex, stem_en, options_latex, correct_option, answer_latex, explain_en) values ('kn-g-tatsama-anya01', (select id from chapters where code='kn-g-tatsama'), 107, 'Siri Kannada 8 (textbook)', 1, 'easy', 45, 'mcq', 'ಅರ್ಜಿ', 'Which type of word is this?', '["ತದ್ಭವ", "ತತ್ಸಮ", "ಅನ್ಯದೇಶ್ಯ"]'::jsonb, 2, 'ಅನ್ಯದೇಶ್ಯ', 'ಅರ್ಜಿ is ಅನ್ಯದೇಶ್ಯ — Anyadeshya - borrowed from ANOTHER language.');
insert into questions (code, chapter_id, skill_id, source_exam, marks, difficulty, timer_seconds, type, stem_latex, stem_en, options_latex, correct_option, answer_latex, explain_en) values ('kn-g-tatsama-anya02', (select id from chapters where code='kn-g-tatsama'), 107, 'Siri Kannada 8 (textbook)', 1, 'easy', 45, 'mcq', 'ಕಚೇರಿ', 'Which type of word is this?', '["ತದ್ಭವ", "ಅನ್ಯದೇಶ್ಯ", "ತತ್ಸಮ"]'::jsonb, 1, 'ಅನ್ಯದೇಶ್ಯ', 'ಕಚೇರಿ is ಅನ್ಯದೇಶ್ಯ — Anyadeshya - borrowed from ANOTHER language.');
insert into questions (code, chapter_id, skill_id, source_exam, marks, difficulty, timer_seconds, type, stem_latex, stem_en, options_latex, correct_option, answer_latex, explain_en) values ('kn-g-tatsama-anya03', (select id from chapters where code='kn-g-tatsama'), 107, 'Siri Kannada 8 (textbook)', 1, 'easy', 45, 'mcq', 'ಕಾರ್ಖಾನೆ', 'Which type of word is this?', '["ತದ್ಭವ", "ಅನ್ಯದೇಶ್ಯ", "ತತ್ಸಮ"]'::jsonb, 1, 'ಅನ್ಯದೇಶ್ಯ', 'ಕಾರ್ಖಾನೆ is ಅನ್ಯದೇಶ್ಯ — Anyadeshya - borrowed from ANOTHER language.');
insert into questions (code, chapter_id, skill_id, source_exam, marks, difficulty, timer_seconds, type, stem_latex, stem_en, options_latex, correct_option, answer_latex, explain_en) values ('kn-g-tatsama-anya04', (select id from chapters where code='kn-g-tatsama'), 107, 'Siri Kannada 8 (textbook)', 1, 'easy', 45, 'mcq', 'ಕೋರ್ಟು', 'Which type of word is this?', '["ಅನ್ಯದೇಶ್ಯ", "ತತ್ಸಮ", "ತದ್ಭವ"]'::jsonb, 0, 'ಅನ್ಯದೇಶ್ಯ', 'ಕೋರ್ಟು is ಅನ್ಯದೇಶ್ಯ — Anyadeshya - borrowed from ANOTHER language.');
insert into questions (code, chapter_id, skill_id, source_exam, marks, difficulty, timer_seconds, type, stem_latex, stem_en, options_latex, correct_option, answer_latex, explain_en) values ('kn-g-tatsama-anya05', (select id from chapters where code='kn-g-tatsama'), 107, 'Siri Kannada 8 (textbook)', 1, 'easy', 45, 'mcq', 'ಬ್ಯಾಂಕು', 'Which type of word is this?', '["ತದ್ಭವ", "ತತ್ಸಮ", "ಅನ್ಯದೇಶ್ಯ"]'::jsonb, 2, 'ಅನ್ಯದೇಶ್ಯ', 'ಬ್ಯಾಂಕು is ಅನ್ಯದೇಶ್ಯ — Anyadeshya - borrowed from ANOTHER language.');
insert into questions (code, chapter_id, skill_id, source_exam, marks, difficulty, timer_seconds, type, stem_latex, stem_en, options_latex, correct_option, answer_latex, explain_en) values ('kn-g-tatsama-anya06', (select id from chapters where code='kn-g-tatsama'), 107, 'Siri Kannada 8 (textbook)', 1, 'easy', 45, 'mcq', 'ಹೋಟೆಲು', 'Which type of word is this?', '["ತದ್ಭವ", "ತತ್ಸಮ", "ಅನ್ಯದೇಶ್ಯ"]'::jsonb, 2, 'ಅನ್ಯದೇಶ್ಯ', 'ಹೋಟೆಲು is ಅನ್ಯದೇಶ್ಯ — Anyadeshya - borrowed from ANOTHER language.');
insert into questions (code, chapter_id, skill_id, source_exam, marks, difficulty, timer_seconds, type, stem_latex, stem_en, options_latex, correct_option, answer_latex, explain_en) values ('kn-g-tatsama-anya07', (select id from chapters where code='kn-g-tatsama'), 107, 'Siri Kannada 8 (textbook)', 1, 'easy', 45, 'mcq', 'ಅಲಮಾರು', 'Which type of word is this?', '["ತದ್ಭವ", "ತತ್ಸಮ", "ಅನ್ಯದೇಶ್ಯ"]'::jsonb, 2, 'ಅನ್ಯದೇಶ್ಯ', 'ಅಲಮಾರು is ಅನ್ಯದೇಶ್ಯ — Anyadeshya - borrowed from ANOTHER language.');
insert into questions (code, chapter_id, skill_id, source_exam, marks, difficulty, timer_seconds, type, stem_latex, stem_en, options_latex, correct_option, answer_latex, explain_en) values ('kn-g-tatsama-anya08', (select id from chapters where code='kn-g-tatsama'), 107, 'Siri Kannada 8 (textbook)', 1, 'easy', 45, 'mcq', 'ಸಾಬೂನು', 'Which type of word is this?', '["ಅನ್ಯದೇಶ್ಯ", "ತದ್ಭವ", "ತತ್ಸಮ"]'::jsonb, 0, 'ಅನ್ಯದೇಶ್ಯ', 'ಸಾಬೂನು is ಅನ್ಯದೇಶ್ಯ — Anyadeshya - borrowed from ANOTHER language.');
insert into questions (code, chapter_id, skill_id, source_exam, marks, difficulty, timer_seconds, type, stem_latex, stem_en, options_latex, correct_option, answer_latex, explain_en) values ('kn-g-tatsama-anya09', (select id from chapters where code='kn-g-tatsama'), 107, 'Siri Kannada 8 (textbook)', 1, 'easy', 45, 'mcq', 'ಮೇಜು', 'Which type of word is this?', '["ಅನ್ಯದೇಶ್ಯ", "ತದ್ಭವ", "ತತ್ಸಮ"]'::jsonb, 0, 'ಅನ್ಯದೇಶ್ಯ', 'ಮೇಜು is ಅನ್ಯದೇಶ್ಯ — Anyadeshya - borrowed from ANOTHER language.');
insert into questions (code, chapter_id, skill_id, source_exam, marks, difficulty, timer_seconds, type, stem_latex, stem_en, options_latex, correct_option, answer_latex, explain_en) values ('kn-l1-ws2', (select id from chapters where code='kn-l1'), 108, 'Siri Kannada 8 (textbook)', 1, 'easy', 45, 'mcq', 'ಮುಸ್ಲೀಮರು ಆಚರಿಸುವ ಧಾರ್ಮಿಕ ಉತ್ಸವ.', 'From the school''s practice worksheet:', '["ಮೊಹರಂ", "ಉರ್ಸ್‌", "ಬಕ್ರೀದ್‌", "ರಂಜಾನ್‌"]'::jsonb, 1, 'ಉರ್ಸ್‌', 'The evidence states ''ಉರ್ಸ್‌'' as a Muslim religious festival.  ▸ ಅಲ್ಲಿ "ಉರ್ಸ್‌'' ಎಂಬ ಮುಸಲ್ಮಾನರ ಧಾರ್ಮಿಕ ಉತ್ಸವದ ಕಾಲದಲ್ಲಿ ಲೇಖಕರ ಮನೆತನದ ಒಬ್ಬ ಪ್ರತಿನಿಧಿ ಇದ್ದೇ ಇರಬೇಕೆಂಬ ಸಂಪ್ರದಾಯವಿತ್ತು');
insert into questions (code, chapter_id, skill_id, source_exam, marks, difficulty, timer_seconds, type, stem_latex, stem_en, options_latex, correct_option, answer_latex, explain_en) values ('kn-l1-ws3', (select id from chapters where code='kn-l1'), 108, 'Siri Kannada 8 (textbook)', 1, 'easy', 45, 'mcq', 'ಜೀವನದಲ್ಲಿ ಆಚರಿಸುವ ಸಂಪ್ರದಾಯಗಳು ಹೀಗೆ ಬಳುವಳಿಯಾಗಿ ಬಂದಿವೆ.,', 'From the school''s practice worksheet:', '["ಪುಸ್ತಕದಿಂದ", "ಓದುವುದರಿಂದ", "ತಲತಲಾಂತರದಿಂದ", "ಆಚರಿಸುವುದರಿಂದ"]'::jsonb, 2, 'ತಲತಲಾಂತರದಿಂದ', 'The evidence mentions ''ತಲತಲಾಂತರದಿಂದ'' as a tradition.  ▸ ನಿಮ್ಮ ಮನೆಯ ಹಬ್ಬದ ಪೂಜೆಯ ಪ್ರಸಾದವನ್ನು ನಾವು ತೆಗೆದುಕೊಳ್ಳುವುದು ತಲತಲಾಂತರದಿಂದ ಬಂದ ಹಳೆಯ ಸಂಪ್ರದಾಯವಾಗಿದೆ.');
insert into questions (code, chapter_id, skill_id, source_exam, marks, difficulty, timer_seconds, type, stem_latex, stem_en, options_latex, correct_option, answer_latex, explain_en) values ('kn-l1-ws4', (select id from chapters where code='kn-l1'), 108, 'Siri Kannada 8 (textbook)', 1, 'easy', 45, 'mcq', '“ "“ಅನಿಷ್ಟ ಮಗ್ಗದ ಹೆಸರೆತ್ತ ಬೇಡಿ'''' -” ಮುಂದುವರೆದ ಭಾಗ.', 'From the school''s practice worksheet:', '["ಮಗ್ಗವಲ್ಲ ಕೊರಳಿಗೆ ಹಗ್ಗ !”", "ಮಗ್ಗವಲ್ಲ ಕೊರಳಿಗೆ ಹಾರ!”", "ಮಗ್ಗವಲ್ಲ ಕೊರಳಿಗೆ ಹಿಗ್ಗು!”", "ಯಾವುದೂ ಅಲ್ಲ"]'::jsonb, 0, 'ಮಗ್ಗವಲ್ಲ ಕೊರಳಿಗೆ ಹಗ್ಗ !”', 'The evidence provides the continuation as ''ಮಗ್ಗವಲ್ಲ ಕೊರಳಿಗೆ ಹಗ್ಗ!''.  ▸ “ಅನಿಷ್ಟ ಮಗ್ಗದ ಹೆಸರೆತ್ತಬೇಡಿ”-“ಮಗ್ಗವಲ್ಲ ಕೊರಳಿಗೆ ಹಗ್ಗ!”');
insert into questions (code, chapter_id, skill_id, source_exam, marks, difficulty, timer_seconds, type, stem_latex, stem_en, options_latex, correct_option, answer_latex, explain_en) values ('kn-l1-ws5', (select id from chapters where code='kn-l1'), 108, 'Siri Kannada 8 (textbook)', 1, 'easy', 45, 'mcq', 'ಮಗ್ಗದ ಸಾಹೇಬ ಪಾಠದ ಲೇಖಕರು.', 'From the school''s practice worksheet:', '["ಬಾಗಲೋಡಿ ದೇವರಾಯ", "ಜಿ.ಎಸ್‌. ಶಿವರುದ್ರಪ್ಪ", "ಕುವೆಂಪು", "ಅನಂತಮೂರ್ತಿ"]'::jsonb, 0, 'ಬಾಗಲೋಡಿ ದೇವರಾಯ', 'The evidence attributes the work to ''ಬಾಗಲೋಡಿ ದೇವರಾಯ''.  ▸ ಈ ವಾಕ್ಯವನ್ನು ಭಾಗಲೋಡಿ ದೇವರಾಯ ಅವರ ಸಮಗ್ರ ಕತೆಗಳು ಎಂಬ ಕಥಾಸಂಕಲನದಿಂದ ಆಯ್ದ “ಮಗ್ಗದ ಸಾಹೇಬ'' ಎಂಬ ಗದ್ಯಭಾಗದಿಂದ ಆರಿಸಲಾಗಿದೆ.');
insert into questions (code, chapter_id, skill_id, source_exam, marks, difficulty, timer_seconds, type, stem_latex, stem_en, options_latex, correct_option, answer_latex, explain_en) values ('kn-l1-ws6', (select id from chapters where code='kn-l1'), 108, 'Siri Kannada 8 (textbook)', 1, 'easy', 45, 'mcq', 'ಹುಸೇನ್‌ ಸಾಹೇಬರು ಇಂತಹ ವ್ಯಕ್ತಿಯಾಗಿದ್ದರು.', 'From the school''s practice worksheet:', '["ಜನಪ್ರಿಯ ಮತ್ತು ಧನವಂತ", "ಜನಪ್ರಿಯ ಮತ್ತುಸಾಧಾರಣ", "ಜನಪ್ರಿಯ ಮತ್ತು ಹಠವಾದಿ", "ಹಠವಾದಿ ಮತ್ತು ಛಲವಾದಿ"]'::jsonb, 0, 'ಜನಪ್ರಿಯ ಮತ್ತು ಧನವಂತ', 'The evidence describes him as ''ಜನಪ್ರಿಯ ಮತ್ತು ಧನವಂತ''.  ▸ ಸಾಹೇಬ್‌ ಬಹಾದ್ದೂರ್‌ ಮಗ್ಗದ ಹುಸೇನ್‌ ಸಾಹೇಬರು ಜನಪ್ರಿಯ ಮತ್ತು ಧನವಂತ ವ್ಯಕ್ತಿಯಾಗಿದ್ದರು.');
insert into questions (code, chapter_id, skill_id, source_exam, marks, difficulty, timer_seconds, type, stem_latex, stem_en, options_latex, correct_option, answer_latex, explain_en) values ('kn-l1-ws7', (select id from chapters where code='kn-l1'), 108, 'Siri Kannada 8 (textbook)', 1, 'easy', 45, 'mcq', 'ಮಗ್ಗದ ಸಾಹೇಬ ಗದ್ಯದ ಕಥಾವಸ್ತು.', 'From the school''s practice worksheet:', '["ಕಥೆಯನ್ನು ಹೇಳುವುದು", "ಸ್ವಯಂ ಉದ್ಯೋಗಕ್ಕೆ ಪ್ರೇರಣೆ ನೀಡುವುದು", "ಮಹಾತ್ಮ ಗಾಂಧಿಯ ಬಗ್ಗೆ ತಿಳಿಸುವುದು", "ಸಂತೋಷ ನೀಡುವುದು"]'::jsonb, 1, 'ಸ್ವಯಂ ಉದ್ಯೋಗಕ್ಕೆ ಪ್ರೇರಣೆ ನೀಡುವುದು', 'The evidence suggests self-employment inspiration.  ▸ ಸಣ್ಣಪ್ರಾಯದಲ್ಲೇ ಮಗ್ಗದ ಸಹಕಾರಿ ಸಂಘವೊಂದನ್ನು ಸ್ಥಾಪಿಸಿ ಅವನೀಗ ಅದರ ಅಧ್ಯಕ್ಷನಾಗಿ ಸಾಕಷ್ಟು ಯಶಸ್ವಿಯೂ ಧನವಂತನೂ ಆದನು.');
insert into questions (code, chapter_id, skill_id, source_exam, marks, difficulty, timer_seconds, type, stem_latex, stem_en, options_latex, correct_option, answer_latex, explain_en) values ('kn-l1-ws8', (select id from chapters where code='kn-l1'), 108, 'Siri Kannada 8 (textbook)', 1, 'easy', 45, 'mcq', 'ವಿಲಾಯತಿ ಪದದ ಅರ್ಥ.', 'From the school''s practice worksheet:', '["ದೇಶ", "ಸ್ವದೇಶ", "ವಿದೇಶ", "ಆದೇಶ"]'::jsonb, 2, 'ವಿದೇಶ', 'The evidence defines ''ವಿಲಾಯತಿ'' as ''ವಿದೇಶ''.  ▸ ವಿಲಾಯತಿ = ವಿದೇಶ, ಅನ್ಯದೇಶ');
insert into questions (code, chapter_id, skill_id, source_exam, marks, difficulty, timer_seconds, type, stem_latex, stem_en, options_latex, correct_option, answer_latex, explain_en) values ('kn-l1-ws9', (select id from chapters where code='kn-l1'), 108, 'Siri Kannada 8 (textbook)', 1, 'easy', 45, 'mcq', 'ರಹೀಮನ ಮನೆಯಲ್ಲಿದ್ದ ಮಗ್ಗಗಳು ಇದರಿಂದ ಆವರಿಸಲ್ಪಟ್ಟಿದ್ದವು.', 'From the school''s practice worksheet:', '["ಬಟ್ಟೆಯಿಂದ", "ಮೋಡದಿಂದ", "ಜೇಡದ ಬಲೆಯಿಂದ", "ನೀರಿನಿಂದ"]'::jsonb, 2, 'ಜೇಡದ ಬಲೆಯಿಂದ', 'The evidence states they were covered by ''ಜೇಡನ ಬಲೆ''.  ▸ ಅವನ ಮಗ್ಗಗಳೆಲ್ಲಾ ಧೂಳು ತುಂಬಿ ಜೇಡನ ಬಲೆಗಳಿಂದ ಹಾಳುಬಿದ್ದವು.');
insert into questions (code, chapter_id, skill_id, source_exam, marks, difficulty, timer_seconds, type, stem_latex, stem_en, options_latex, correct_option, answer_latex, explain_en) values ('kn-l1-ws10', (select id from chapters where code='kn-l1'), 108, 'Siri Kannada 8 (textbook)', 1, 'easy', 45, 'mcq', 'ಇವರ ಪ್ರೇರಣೆಯಿಂದ ಶಾಲೆಗಳಲ್ಲಿ ನವೀನ ಶಿಕ್ಷಣ ಆರಂಭವಾಯಿತು.', 'From the school''s practice worksheet:', '["ಗಡಿನಾಡ ಗಾಂಧಿ", "ಇಂದಿರಾ ಗಾಂಧಿ", "ಮಹಾತ್ಮ ಗಾಂಧಿ", "ರಾಜೀವ್‌ ಗಾಂಂಧಿ"]'::jsonb, 2, 'ಮಹಾತ್ಮ ಗಾಂಧಿ', 'The evidence attributes the initiation to ''ಮಹಾತ್ಮಾ ಗಾಂಧಿ''.  ▸ ಮಹಾತ್ಮಾ ಗಾಂಧಿಯವರ ಪ್ರೇರಣೆಯಿಂದ ಕೆಲವು ಶಾಲೆಗಳಲ್ಲಿ “ನವೀನ ಶಿಕ್ಷಣ” ಆರಂಭವಾಯಿತು.');
insert into questions (code, chapter_id, skill_id, source_exam, marks, difficulty, timer_seconds, type, stem_latex, stem_en, options_latex, correct_option, answer_latex, explain_en) values ('kn-l1-ws11', (select id from chapters where code='kn-l1'), 108, 'Siri Kannada 8 (textbook)', 1, 'easy', 45, 'mcq', 'ಕರೀಮ್‌ನ ಶಾಲೆಯ ಮುಖ್ಯೋಪಾಧ್ಯಾಯರು.', 'From the school''s practice worksheet:', '["ಶಂಕರಪ್ಪ", "ಶಂಕರಗೌಡ", "ಶಂಕರ್‌ ಗೌಡ", "ಶಂಕೇಶ್ವರ"]'::jsonb, 0, 'ಶಂಕರಪ್ಪ', 'The evidence mentions ''ಶಂಕರಪ್ಪ'' in relation to Kareem.  ▸ ಕರೀಮನು ಶಂಕರಪ್ಪನವರಿಗೆ ಹೇಳಿದ್ದಾನೆ.');
insert into questions (code, chapter_id, skill_id, source_exam, marks, difficulty, timer_seconds, type, stem_latex, stem_en, options_latex, correct_option, answer_latex, explain_en) values ('kn-l1-ws12', (select id from chapters where code='kn-l1'), 108, 'Siri Kannada 8 (textbook)', 1, 'easy', 45, 'mcq', 'ಕರೀಮ್‌ ನಾಟಕಕ್ಕೆಂದು ತಾಯಿಯಿಂದ ತೆಗೆದುಕೊಂಡು ಹೋದ ವಸ್ತು.', 'From the school''s practice worksheet:', '["ಸೀರೆ", "ಗೆಜ್ಜೆ", "ಬಳೆ", "ಸರ"]'::jsonb, 3, 'ಸರ', 'The evidence states he took a ''ಚಿನ್ನದ ಸರ''.  ▸ ತಾಯಿಯಿಂದ ಗೌಪ್ಯವಾಗಿ ಹಳೆಕಾಲದ ಚಿನ್ನದ ಸರವನ್ನು ಪಡೆದುಕೊಂಡನು.');
insert into questions (code, chapter_id, skill_id, source_exam, marks, difficulty, timer_seconds, type, stem_latex, stem_en, options_latex, correct_option, answer_latex, explain_en) values ('kn-l1-ws13', (select id from chapters where code='kn-l1'), 108, 'Siri Kannada 8 (textbook)', 1, 'easy', 45, 'mcq', 'ಕರೀಮ್‌ ಶಾಲೆಯಲ್ಲಿ ಆಸಕ್ತಿಯಿಂದ ಕಲಿತ ಕೆಲಸ.', 'From the school''s practice worksheet:', '["ಬಡಗಿ ಕೆಲಸ", "ಕೃಷಿ ಕೆಲಸ", "ಬೆತ್ತದ ಕೆಲಸ", "ಮಗ್ಗದ ಕೆಲಸ"]'::jsonb, 3, 'ಮಗ್ಗದ ಕೆಲಸ', 'The evidence mentions Kareem learned ''ಮಗ್ಗದ ಕೆಲಸ''.  ▸ ಹುಡುಗ ಕರೀಮ್‌ ಮಗ್ಗದ ಕೆಲಸವನ್ನು ಮೀನು ನೀರಿನಲ್ಲಿ ಈಜುವಷ್ಟೇ ಸುಲಭವಾಗಿ ಕಲಿತು');
insert into questions (code, chapter_id, skill_id, source_exam, marks, difficulty, timer_seconds, type, stem_latex, stem_en, options_latex, correct_option, answer_latex, explain_en) values ('kn-l1-ws14', (select id from chapters where code='kn-l1'), 108, 'Siri Kannada 8 (textbook)', 1, 'easy', 45, 'mcq', 'ಮಗ್ಗದಲ್ಲಿ ಸಾಧನೆ ಮಾಡಿದ್ದರ ಫಲಸ್ವರೂಪವಾಗಿ ಸರಕಾರದಿಂದ ಕರೀಮನಿಗೆ ದೊರೆತ ಬಹುಮಾನ .', 'From the school''s practice worksheet:', '["ಬೆಳ್ಳಿಯ ಪದಕ ಮತ್ತು ನೂರು ರೂಪಾಯಿ", "ಬೆಳ್ಳಿಯ ಪದಕ ಮತ್ತು ಇನ್ನೂರು ರೂಪಾಯಿ", "ಚಿನ್ನದ ಪದಕ ಮತ್ತು ನೂರು ರೂಪಾಯಿ", "ಚಿನ್ನದ ಪದಕ ಮತ್ತು ಇನ್ನೂರು ರೂಪಾಯಿ"]'::jsonb, 0, 'ಬೆಳ್ಳಿಯ ಪದಕ ಮತ್ತು ನೂರು ರೂಪಾಯಿ', 'The evidence states he received ''ಬೆಳ್ಳಿಯ ಪದಕ ಮತ್ತು ನೂರು ರೂಪಾಯಿ''.  ▸ ಅವನಿಗೆ ಒಂದು ಬೆಳ್ಳಿಯ ಪದಕವೂ ಒಂದು ನೂರು ರೂಪಾಯಿಯ ಬಹುಮಾನವೂ ದೊರೆಯಿತು.');
insert into questions (code, chapter_id, skill_id, source_exam, marks, difficulty, timer_seconds, type, stem_latex, stem_en, options_latex, correct_option, answer_latex, explain_en) values ('kn-l1-ws15', (select id from chapters where code='kn-l1'), 108, 'Siri Kannada 8 (textbook)', 1, 'easy', 45, 'mcq', '"ಮಗ್ಗದ ಸಾಹೇಬ'' ಗದ್ಯದ ಲೇಖಕರಾದ “ಬಾಗಲೋಡಿ ದೇವರಾಯ''ರ ಊರು.', 'From the school''s practice worksheet:', '["ಬಾಗಲೂರು", "ಬೈಂದೂರು", "ಬೆಂಗಳೂರು", "ಬಾಗಲೋಡಿ"]'::jsonb, 3, 'ಬಾಗಲೋಡಿ', 'The author''s surname is his village — Bagalodi, in Dakshina Kannada district.  ▸ ಬಾಗಲೋಡಿ ದೇವರಾಯ ಅವರು ದಕ್ಷಿಣ ಕನ್ನಡ ಜಿಲ್ಲೆಯ ಬಾಗಲೋಡಿಯವರು. (textbook, ಕೃತಿಕಾರರ ಪರಿಚಯ)');
insert into questions (code, chapter_id, skill_id, source_exam, marks, difficulty, timer_seconds, type, stem_latex, stem_en, options_latex, correct_option, answer_latex, explain_en) values ('kn-l1-ws16', (select id from chapters where code='kn-l1'), 108, 'Siri Kannada 8 (textbook)', 1, 'easy', 45, 'mcq', 'ಕರೀಮನಿಗೆ ರಾಷ್ಟ್ರಪತಿಗಳು ನೀಡಿದ ಅತ್ಯುನ್ನತ ಪ್ರಶಸ್ತಿ.', 'From the school''s practice worksheet:', '["ಜ್ಞಾನಪೀಠ", "ಪದ್ಮವಿಭೂಷಣ", "ಪದ್ಮಭೂಷಣ", "ನೊಬೆಲ್‌"]'::jsonb, 2, 'ಪದ್ಮಭೂಷಣ', 'The evidence defines ''ಪದ್ಮಭೂಷಣ'' as a prestigious award.  ▸ ಪದ್ಮಭೂಷಣ: ಕಲೆ, ವಿಜ್ಞಾನ, ಸಮಾಜಸೇವೆ, ಕ್ರೀಡೆ ಮುಂತಾದ ಕ್ಷೇತ್ರದಲ್ಲಿ ವಿಶೇಷ ಸಾಧನೆ ಮಾಡಿದ ಸಾಧಕರಿಗೆ ಭಾರತ ಸರ್ಕಾರ ನೀಡುವ ಮೌಲಿ');
insert into questions (code, chapter_id, skill_id, source_exam, marks, difficulty, timer_seconds, type, stem_latex, stem_en, options_latex, correct_option, answer_latex, explain_en) values ('kn-l1-ws17', (select id from chapters where code='kn-l1'), 108, 'Siri Kannada 8 (textbook)', 1, 'easy', 45, 'mcq', '"ಹಸನ್ಮುಖಿ'''' ಪದದ ಅರ್ಥ.', 'From the school''s practice worksheet:', '["ಅಳುಮುಂಜಿ", "ನಗು ಮುಖದವನು", "ಅಳು ಮುಖದವನು", "ಕೋಪದ ಮುಖದವನು"]'::jsonb, 1, 'ನಗು ಮುಖದವನು', 'The evidence defines ''ಹಸನ್ಮುಖಿ'' as ''ನಗುಮುಖ''.  ▸ ಹಸನ್ಮುಖಿ = ನಗುಮುಖ ಉಳ್ಳವನು');
insert into questions (code, chapter_id, skill_id, source_exam, marks, difficulty, timer_seconds, type, stem_latex, stem_en, options_latex, correct_option, answer_latex, explain_en) values ('kn-l1-ws೨೧', (select id from chapters where code='kn-l1'), 108, 'Siri Kannada 8 (textbook)', 1, 'easy', 45, 'mcq', '“ಕಳೇಬರ'''' ಪದದ ಅರ್ಥ.', 'From the school''s practice worksheet:', '["ದೇಹ", "ಹೆಣ", "ಶರೀರ", "ಹಣೆಬರಹ"]'::jsonb, 1, 'ಹೆಣ', 'The evidence defines ''ಕಳೇಬರ'' as ''ಹೆಣ''.  ▸ ಕಳೇಬರ = ಮೃತ ದೇಹ/ಶರೀರ');
insert into questions (code, chapter_id, skill_id, source_exam, marks, difficulty, timer_seconds, type, stem_latex, stem_en, options_latex, correct_option, answer_latex, explain_en) values ('kn-l5-ws30', (select id from chapters where code='kn-l5'), 109, 'Siri Kannada 8 (textbook)', 1, 'easy', 45, 'mcq', 'ಉಡುಪಿ ಜಿಲ್ಲೆಯ ಒಂದು ತಾಲೂಕು ಕೇಂದ್ರ', 'From the school''s practice worksheet:', '["ಹಳೇಬಿಡು", "ಬೇಲೂರು", "ಕಾರಕಳ", "ಬೆಳಗೋಳ"]'::jsonb, 2, 'ಕಾರಕಳ', 'Evidence states ಕಾರ್ಕಳ is a taluk center in Udupi district.  ▸ ಕಾರಕಳ = ಕಾರ್ಕಳ (ಉಡುಪಿ ಜಿಲ್ಲೆಯ ಒಂದು ತಾಲೂಕು ಕೇಂದ್ರ)');
insert into questions (code, chapter_id, skill_id, source_exam, marks, difficulty, timer_seconds, type, stem_latex, stem_en, options_latex, correct_option, answer_latex, explain_en) values ('kn-l5-ws38', (select id from chapters where code='kn-l5'), 109, 'Siri Kannada 8 (textbook)', 1, 'easy', 45, 'mcq', 'ನಂದಿನಿ ಎಂದರೆ', 'From the school''s practice worksheet:', '["ಸುಗಂಧ", "ಹಾಲು", "ಹುಡುಗಿ", "ಗೋವು"]'::jsonb, 3, 'ಗೋವು', 'Evidence states ನಂದಿನಿ means cow.  ▸ ನಂದಿನಿ = ಗೋವು');
insert into questions (code, chapter_id, skill_id, source_exam, marks, difficulty, timer_seconds, type, stem_latex, stem_en, options_latex, correct_option, answer_latex, explain_en) values ('kn-l5-ws43', (select id from chapters where code='kn-l5'), 109, 'Siri Kannada 8 (textbook)', 1, 'easy', 45, 'mcq', 'ತನ್ನ ಕಂಪನ್ನು ಹೊರಗಡೆ ಹುಡುಕುವ ಪ್ರಾಣಿ', 'From the school''s practice worksheet:', '["ಕಸ್ತೂರಿ ಮೃಗ", "ಉರಗ", "ಮೃಗ", "ಮನುಷ್ಯ"]'::jsonb, 0, 'ಕಸ್ತೂರಿ ಮೃಗ', 'Evidence states ಕಸ್ತೂರಿ ಮೃಗ searches for its scent outside.  ▸ ನಮ್ಮ ಪಾಡು ಪರರ

ನುಡಿಗೆ ಮಿಡುಕುವುದು ಅಂದರೆ ಸಂಕೋಚದ ಸ್ವಭಾವದ ಕಸ್ತೂರಿ ಮೃಗವು ಅಂತರಂಗದ ಕಂಪನು
ಅರಿಯದೆ ಹೊರಗೆ ಹುಡುಕುವಂತೆ');

-- tap-to-match questions (no Kannada typing needed)
insert into questions (code, chapter_id, skill_id, source_exam, marks, difficulty, timer_seconds, type, stem_latex, stem_en, match_pairs, answer_latex) values ('kn-l1-match1', (select id from chapters where code='kn-l1'), 101, 'Siri Kannada 8 (textbook)', 5, 'medium', 150, 'match', '', 'Match each word to its meaning', '[{"left": "ಅಭೀಷ್ಟ", "right": "ಬಯಸಿದ್ದು"}, {"left": "ಆಧಿಪತ್ಯ", "right": "ಯಜಮಾನಿಕೆ"}, {"left": "ಗಣಿಸದೆ", "right": "ಲೆಕ್ಕಿಸದೆ"}, {"left": "ಚಿಂದಿ", "right": "ಚೂರು"}, {"left": "ಪ್ರಶಂಸೆ", "right": "ಹೊಗಳಿಕೆ"}]'::jsonb, 'ಅಭೀಷ್ಟ = ಬಯಸಿದ್ದು; ಆಧಿಪತ್ಯ = ಯಜಮಾನಿಕೆ; ಗಣಿಸದೆ = ಲೆಕ್ಕಿಸದೆ; ಚಿಂದಿ = ಚೂರು; ಪ್ರಶಂಸೆ = ಹೊಗಳಿಕೆ');
insert into questions (code, chapter_id, skill_id, source_exam, marks, difficulty, timer_seconds, type, stem_latex, stem_en, match_pairs, answer_latex) values ('kn-l1-match2', (select id from chapters where code='kn-l1'), 101, 'Siri Kannada 8 (textbook)', 5, 'medium', 150, 'match', '', 'Match each word to its meaning', '[{"left": "ವಿಲಾಯತಿ", "right": "ವಿದೇಶ, ಅನ್ಯದೇಶ"}, {"left": "ಆಚ್ಛಾದಿತ", "right": "ಮುಚ್ಚಲ್ಪಟ್ಟ"}, {"left": "ಕಳೇಬರ", "right": "ಮೃತ ದೇಹ/ಶರೀರ"}, {"left": "ಗೌಪ್ಯ", "right": "ಗುಟ್ಟು, ರಹಸ್ಯ"}, {"left": "ಪರಿವರ್ತನೆ", "right": "ಬದಲಾವಣೆ"}]'::jsonb, 'ವಿಲಾಯತಿ = ವಿದೇಶ, ಅನ್ಯದೇಶ; ಆಚ್ಛಾದಿತ = ಮುಚ್ಚಲ್ಪಟ್ಟ; ಕಳೇಬರ = ಮೃತ ದೇಹ/ಶರೀರ; ಗೌಪ್ಯ = ಗುಟ್ಟು, ರಹಸ್ಯ; ಪರಿವರ್ತನೆ = ಬದಲಾವಣೆ');
insert into questions (code, chapter_id, skill_id, source_exam, marks, difficulty, timer_seconds, type, stem_latex, stem_en, match_pairs, answer_latex) values ('kn-l5-match1', (select id from chapters where code='kn-l5'), 102, 'Siri Kannada 8 (textbook)', 5, 'medium', 150, 'match', '', 'Match each word to its meaning', '[{"left": "ಆಳ್ವೆ", "right": "ಆಳುವೆ"}, {"left": "ಒಸಗೆ", "right": "ಸಂತೋಷ, ಶುಭವಾರ್ತೆ"}, {"left": "ಕಾರಕಳ", "right": "ಕಾರ್ಕಳ (ಉಡುಪಿ ಜಿಲ್ಲೆಯ ಒಂದು ತಾಲೂಕು ಕೇಂದ್ರ)"}, {"left": "ಕೆನೆ", "right": "ಸಾರ, ತಿರುಳು"}, {"left": "ತಾಳ್ವೆ", "right": "ಸಹಿಸುವೆ"}]'::jsonb, 'ಆಳ್ವೆ = ಆಳುವೆ; ಒಸಗೆ = ಸಂತೋಷ, ಶುಭವಾರ್ತೆ; ಕಾರಕಳ = ಕಾರ್ಕಳ (ಉಡುಪಿ ಜಿಲ್ಲೆಯ ಒಂದು ತಾಲೂಕು ಕೇಂದ್ರ); ಕೆನೆ = ಸಾರ, ತಿರುಳು; ತಾಳ್ವೆ = ಸಹಿಸುವೆ');
insert into questions (code, chapter_id, skill_id, source_exam, marks, difficulty, timer_seconds, type, stem_latex, stem_en, match_pairs, answer_latex) values ('kn-l5-match2', (select id from chapters where code='kn-l5'), 102, 'Siri Kannada 8 (textbook)', 5, 'medium', 150, 'match', '', 'Match each word to its meaning', '[{"left": "ತೃಷೆ", "right": "ಬಾಯಾರಿಕೆ"}, {"left": "ದಿವಂ", "right": "ಆಕಾಶ"}, {"left": "ನಗಾಳಿ", "right": "ಪರ್ವತಗಳ ಸಮೂಹ"}, {"left": "ನಿಡುಕರು", "right": "ನಿಡಿದಾಗಿ ನಿಂತಿರುವ ಗೊಮ್ಮಟ ಮೂರ್ತಿ"}, {"left": "ಬಸಿರು", "right": "ಗರ್ಭ, ಗರ್ಭಾಶಯ"}]'::jsonb, 'ತೃಷೆ = ಬಾಯಾರಿಕೆ; ದಿವಂ = ಆಕಾಶ; ನಗಾಳಿ = ಪರ್ವತಗಳ ಸಮೂಹ; ನಿಡುಕರು = ನಿಡಿದಾಗಿ ನಿಂತಿರುವ ಗೊಮ್ಮಟ ಮೂರ್ತಿ; ಬಸಿರು = ಗರ್ಭ, ಗರ್ಭಾಶಯ');
insert into questions (code, chapter_id, skill_id, source_exam, marks, difficulty, timer_seconds, type, stem_latex, stem_en, match_pairs, answer_latex) values ('kn-l5-match3', (select id from chapters where code='kn-l5'), 102, 'Siri Kannada 8 (textbook)', 5, 'medium', 150, 'match', '', 'Match each word to its meaning', '[{"left": "ಬಿಳಿಯ ಕೊಳ", "right": "ಬೆಳಗೊಳ, ಶ್ರವಣಬೆಳಗೊಳ"}, {"left": "ಬೇಲನಾಡು", "right": "ಬೇಲೂರು"}, {"left": "ಮೊಗ", "right": "ಮುಖ"}, {"left": "ಲತೆ", "right": "ಬಳ್ಳಿ"}, {"left": "ಶರ್ವ", "right": "ನೃಪತುಂಗನ ಮತ್ತೊಂದು ಹೆಸರು"}]'::jsonb, 'ಬಿಳಿಯ ಕೊಳ = ಬೆಳಗೊಳ, ಶ್ರವಣಬೆಳಗೊಳ; ಬೇಲನಾಡು = ಬೇಲೂರು; ಮೊಗ = ಮುಖ; ಲತೆ = ಬಳ್ಳಿ; ಶರ್ವ = ನೃಪತುಂಗನ ಮತ್ತೊಂದು ಹೆಸರು');

-- concept cards (English explanation, Kannada term alongside)
insert into concept_sections (chapter_id, idx, title, tier, why, body) values ((select id from chapters where code='kn-g-varnamale'), 1, 'ವರ್ಣಮಾಲೆ — Varnamale - the alphabet', '*', 'Taught with the lesson; rarely asked directly.', '[{"kind": "p", "text": "Kannada letters fall into three groups. SVARA (ಸ್ವರ) are vowels - they can be spoken on their own. VYANJANA (ವ್ಯಂಜನ) are consonants - they need a vowel before they can be spoken. YOGAVAHA (ಯೋಗವಾಹ) are the two that ''ride along'': anusvara (ಅಂ) and visarga."}, {"kind": "warn", "text": "From the textbook: Part 1, p.8 (with Lesson 1)."}]'::jsonb);
insert into concept_sections (chapter_id, idx, title, tier, why, body) values ((select id from chapters where code='kn-g-gunitakshara'), 1, 'ಗುಣಿತಾಕ್ಷರ — Gunitakshara - consonant + vowel', '*', 'Taught with the lesson; rarely asked directly.', '[{"kind": "p", "text": "A bare consonant cannot form a word. Give it a vowel and you get a GUNITAKSHARA. ದ್ + ಏ = ದೇ, ವ್ + ಅ = ವ, ರ್ + ಉ = ರು, which together make the real word ದೇವರು. Every consonant takes 16 vowels, so it has 16 gunitaksharas. When two or more CONSONANTS join instead (ಅಪ್ಪ, ಅಮ್ಮ, ಅಸ್ತ್ರ) that is a SAMYUKTAKSHARA."}, {"kind": "warn", "text": "From the textbook: Part 1, p.52 (with Lesson 5)."}]'::jsonb);
insert into concept_sections (chapter_id, idx, title, tier, why, body) values ((select id from chapters where code='kn-g-sandhi'), 1, 'ಸಂಧಿ — Sandhi - joining two words', '***', 'Appeared in 41 of the 49 real Kannada papers.', '[{"kind": "p", "text": "When two words are said one after the other with no pause, they merge into a single word. That merging is SANDHI. The meaning of the two words must survive the join. Three things can happen at the seam - a letter is dropped, a letter is added, or a letter is swapped - and the sandhi is named after whichever happened."}, {"kind": "key", "text": "ಲೋಪಸಂಧಿ — Lopa - a letter is DROPPED"}, {"kind": "p", "text": "A vowel meets a vowel, and the first vowel disappears."}, {"kind": "eg", "lines": ["ಊರು + ಊರು  →  ಊರೂರು", "ಬಲ್ಲನು + ಎಂದು  →  ಬಲ್ಲನೆಂದು", "ಊರು + ಇಂದ  →  ಊರಿಂದ"]}, {"kind": "key", "text": "ಆಗಮಸಂಧಿ — Agama - a letter is ADDED"}, {"kind": "p", "text": "A vowel meets a vowel, and a NEW ಯ್ or ವ್ is slipped in between them."}, {"kind": "eg", "lines": ["ಮನೆ + ಅಲ್ಲಿ  →  ಮನೆಯಲ್ಲಿ", "ಕೈ + ಅನ್ನು  →  ಕೈಯನ್ನು", "ಚಳಿ + ಇಂದ  →  ಚಳಿಯಿಂದ", "ಗುರು + ಅನ್ನು  →  ಗುರುವನ್ನು", "ಪುಸ್ತಕ + ಅನ್ನು  →  ಪುಸ್ತಕವನ್ನು"]}, {"kind": "key", "text": "ಆದೇಶಸಂಧಿ — Adesha - a letter is REPLACED"}, {"kind": "p", "text": "The consonant that starts the second word is swapped for another. ಕ ತ ಪ become ಗ ದ ಬ."}, {"kind": "eg", "lines": ["ಮಳೆ + ಕಾಲ  →  ಮಳೆಗಾಲ", "ಹುಲ್ಲು + ಕಾವಲು  →  ಹುಲ್ಲುಗಾವಲು", "ಮೈ + ತೊಳೆ  →  ಮೈದೊಳೆ", "ಕೆನೆ + ಪಾಲ್  →  ಕೆನೆವಾಲ್"]}, {"kind": "key", "text": "ಪ್ರಕೃತಿಭಾವ — Prakrutibhava - NO sandhi happens"}, {"kind": "p", "text": "A vowel meets a vowel, but the words refuse to join - because joining them would wreck the meaning."}, {"kind": "eg", "lines": ["ಅಯ್ಯೋ + ಇದೇನು  →  (stays apart)", "ಅಕ್ಕ + ಇತ್ತಬಾ  →  (stays apart)"]}, {"kind": "warn", "text": "From the textbook: Part 2, p.19-21."}]'::jsonb);
insert into concept_sections (chapter_id, idx, title, tier, why, body) values ((select id from chapters where code='kn-g-samasa'), 1, 'ಸಮಾಸ — Samasa - compound words', '**', 'Appeared in 19 of the 49 real Kannada papers.', '[{"kind": "p", "text": "Two or more meaningful words fuse into ONE word, and the case-ending of the first word drops away. Splitting the compound back into its parts is called VIGRAHA VAKYA. Joining a Kannada word to a Sanskrit word is considered a fault, called ARISAMASA."}, {"kind": "key", "text": "ತತ್ಪುರುಷ ಸಮಾಸ — Tatpurusha - the SECOND word carries the meaning"}, {"kind": "eg", "lines": ["ವಯಸ್ಸಿನಿಂದ + ವೃದ್ಧ  →  ವಯೋವೃದ್ಧ", "ಹಗಲಿನಲ್ಲಿ + ಕನಸು  →  ಹಗಲುಗನಸು"]}, {"kind": "key", "text": "ಕರ್ಮಧಾರಯ ಸಮಾಸ — Karmadharaya - the FIRST word describes the second"}, {"kind": "eg", "lines": ["ಹಿರಿದು + ಮರ  →  ಹೆಮ್ಮರ", "ಮೆಲ್ಲಿತು + ನುಡಿ  →  ಮೆಲ್ನುಡಿ", "ದಿವ್ಯವಾದ + ಪ್ರಕಾಶ  →  ದಿವ್ಯಪ್ರಕಾಶ"]}, {"kind": "key", "text": "ದ್ವಿಗು ಸಮಾಸ — Dvigu - the FIRST word is a NUMBER"}, {"kind": "eg", "lines": ["ಮೂರು + ಮಡಿ  →  ಮುಮ್ಮಡಿ", "ನಾಲ್ಕು + ದೆಸೆ  →  ನಾಲ್ದೆಸೆ", "ಪಂಚಗಳಾದ + ಇಂದ್ರಿಯ  →  ಪಂಚೇಂದ್ರಿಯ"]}, {"kind": "warn", "text": "From the textbook: Part 2, p.30-31."}]'::jsonb);
insert into concept_sections (chapter_id, idx, title, tier, why, body) values ((select id from chapters where code='kn-g-tatsama'), 1, 'ತತ್ಸಮ – ತದ್ಭವ — Tatsama - Tadbhava (words borrowed from Sanskrit)', '***', 'Appeared in 27 of the 49 real Kannada papers.', '[{"kind": "p", "text": "TATSAMA (ತತ್ = ''that'', ಸಮ = ''same'') are Sanskrit words that entered Kannada UNCHANGED. TADBHAVA (ತತ್ = ''from that'', ಭವ = ''born'') are Sanskrit words that CHANGED - a little or a lot - on the way in. And words borrowed from other languages entirely (English, Hindustani, Portuguese) are ANYADESHYA."}, {"kind": "key", "text": "ತತ್ಸಮ — Tatsama - came in UNCHANGED"}, {"kind": "eg", "lines": ["ರಾಮ", "ಭೀಮ", "ವಸಂತ", "ಚಂದ್ರ", "ಸ್ತ್ರೀ"]}, {"kind": "key", "text": "ತದ್ಭವ — Tadbhava - CHANGED on the way in"}, {"kind": "eg", "lines": ["ಸಿರಿ", "ಬಾವಿ", "ದನಿ", "ಬಸದಿ", "ಬೇಸಗೆ", "ಕೊಡಲಿ", "ಬಸವ"]}, {"kind": "key", "text": "ಅನ್ಯದೇಶ್ಯ — Anyadeshya - borrowed from ANOTHER language"}, {"kind": "eg", "lines": ["ಅರ್ಜಿ", "ಕಚೇರಿ", "ಕಾರ್ಖಾನೆ", "ಕೋರ್ಟು", "ಬ್ಯಾಂಕು", "ಹೋಟೆಲು", "ಅಲಮಾರು", "ಸಾಬೂನು", "ಮೇಜು"]}, {"kind": "warn", "text": "From the textbook: Part 1, p.45-46."}]'::jsonb);
insert into concept_sections (chapter_id, idx, title, tier, why, body) values ((select id from chapters where code='kn-l1'), 1, 'ಪದಗಳ ಅರ್ಥ — Word meanings', '***', 'Word meanings appeared in 33 of the 49 real Kannada papers.', '[{"kind": "p", "text": "The textbook gives 12 ಪದಗಳ ಅರ್ಥ (word meanings) for this lesson. Word meanings came up in 33 of the 49 real papers, so these are worth knowing cold."}, {"kind": "tbl", "head": ["ಪದ (word)", "ಅರ್ಥ (meaning)"], "rows": [["ಅಭೀಷ್ಟ", "ಬಯಸಿದ್ದು"], ["ಆಧಿಪತ್ಯ", "ಯಜಮಾನಿಕೆ"], ["ಗಣಿಸದೆ", "ಲೆಕ್ಕಿಸದೆ"], ["ಚಿಂದಿ", "ಚೂರು"], ["ಪ್ರಶಂಸೆ", "ಹೊಗಳಿಕೆ"], ["ವಿಲಾಯತಿ", "ವಿದೇಶ, ಅನ್ಯದೇಶ"], ["ಆಚ್ಛಾದಿತ", "ಮುಚ್ಚಲ್ಪಟ್ಟ"], ["ಕಳೇಬರ", "ಮೃತ ದೇಹ/ಶರೀರ"], ["ಗೌಪ್ಯ", "ಗುಟ್ಟು, ರಹಸ್ಯ"], ["ಪರಿವರ್ತನೆ", "ಬದಲಾವಣೆ"], ["ಭಿಕಾರಿ", "ನಿರ್ಗತಿಕ"], ["ಹಸನ್ಮುಖಿ", "ನಗುಮುಖ ಉಳ್ಳವನು"]]}, {"kind": "key", "text": "ಟಿಪ್ಪಣಿ — notes"}, {"kind": "eg", "lines": ["ಸಾಹೇಬ್ ಬಹಾದ್ದೂರ್ : ಮೊಗಲ್ ರಾಜರ ಆಳ್ವಿಕೆಯ ಸಂದರ್ಭದಲ್ಲಿ ಸಮಾಜದ ಗಣ್ಯ ವ್ಯಕ್ತಿಗಳಿಗೆ ಕೊಡುತ್ತಿದ್ದ ಗೌರವ ಪೂರ್ವಕ ಬಿರುದು", "ಉರುಸ್ : ಮಹಮದೀಯ ಸಾಧುಗಳ ಪುಣ್ಯತಿಥಿ ಮತ್ತು ಅಂದು ನಡೆಸುವ ಜಾತ್ರೆ", "ಪದ್ಮಭೂಷಣ : ಕಲೆ, ವಿಜ್ಞಾನ, ಸಮಾಜಸೇವೆ, ಕ್ರೀಡೆ ಮುಂತಾದ ಕ್ಷೇತ್ರದಲ್ಲಿ ವಿಶೇಷ ಸಾಧನೆ ಮಾಡಿದ ಸಾಧಕರಿಗೆ ಭಾರತ ಸರ್ಕಾರ ನೀಡುವ ಮೌಲಿಕ ಪ್ರಶಸ್ತಿ"]}]'::jsonb);
insert into concept_sections (chapter_id, idx, title, tier, why, body) values ((select id from chapters where code='kn-l5'), 1, 'ಪದಗಳ ಅರ್ಥ — Word meanings', '***', 'Word meanings appeared in 33 of the 49 real Kannada papers.', '[{"kind": "p", "text": "The textbook gives 17 ಪದಗಳ ಅರ್ಥ (word meanings) for this lesson. Word meanings came up in 33 of the 49 real papers, so these are worth knowing cold."}, {"kind": "tbl", "head": ["ಪದ (word)", "ಅರ್ಥ (meaning)"], "rows": [["ಆಳ್ವೆ", "ಆಳುವೆ"], ["ಒಸಗೆ", "ಸಂತೋಷ, ಶುಭವಾರ್ತೆ"], ["ಕಾರಕಳ", "ಕಾರ್ಕಳ (ಉಡುಪಿ ಜಿಲ್ಲೆಯ ಒಂದು ತಾಲೂಕು ಕೇಂದ್ರ)"], ["ಕೆನೆ", "ಸಾರ, ತಿರುಳು"], ["ತಾಳ್ವೆ", "ಸಹಿಸುವೆ"], ["ತೃಷೆ", "ಬಾಯಾರಿಕೆ"], ["ದಿವಂ", "ಆಕಾಶ"], ["ನಗಾಳಿ", "ಪರ್ವತಗಳ ಸಮೂಹ"], ["ನಿಡುಕರು", "ನಿಡಿದಾಗಿ ನಿಂತಿರುವ ಗೊಮ್ಮಟ ಮೂರ್ತಿ"], ["ಬಸಿರು", "ಗರ್ಭ, ಗರ್ಭಾಶಯ"], ["ಬಿಳಿಯ ಕೊಳ", "ಬೆಳಗೊಳ, ಶ್ರವಣಬೆಳಗೊಳ"], ["ಬೇಲನಾಡು", "ಬೇಲೂರು"], ["ಮೊಗ", "ಮುಖ"], ["ಲತೆ", "ಬಳ್ಳಿ"], ["ಶರ್ವ", "ನೃಪತುಂಗನ ಮತ್ತೊಂದು ಹೆಸರು"], ["ಸುರಭಿ", "ಸುಗಂಧ, ಸುವಾಸನೆ"], ["ನಂದಿನಿ", "ಗೋವು"]]}, {"kind": "key", "text": "ಟಿಪ್ಪಣಿ — notes"}, {"kind": "eg", "lines": ["ಖಗ : ಖ = ಆಕಾಶ, ಗ = ಗಮಿಸುವುದು; ಆಕಾಶದಲ್ಲಿ ಸಂಚರಿಸುವುದು - ಪಕ್ಷಿ", "ನಗಾಳಿ : ನಗ = ಪರ್ವತ; ಆಳಿ = ಸಮೂಹ; ಪರ್ವತಗಳ ಸಮೂಹ", "ಖಗಮೃಗೋರಗಾಳಿ : ಖಗ = ಪಕ್ಷಿ; ಮೃಗ = ಪ್ರಾಣಿ; ಉರಗ = ಹಾವು; ಆಳಿ = ಸಮೂಹ"]}]'::jsonb);

commit;
-- GENERATED by content/tools/gen_science_seed.py — do not edit by hand.
-- Source: NCERT 'Curiosity' Grade 8. Scope is exactly the test syllabus:
--   Chemistry ch.7  7.1-7.2 only (book p.98-106)
--   Biology   ch.2  the cell and its organelles only (NOT microorganisms)
--   Physics   ch.10 Light (whole chapter)
-- Every answer is backed by a verbatim sentence from the chapter, then human-reviewed.

begin;
insert into subjects (code, name, script) values ('science','Science','latin') on conflict (code) do nothing;
delete from questions where chapter_id in (select c.id from chapters c join subjects s on s.id=c.subject_id where s.code='science');
delete from concept_sections where chapter_id in (select c.id from chapters c join subjects s on s.id=c.subject_id where s.code='science');
delete from skills where id >= 200 and id < 300;
delete from chapters where subject_id = (select id from subjects where code='science');

-- chapters
insert into chapters (code, number, title, book, subject_id) values ('sci-chem', 7, 'Chemistry — Particulate Nature of Matter (7.1–7.2)', 'NCERT Curiosity, Grade 8', (select id from subjects where code='science'));
insert into chapters (code, number, title, book, subject_id) values ('sci-bio', 2, 'Biology — The Invisible Living World — the Cell', 'NCERT Curiosity, Grade 8', (select id from subjects where code='science'));
insert into chapters (code, number, title, book, subject_id) values ('sci-phys', 10, 'Physics — Light', 'NCERT Curiosity, Grade 8', (select id from subjects where code='science'));

-- skills (tier counted from the 59 real Science papers)
insert into skills (id, chapter_id, name, exams_seen_in, total_exams, tier) values (201, (select id from chapters where code='sci-chem'), 'Particles of matter', 2, 59, '*');
insert into skills (id, chapter_id, name, exams_seen_in, total_exams, tier) values (202, (select id from chapters where code='sci-chem'), 'States of matter: solid, liquid, gas', 2, 59, '*');
insert into skills (id, chapter_id, name, exams_seen_in, total_exams, tier) values (203, (select id from chapters where code='sci-bio'), 'Cell structure', 29, 59, '**');
insert into skills (id, chapter_id, name, exams_seen_in, total_exams, tier) values (204, (select id from chapters where code='sci-bio'), 'Cell organelles and their functions', 29, 59, '**');
insert into skills (id, chapter_id, name, exams_seen_in, total_exams, tier) values (205, (select id from chapters where code='sci-bio'), 'Plant cell vs animal cell', 29, 59, '**');
insert into skills (id, chapter_id, name, exams_seen_in, total_exams, tier) values (206, (select id from chapters where code='sci-phys'), 'Laws of reflection', 30, 59, '***');
insert into skills (id, chapter_id, name, exams_seen_in, total_exams, tier) values (207, (select id from chapters where code='sci-phys'), 'Spherical mirrors', 30, 59, '***');
insert into skills (id, chapter_id, name, exams_seen_in, total_exams, tier) values (208, (select id from chapters where code='sci-phys'), 'Lenses', 30, 59, '***');
insert into skills (id, chapter_id, name, exams_seen_in, total_exams, tier) values (209, (select id from chapters where code='sci-phys'), 'Image characteristics', 30, 59, '***');
insert into skills (id, chapter_id, name, exams_seen_in, total_exams, tier) values (210, (select id from chapters where code='sci-chem'), 'Textbook fine print (Chemistry)', 2, 59, '*');
insert into skills (id, chapter_id, name, exams_seen_in, total_exams, tier) values (211, (select id from chapters where code='sci-bio'), 'Textbook fine print (Biology)', 29, 59, '**');
insert into skills (id, chapter_id, name, exams_seen_in, total_exams, tier) values (212, (select id from chapters where code='sci-phys'), 'Textbook fine print (Physics)', 30, 59, '***');

-- questions
insert into questions (code, chapter_id, skill_id, source_exam, marks, difficulty, timer_seconds, type, stem_latex, stem_en, options_latex, correct_option, answer_latex, explain_en) values ('sci-chem-q001', (select id from chapters where code='sci-chem'), 201, 'NCERT Curiosity Grade 8', 1, 'easy', 60, 'mcq', 'What are the basic building blocks of chalk called?', null, '["Constituent particles", "Atoms", "Molecules", "Grains"]'::jsonb, 0, 'Constituent particles', 'Constituent particles are the smallest units that make up chalk.  ▸ Textbook: These units are called constituent particles of chalk.');
insert into questions (code, chapter_id, skill_id, source_exam, marks, difficulty, timer_seconds, type, stem_latex, stem_en, options_latex, correct_option, answer_latex, explain_en) values ('sci-chem-q002', (select id from chapters where code='sci-chem'), 201, 'NCERT Curiosity Grade 8', 1, 'easy', 60, 'mcq', 'What happens to sugar when it dissolves in water?', null, '["It changes into a new substance", "It breaks into its constituent particles", "It remains unchanged", "It evaporates"]'::jsonb, 1, 'It breaks into its constituent particles', 'Sugar breaks into smaller particles that mix with water.  ▸ Textbook: When sugar dissolves in water, it breaks up into its constituent particles which cannot be broken down further.');
insert into questions (code, chapter_id, skill_id, source_exam, marks, difficulty, timer_seconds, type, stem_latex, stem_en, options_latex, correct_option, answer_latex, explain_en) values ('sci-chem-q003', (select id from chapters where code='sci-chem'), 202, 'NCERT Curiosity Grade 8', 2, 'medium', 120, 'mcq', 'Why do solids have a definite shape?', null, '["Because their particles are loosely packed", "Because their particles are tightly packed", "Because they have no interparticle forces", "Because they are made of large particles"]'::jsonb, 1, 'Because their particles are tightly packed', 'Strong forces keep solid particles in fixed positions.  ▸ Textbook: In solids, the particles are tightly packed and the interparticle attractions are very strong.');
insert into questions (code, chapter_id, skill_id, source_exam, marks, difficulty, timer_seconds, type, stem_latex, stem_en, options_latex, correct_option, answer_latex, explain_en) values ('sci-chem-q005', (select id from chapters where code='sci-chem'), 202, 'NCERT Curiosity Grade 8', 1, 'easy', 60, 'mcq', 'How do liquids differ from solids in terms of shape?', null, '["Liquids have a fixed shape", "Liquids take the shape of their container", "Liquids have a definite shape", "Liquids cannot change shape"]'::jsonb, 1, 'Liquids take the shape of their container', 'Liquids flow and adapt to the shape of their container.  ▸ Textbook: Liquids do not have a fixed shape and take the shape of the container they are kept in.');
insert into questions (code, chapter_id, skill_id, source_exam, marks, difficulty, timer_seconds, type, stem_latex, stem_en, options_latex, correct_option, answer_latex, explain_en) values ('sci-chem-q006', (select id from chapters where code='sci-chem'), 202, 'NCERT Curiosity Grade 8', 2, 'medium', 120, 'mcq', 'What happens to the interparticle forces when a solid is heated?', null, '["They become stronger", "They remain unchanged", "They get weakened", "They disappear completely"]'::jsonb, 2, 'They get weakened', 'Heating makes particles vibrate more, weakening the forces.  ▸ Textbook: The interparticle forces of attraction get weakened and the solid gets converted into the liquid state.');
insert into questions (code, chapter_id, skill_id, source_exam, marks, difficulty, timer_seconds, type, stem_latex, stem_en, options_latex, correct_option, answer_latex, explain_en) values ('sci-chem-q007', (select id from chapters where code='sci-chem'), 202, 'NCERT Curiosity Grade 8', 1, 'easy', 60, 'mcq', 'Which of the following states of matter has the weakest interparticle attractions?', null, '["Solid", "Liquid", "Gas", "Plasma"]'::jsonb, 2, 'Gas', 'Gas particles move freely with very little attraction between them.  ▸ Textbook: In gases, the interparticle attractions are negligible.');
insert into questions (code, chapter_id, skill_id, source_exam, marks, difficulty, timer_seconds, type, stem_latex, stem_en, options_latex, correct_option, answer_latex, explain_en) values ('sci-chem-q008', (select id from chapters where code='sci-chem'), 202, 'NCERT Curiosity Grade 8', 1, 'easy', 60, 'mcq', 'What is the boiling point of water?', null, '["0 °C", "100 °C", "133 °C", "1538 °C"]'::jsonb, 1, '100 °C', 'Water boils at 100 degrees Celsius.  ▸ Textbook: Recall Curiosity, Grade 6 chapter ‘Temperature and Its Measurement’, where you observed the temperature of boiling water (liquid).');
insert into questions (code, chapter_id, skill_id, source_exam, marks, difficulty, timer_seconds, type, stem_latex, stem_en, options_latex, correct_option, answer_latex, explain_en) values ('sci-chem-q009', (select id from chapters where code='sci-chem'), 202, 'NCERT Curiosity Grade 8', 2, 'medium', 120, 'mcq', 'How do gases behave in a container?', null, '["They have a fixed volume", "They fill the entire available space", "They stay at the bottom", "They form layers"]'::jsonb, 1, 'They fill the entire available space', 'Gases spread out to fill any container they are in.  ▸ Textbook: The smoke fills the entire space in the Gas Jar B, indicating that gases do not have a fixed volume and tend to occupy the entire available space.');
insert into questions (code, chapter_id, skill_id, source_exam, marks, difficulty, timer_seconds, type, stem_latex, stem_en, options_latex, correct_option, answer_latex, explain_en) values ('sci-chem-q010', (select id from chapters where code='sci-chem'), 202, 'NCERT Curiosity Grade 8', 2, 'medium', 120, 'mcq', 'What happens to the particles of a liquid when it is heated to its boiling point?', null, '["They move closer together", "They stop moving", "They move apart and form a gas", "They become solid"]'::jsonb, 2, 'They move apart and form a gas', 'Heating causes particles to move faster and spread out into a gas.  ▸ Textbook: The movement of particles becomes so vigorous that they move apart from each other, resulting in a decrease in the interparticle forces of attraction.');
insert into questions (code, chapter_id, skill_id, source_exam, marks, difficulty, timer_seconds, type, stem_latex, stem_en, options_latex, correct_option, answer_latex, explain_en) values ('sci-chem-q011', (select id from chapters where code='sci-chem'), 202, 'NCERT Curiosity Grade 8', 1, 'easy', 60, 'mcq', 'What is the process called when a liquid turns into a gas at temperatures below its boiling point?', null, '["Condensation", "Evaporation", "Sublimation", "Freezing"]'::jsonb, 1, 'Evaporation', 'Evaporation is when a liquid slowly turns into gas at lower temperatures.  ▸ Textbook: This slower process is known as evaporation — about which you have learnt in earlier grades.');
insert into questions (code, chapter_id, skill_id, source_exam, marks, difficulty, timer_seconds, type, stem_latex, stem_en, options_latex, correct_option, answer_latex, explain_en) values ('sci-chem-q012', (select id from chapters where code='sci-chem'), 202, 'NCERT Curiosity Grade 8', 2, 'medium', 120, 'mcq', 'Which of the following is true about the particles in a solid?', null, '["They can move freely past each other", "They are in fixed positions and can only vibrate", "They are far apart from each other", "They have no interparticle attractions"]'::jsonb, 1, 'They are in fixed positions and can only vibrate', 'Solid particles are tightly packed and can only vibrate in place.  ▸ Textbook: The particles can only move to and fro about their positions (vibrate or oscillate) but cannot move past each other.');
insert into questions (code, chapter_id, skill_id, source_exam, marks, difficulty, timer_seconds, type, stem_latex, stem_en, options_latex, correct_option, answer_latex, explain_en) values ('sci-chem-q013', (select id from chapters where code='sci-chem'), 202, 'NCERT Curiosity Grade 8', 2, 'medium', 120, 'mcq', 'What determines the physical state of a substance?', null, '["The size of its particles", "The color of the substance", "The strength of interparticle attractions", "The temperature of the environment"]'::jsonb, 2, 'The strength of interparticle attractions', 'The stronger the attractions, the more solid the state.  ▸ Textbook: The strength of these forces ultimately decides the physical state of the substances.');
insert into questions (code, chapter_id, skill_id, source_exam, marks, difficulty, timer_seconds, type, stem_latex, stem_en, options_latex, correct_option, answer_latex, explain_en) values ('sci-chem-q014', (select id from chapters where code='sci-chem'), 202, 'NCERT Curiosity Grade 8', 2, 'medium', 120, 'mcq', 'Why do gases not have a fixed shape or volume?', null, '["Because their particles are tightly packed", "Because their particles are loosely packed", "Because their particles are free to move in all directions", "Because they are made of large particles"]'::jsonb, 2, 'Because their particles are free to move in all directions', 'Gas particles move freely, so they spread out and fill any space.  ▸ Textbook: The particles in gases move freely in all directions and the interparticle attractions are negligible.');
insert into questions (code, chapter_id, skill_id, source_exam, marks, difficulty, timer_seconds, type, stem_latex, stem_en, options_latex, correct_option, answer_latex, explain_en) values ('sci-chem-q015', (select id from chapters where code='sci-chem'), 201, 'NCERT Curiosity Grade 8', 1, 'easy', 60, 'mcq', 'What is the smallest unit that makes up a larger piece of a substance or material called?', null, '["Atom", "Molecule", "Constituent particle", "Grain"]'::jsonb, 2, 'Constituent particle', 'Constituent particles are the building blocks of matter.  ▸ Textbook: A constituent particle is the basic unit that makes up a larger piece of a substance or material.');
insert into questions (code, chapter_id, skill_id, source_exam, marks, difficulty, timer_seconds, type, stem_latex, stem_en, options_latex, correct_option, answer_latex, explain_en) values ('sci-chem-q016', (select id from chapters where code='sci-chem'), 202, 'NCERT Curiosity Grade 8', 2, 'medium', 120, 'mcq', 'What happens to the interparticle forces when a liquid is heated to its boiling point?', null, '["They become stronger", "They remain unchanged", "They get weakened", "They disappear completely"]'::jsonb, 2, 'They get weakened', 'Heating makes particles move faster, weakening the forces.  ▸ Textbook: The movement of particles becomes so vigorous that they move apart from each other, resulting in a decrease in the interparticle forces of attraction.');
insert into questions (code, chapter_id, skill_id, source_exam, marks, difficulty, timer_seconds, type, stem_latex, stem_en, options_latex, correct_option, answer_latex, explain_en) values ('sci-chem-q017', (select id from chapters where code='sci-chem'), 202, 'NCERT Curiosity Grade 8', 1, 'easy', 60, 'mcq', 'What is the process called when a solid turns into a liquid?', null, '["Freezing", "Melting", "Condensation", "Sublimation"]'::jsonb, 1, 'Melting', 'Melting is when a solid becomes a liquid.  ▸ Textbook: The temperature at which this happens is the melting point of the solid.');
insert into questions (code, chapter_id, skill_id, source_exam, marks, difficulty, timer_seconds, type, stem_latex, stem_en, options_latex, correct_option, answer_latex, explain_en) values ('sci-chem-q019', (select id from chapters where code='sci-chem'), 202, 'NCERT Curiosity Grade 8', 1, 'easy', 60, 'mcq', 'What is the term for the temperature at which a liquid turns into a gas?', null, '["Freezing point", "Melting point", "Boiling point", "Sublimation point"]'::jsonb, 2, 'Boiling point', 'The boiling point is when a liquid becomes a gas.  ▸ Textbook: The temperature at which a liquid boils and turns into vapour at atmospheric pressure is called its boiling point.');
insert into questions (code, chapter_id, skill_id, source_exam, marks, difficulty, timer_seconds, type, stem_latex, stem_en, options_latex, correct_option, answer_latex, explain_en) values ('sci-chem-q021', (select id from chapters where code='sci-chem'), 202, 'NCERT Curiosity Grade 8', 2, 'medium', 120, 'mcq', 'What is the main reason gases can fill any container they are in?', null, '["They have strong interparticle attractions", "They have weak interparticle attractions", "They are heavier than liquids", "They are lighter than solids"]'::jsonb, 1, 'They have weak interparticle attractions', 'Weak attractions allow gas particles to move freely and fill space.  ▸ Textbook: The particles in gases move freely in all directions and the interparticle attractions are negligible.');
insert into questions (code, chapter_id, skill_id, source_exam, marks, difficulty, timer_seconds, type, stem_latex, stem_en, options_latex, correct_option, answer_latex, explain_en) values ('sci-chem-q023', (select id from chapters where code='sci-chem'), 202, 'NCERT Curiosity Grade 8', 1, 'easy', 60, 'mcq', 'Which state of matter has particles that can only vibrate in place?', null, '["Solid", "Liquid", "Gas", "Plasma"]'::jsonb, 0, 'Solid', 'Solid particles are tightly packed and can only vibrate.  ▸ Textbook: The particles can only move to and fro about their positions (vibrate or oscillate) but cannot move past each other.');
insert into questions (code, chapter_id, skill_id, source_exam, marks, difficulty, timer_seconds, type, stem_latex, stem_en, options_latex, correct_option, answer_latex, explain_en) values ('sci-chem-q024', (select id from chapters where code='sci-chem'), 202, 'NCERT Curiosity Grade 8', 1, 'easy', 60, 'mcq', 'What is the process called when a liquid turns into a gas at its boiling point?', null, '["Evaporation", "Condensation", "Boiling", "Sublimation"]'::jsonb, 2, 'Boiling', 'Boiling is when a liquid rapidly turns into gas at its boiling point.  ▸ Textbook: At the boiling point, the formation of vapour is very fast and occurs not only at the surface but also within the liquid.');
insert into questions (code, chapter_id, skill_id, source_exam, marks, difficulty, timer_seconds, type, stem_latex, stem_en, options_latex, correct_option, answer_latex, explain_en) values ('sci-chem-q025', (select id from chapters where code='sci-chem'), 202, 'NCERT Curiosity Grade 8', 2, 'medium', 120, 'mcq', 'What is the main characteristic of gases that distinguishes them from solids and liquids?', null, '["They have a fixed shape", "They have a fixed volume", "They have no fixed shape or volume", "They have strong interparticle attractions"]'::jsonb, 2, 'They have no fixed shape or volume', 'Gases spread out to fill any container, unlike solids and liquids.  ▸ Textbook: Gases do not have a fixed shape or volume and tend to occupy the entire available space.');
insert into questions (code, chapter_id, skill_id, source_exam, marks, difficulty, timer_seconds, type, stem_latex, stem_en, options_latex, correct_option, answer_latex, explain_en) values ('sci-bio-q001', (select id from chapters where code='sci-bio'), 204, 'NCERT Curiosity Grade 8', 1, 'easy', 60, 'mcq', 'What is the primary function of the cell membrane?', null, '["To enclose the cytoplasm and nucleus", "To provide rigidity and strength", "To store important substances", "To perform photosynthesis"]'::jsonb, 0, 'To enclose the cytoplasm and nucleus', 'The cell membrane''s main role is to enclose and protect the cell''s contents.  ▸ Textbook: The cell membrane encloses the cytoplasm and nucleus.');
insert into questions (code, chapter_id, skill_id, source_exam, marks, difficulty, timer_seconds, type, stem_latex, stem_en, options_latex, correct_option, answer_latex, explain_en) values ('sci-bio-q002', (select id from chapters where code='sci-bio'), 204, 'NCERT Curiosity Grade 8', 1, 'easy', 60, 'mcq', 'Which organelle is responsible for photosynthesis in plant cells?', null, '["Nucleus", "Vacuole", "Chloroplast", "Cell wall"]'::jsonb, 2, 'Chloroplast', 'Chloroplasts contain chlorophyll, which is essential for photosynthesis.  ▸ Textbook: Some plastids, like chloroplasts, contain chlorophyll, which makes them green and helps in photosynthesis.');
insert into questions (code, chapter_id, skill_id, source_exam, marks, difficulty, timer_seconds, type, stem_latex, stem_en, options_latex, correct_option, answer_latex, explain_en) values ('sci-bio-q003', (select id from chapters where code='sci-bio'), 204, 'NCERT Curiosity Grade 8', 1, 'easy', 60, 'mcq', 'What is the role of the vacuole in plant cells?', null, '["To regulate cell activities", "To store important substances and maintain cell shape", "To perform photosynthesis", "To separate one cell from another"]'::jsonb, 1, 'To store important substances and maintain cell shape', 'Vacuoles store substances and help maintain the cell''s shape.  ▸ Textbook: This helps the plant cell store important substances, get rid of waste, and maintain the shape of the cell.');
insert into questions (code, chapter_id, skill_id, source_exam, marks, difficulty, timer_seconds, type, stem_latex, stem_en, options_latex, correct_option, answer_latex, explain_en) values ('sci-bio-q004', (select id from chapters where code='sci-bio'), 205, 'NCERT Curiosity Grade 8', 2, 'medium', 120, 'mcq', 'How do animal cells differ from plant cells in terms of vacuoles?', null, '["Animal cells have large vacuoles, while plant cells do not", "Animal cells have small vacuoles, if present, while plant cells have large vacuoles", "Animal cells have no vacuoles, while plant cells have small vacuoles", "Animal cells and plant cells have vacuoles of the same size"]'::jsonb, 1, 'Animal cells have small vacuoles, if present, while plant cells have large vacuoles', 'Animal cells typically have smaller vacuoles compared to plant cells.  ▸ Textbook: In animal cells, vacuoles are usually not present, if present, they are usually small.');
insert into questions (code, chapter_id, skill_id, source_exam, marks, difficulty, timer_seconds, type, stem_latex, stem_en, options_latex, correct_option, answer_latex, explain_en) values ('sci-bio-q005', (select id from chapters where code='sci-bio'), 204, 'NCERT Curiosity Grade 8', 1, 'easy', 60, 'mcq', 'What structure provides rigidity and strength to plant cells?', null, '["Cell membrane", "Nucleus", "Cell wall", "Cytoplasm"]'::jsonb, 2, 'Cell wall', 'The cell wall is a rigid structure that supports plant cells.  ▸ Textbook: The cell wall in the plant cell provides rigidity and strength to plants.');
insert into questions (code, chapter_id, skill_id, source_exam, marks, difficulty, timer_seconds, type, stem_latex, stem_en, options_latex, correct_option, answer_latex, explain_en) values ('sci-bio-q006', (select id from chapters where code='sci-bio'), 204, 'NCERT Curiosity Grade 8', 1, 'easy', 60, 'mcq', 'Which part of the cell is responsible for regulating all activities within the cell?', null, '["Cytoplasm", "Cell wall", "Nucleus", "Vacuole"]'::jsonb, 2, 'Nucleus', 'The nucleus controls the cell''s activities and growth.  ▸ Textbook: The nucleus regulates all activities that occur within the cell.');
insert into questions (code, chapter_id, skill_id, source_exam, marks, difficulty, timer_seconds, type, stem_latex, stem_en, options_latex, correct_option, answer_latex, explain_en) values ('sci-bio-q007', (select id from chapters where code='sci-bio'), 203, 'NCERT Curiosity Grade 8', 2, 'medium', 120, 'mcq', 'What is the main difference in shape between muscle cells and nerve cells?', null, '["Muscle cells are round, nerve cells are spindle-shaped", "Muscle cells are spindle-shaped, nerve cells are long with branches", "Muscle cells are long with branches, nerve cells are round", "Muscle cells and nerve cells have the same shape"]'::jsonb, 1, 'Muscle cells are spindle-shaped, nerve cells are long with branches', 'Muscle cells are spindle-shaped, while nerve cells are long and branched.  ▸ Textbook: A muscle cell (Fig. 2.6a) is shaped like a spindle, while a nerve cell (Fig. 2.6b) is very long and has branches.');
insert into questions (code, chapter_id, skill_id, source_exam, marks, difficulty, timer_seconds, type, stem_latex, stem_en, options_latex, correct_option, answer_latex, explain_en) values ('sci-bio-q008', (select id from chapters where code='sci-bio'), 204, 'NCERT Curiosity Grade 8', 1, 'easy', 60, 'mcq', 'What is the function of cytoplasm in a cell?', null, '["To perform photosynthesis", "To regulate cell activities", "To contain other components of the cell and compounds", "To provide rigidity and strength"]'::jsonb, 2, 'To contain other components of the cell and compounds', 'Cytoplasm holds the cell''s components and is where many life processes occur.  ▸ Textbook: Cytoplasm contains other components of the cell and compounds, such as carbohydrates, proteins, fats, and mineral salts.');
insert into questions (code, chapter_id, skill_id, source_exam, marks, difficulty, timer_seconds, type, stem_latex, stem_en, options_latex, correct_option, answer_latex, explain_en) values ('sci-bio-q009', (select id from chapters where code='sci-bio'), 203, 'NCERT Curiosity Grade 8', 2, 'medium', 120, 'mcq', 'Which of the following is NOT a basic part of a cell?', null, '["Cell membrane", "Nucleus", "Cytoplasm", "Chloroplast"]'::jsonb, 3, 'Chloroplast', 'Chloroplasts are not found in all cells, only in plant cells for photosynthesis.  ▸ Textbook: These three — cell membrane, cytoplasm, and nucleus — are the basic parts of a cell.');
insert into questions (code, chapter_id, skill_id, source_exam, marks, difficulty, timer_seconds, type, stem_latex, stem_en, options_latex, correct_option, answer_latex, explain_en) values ('sci-bio-q010', (select id from chapters where code='sci-bio'), 205, 'NCERT Curiosity Grade 8', 2, 'medium', 120, 'mcq', 'Why do plant cells have a cell wall, but animal cells do not?', null, '["To allow photosynthesis", "To provide rigidity and strength", "To store substances", "To regulate cell activities"]'::jsonb, 1, 'To provide rigidity and strength', 'The cell wall gives plant cells their firm structure, which is not needed in animal cells.  ▸ Textbook: The cell wall in the plant cell provides rigidity and strength to plants.');
insert into questions (code, chapter_id, skill_id, source_exam, marks, difficulty, timer_seconds, type, stem_latex, stem_en, options_latex, correct_option, answer_latex, explain_en) values ('sci-bio-q011', (select id from chapters where code='sci-bio'), 204, 'NCERT Curiosity Grade 8', 1, 'easy', 60, 'mcq', 'What is the primary function of plastids in plant cells?', null, '["To store waste", "To regulate cell activities", "To perform photosynthesis and store substances", "To separate cells"]'::jsonb, 2, 'To perform photosynthesis and store substances', 'Plastids are involved in photosynthesis and storage in plant cells.  ▸ Textbook: Some plastids, like chloroplasts, contain chlorophyll, which makes them green and helps in photosynthesis. In non-green parts, they help in the storag');
insert into questions (code, chapter_id, skill_id, source_exam, marks, difficulty, timer_seconds, type, stem_latex, stem_en, options_latex, correct_option, answer_latex, explain_en) values ('sci-bio-q012', (select id from chapters where code='sci-bio'), 204, 'NCERT Curiosity Grade 8', 1, 'easy', 60, 'mcq', 'Which of the following structures is porous and allows the entry and exit of materials?', null, '["Cell wall", "Nucleus", "Cell membrane", "Vacuole"]'::jsonb, 2, 'Cell membrane', 'The cell membrane controls what enters and leaves the cell.  ▸ Textbook: It is porous and allows the entry of materials essential for life processes and the exit of waste material.');
insert into questions (code, chapter_id, skill_id, source_exam, marks, difficulty, timer_seconds, type, stem_latex, stem_en, options_latex, correct_option, answer_latex, explain_en) values ('sci-bio-q014', (select id from chapters where code='sci-bio'), 205, 'NCERT Curiosity Grade 8', 2, 'medium', 120, 'mcq', 'Which organelle is typically larger in plant cells compared to animal cells?', null, '["Nucleus", "Vacuole", "Cytoplasm", "Cell membrane"]'::jsonb, 1, 'Vacuole', 'Plant cells have larger vacuoles to store substances and maintain shape.  ▸ Textbook: In animal cells, vacuoles are usually not present, if present, they are usually small.');
insert into questions (code, chapter_id, skill_id, source_exam, marks, difficulty, timer_seconds, type, stem_latex, stem_en, options_latex, correct_option, answer_latex, explain_en) values ('sci-bio-q015', (select id from chapters where code='sci-bio'), 204, 'NCERT Curiosity Grade 8', 1, 'easy', 60, 'mcq', 'What is the role of chlorophyll in chloroplasts?', null, '["To store waste", "To regulate cell activities", "To perform photosynthesis", "To provide rigidity"]'::jsonb, 2, 'To perform photosynthesis', 'Chlorophyll is essential for capturing light energy for photosynthesis.  ▸ Textbook: Some plastids, like chloroplasts, contain chlorophyll, which makes them green and helps in photosynthesis.');
insert into questions (code, chapter_id, skill_id, source_exam, marks, difficulty, timer_seconds, type, stem_latex, stem_en, options_latex, correct_option, answer_latex, explain_en) values ('sci-bio-q016', (select id from chapters where code='sci-bio'), 204, 'NCERT Curiosity Grade 8', 1, 'easy', 60, 'mcq', 'Which part of the cell is responsible for separating one cell from another?', null, '["Nucleus", "Cytoplasm", "Cell wall", "Cell membrane"]'::jsonb, 3, 'Cell membrane', 'The cell membrane acts as a boundary between cells.  ▸ Textbook: The cell membrane separates one cell from another.');
insert into questions (code, chapter_id, skill_id, source_exam, marks, difficulty, timer_seconds, type, stem_latex, stem_en, options_latex, correct_option, answer_latex, explain_en) values ('sci-bio-q017', (select id from chapters where code='sci-bio'), 203, 'NCERT Curiosity Grade 8', 2, 'medium', 120, 'mcq', 'How do the shapes of muscle and nerve cells relate to their functions?', null, '["Muscle cells are long for contraction, nerve cells are round for signal transmission", "Muscle cells are spindle-shaped for contraction, nerve cells are long for signal transmission", "Muscle cells are round for contraction, nerve cells are spindle-shaped for signal transmission", "Muscle cells and nerve cells have the same shape for different functions"]'::jsonb, 1, 'Muscle cells are spindle-shaped for contraction, nerve cells are long for signal transmission', 'The shape of each cell type is suited to its specific function.  ▸ Textbook: A muscle cell (Fig. 2.6a) is shaped like a spindle, while a nerve cell (Fig. 2.6b) is very long and has branches.');
insert into questions (code, chapter_id, skill_id, source_exam, marks, difficulty, timer_seconds, type, stem_latex, stem_en, options_latex, correct_option, answer_latex, explain_en) values ('sci-bio-q018', (select id from chapters where code='sci-bio'), 204, 'NCERT Curiosity Grade 8', 1, 'easy', 60, 'mcq', 'What is the main function of the cell wall in plant cells?', null, '["To regulate cell activities", "To perform photosynthesis", "To provide rigidity and strength", "To store substances"]'::jsonb, 2, 'To provide rigidity and strength', 'The cell wall supports and protects plant cells.  ▸ Textbook: The cell wall in the plant cell provides rigidity and strength to plants.');
insert into questions (code, chapter_id, skill_id, source_exam, marks, difficulty, timer_seconds, type, stem_latex, stem_en, options_latex, correct_option, answer_latex, explain_en) values ('sci-bio-q019', (select id from chapters where code='sci-bio'), 205, 'NCERT Curiosity Grade 8', 2, 'medium', 120, 'mcq', 'Which structure is found in plant cells but not typically in animal cells?', null, '["Nucleus", "Cell membrane", "Chloroplast", "Cytoplasm"]'::jsonb, 2, 'Chloroplast', 'Chloroplasts are unique to plant cells for photosynthesis.  ▸ Textbook: Some plastids, like chloroplasts, contain chlorophyll, which makes them green and helps in photosynthesis.');
insert into questions (code, chapter_id, skill_id, source_exam, marks, difficulty, timer_seconds, type, stem_latex, stem_en, options_latex, correct_option, answer_latex, explain_en) values ('sci-bio-q020', (select id from chapters where code='sci-bio'), 204, 'NCERT Curiosity Grade 8', 1, 'easy', 60, 'mcq', 'What is the primary role of the nucleus in a cell?', null, '["To perform photosynthesis", "To store substances", "To regulate all activities within the cell", "To provide rigidity and strength"]'::jsonb, 2, 'To regulate all activities within the cell', 'The nucleus is the control center of the cell.  ▸ Textbook: The nucleus regulates all activities that occur within the cell.');
insert into questions (code, chapter_id, skill_id, source_exam, marks, difficulty, timer_seconds, type, stem_latex, stem_en, options_latex, correct_option, answer_latex, explain_en) values ('sci-bio-q021', (select id from chapters where code='sci-bio'), 205, 'NCERT Curiosity Grade 8', 2, 'medium', 120, 'mcq', 'How do plant cells maintain their shape?', null, '["Through the cell membrane", "Through the nucleus", "Through the vacuole and cell wall", "Through the cytoplasm"]'::jsonb, 2, 'Through the vacuole and cell wall', 'The vacuole and cell wall help maintain the plant cell''s shape.  ▸ Textbook: This helps the plant cell store important substances, get rid of waste, and maintain the shape of the cell.');
insert into questions (code, chapter_id, skill_id, source_exam, marks, difficulty, timer_seconds, type, stem_latex, stem_en, options_latex, correct_option, answer_latex, explain_en) values ('sci-bio-q022', (select id from chapters where code='sci-bio'), 204, 'NCERT Curiosity Grade 8', 1, 'easy', 60, 'mcq', 'What is the primary function of the cytoplasm?', null, '["To perform photosynthesis", "To regulate cell activities", "To contain other components of the cell and compounds", "To provide rigidity and strength"]'::jsonb, 2, 'To contain other components of the cell and compounds', 'Cytoplasm is where most cellular processes occur.  ▸ Textbook: Cytoplasm contains other components of the cell and compounds, such as carbohydrates, proteins, fats, and mineral salts.');
insert into questions (code, chapter_id, skill_id, source_exam, marks, difficulty, timer_seconds, type, stem_latex, stem_en, options_latex, correct_option, answer_latex, explain_en) values ('sci-bio-q023', (select id from chapters where code='sci-bio'), 204, 'NCERT Curiosity Grade 8', 1, 'easy', 60, 'mcq', 'Which organelle is responsible for storing substances in plant cells?', null, '["Nucleus", "Vacuole", "Chloroplast", "Cell membrane"]'::jsonb, 1, 'Vacuole', 'Vacuoles store substances and help maintain cell shape.  ▸ Textbook: This helps the plant cell store important substances, get rid of waste, and maintain the shape of the cell.');
insert into questions (code, chapter_id, skill_id, source_exam, marks, difficulty, timer_seconds, type, stem_latex, stem_en, options_latex, correct_option, answer_latex, explain_en) values ('sci-bio-q024', (select id from chapters where code='sci-bio'), 205, 'NCERT Curiosity Grade 8', 2, 'medium', 120, 'mcq', 'What is the difference in vacuole size between plant and animal cells?', null, '["Plant cells have smaller vacuoles than animal cells", "Plant cells have larger vacuoles than animal cells", "Both have the same size vacuoles", "Animal cells have no vacuoles"]'::jsonb, 1, 'Plant cells have larger vacuoles than animal cells', 'Plant cells have larger vacuoles to store more substances.  ▸ Textbook: In animal cells, vacuoles are usually not present, if present, they are usually small.');
insert into questions (code, chapter_id, skill_id, source_exam, marks, difficulty, timer_seconds, type, stem_latex, stem_en, options_latex, correct_option, answer_latex, explain_en) values ('sci-bio-q025', (select id from chapters where code='sci-bio'), 204, 'NCERT Curiosity Grade 8', 1, 'easy', 60, 'mcq', 'Which structure is responsible for photosynthesis in plant cells?', null, '["Nucleus", "Vacuole", "Chloroplast", "Cell wall"]'::jsonb, 2, 'Chloroplast', 'Chloroplasts are essential for photosynthesis in plant cells.  ▸ Textbook: Some plastids, like chloroplasts, contain chlorophyll, which makes them green and helps in photosynthesis.');
insert into questions (code, chapter_id, skill_id, source_exam, marks, difficulty, timer_seconds, type, stem_latex, stem_en, options_latex, correct_option, answer_latex, explain_en) values ('sci-bio-q026', (select id from chapters where code='sci-bio'), 204, 'NCERT Curiosity Grade 8', 1, 'easy', 60, 'mcq', 'What is the role of the cell membrane in a cell?', null, '["To perform photosynthesis", "To regulate cell activities", "To enclose the cytoplasm and nucleus", "To provide rigidity and strength"]'::jsonb, 2, 'To enclose the cytoplasm and nucleus', 'The cell membrane protects and contains the cell''s contents.  ▸ Textbook: The cell membrane encloses the cytoplasm and nucleus.');
insert into questions (code, chapter_id, skill_id, source_exam, marks, difficulty, timer_seconds, type, stem_latex, stem_en, options_latex, correct_option, answer_latex, explain_en) values ('sci-phys-q001', (select id from chapters where code='sci-phys'), 207, 'NCERT Curiosity Grade 8', 1, 'easy', 60, 'mcq', 'What is a concave mirror?', null, '["A mirror with a reflecting surface that curves inwards", "A mirror with a reflecting surface that curves outwards", "A flat mirror", "A mirror with no curvature"]'::jsonb, 0, 'A mirror with a reflecting surface that curves inwards', 'A concave mirror curves inward, like the inside of a spoon.  ▸ Textbook: A spherical mirror, which has a reflecting surface that curves inwards, is called a concave mirror.');
insert into questions (code, chapter_id, skill_id, source_exam, marks, difficulty, timer_seconds, type, stem_latex, stem_en, options_latex, correct_option, answer_latex, explain_en) values ('sci-phys-q002', (select id from chapters where code='sci-phys'), 207, 'NCERT Curiosity Grade 8', 1, 'easy', 60, 'mcq', 'Which type of mirror is used as a side-view mirror in vehicles?', null, '["Concave mirror", "Convex mirror", "Plane mirror", "None of the above"]'::jsonb, 1, 'Convex mirror', 'Convex mirrors provide a wider field of view, which is useful for side-view mirrors.  ▸ Textbook: Look at the side-view mirrors on vehicles. These mirrors are convex.');
insert into questions (code, chapter_id, skill_id, source_exam, marks, difficulty, timer_seconds, type, stem_latex, stem_en, options_latex, correct_option, answer_latex, explain_en) values ('sci-phys-q003', (select id from chapters where code='sci-phys'), 209, 'NCERT Curiosity Grade 8', 2, 'medium', 120, 'mcq', 'What happens to the image when an object is moved away from a concave mirror?', null, '["The image becomes erect and enlarged", "The image becomes inverted and enlarged", "The image becomes inverted and smaller", "The image remains the same"]'::jsonb, 2, 'The image becomes inverted and smaller', 'As the object moves away, the image inverts and reduces in size.  ▸ Textbook: However, when the object is moved farther away, the image becomes inverted. Initially, the image is enlarged in size and then keeps getting smaller.');
insert into questions (code, chapter_id, skill_id, source_exam, marks, difficulty, timer_seconds, type, stem_latex, stem_en, options_latex, correct_option, answer_latex, explain_en) values ('sci-phys-q004', (select id from chapters where code='sci-phys'), 206, 'NCERT Curiosity Grade 8', 1, 'easy', 60, 'mcq', 'What is the angle of reflection when a light ray falls along the normal to a mirror?', null, '["0°", "45°", "90°", "180°"]'::jsonb, 0, '0°', 'When light falls along the normal, it reflects back on the same path, making the angle of reflection 0°.  ▸ Textbook: Finally, let the incident beam fall on the mirror along the normal and observe the direction of the reflected beam. What would be the angle of inciden');
insert into questions (code, chapter_id, skill_id, source_exam, marks, difficulty, timer_seconds, type, stem_latex, stem_en, options_latex, correct_option, answer_latex, explain_en) values ('sci-phys-q005', (select id from chapters where code='sci-phys'), 208, 'NCERT Curiosity Grade 8', 1, 'easy', 60, 'mcq', 'Which of the following is true for a convex lens?', null, '["It diverges light beams", "It converges light beams", "It reflects light beams", "It does not affect light beams"]'::jsonb, 1, 'It converges light beams', 'A convex lens focuses light beams to a point, hence it converges them.  ▸ Textbook: The convex lens converges the light falling on it while the concave lens diverges the light.');
insert into questions (code, chapter_id, skill_id, source_exam, marks, difficulty, timer_seconds, type, stem_latex, stem_en, options_latex, correct_option, answer_latex, explain_en) values ('sci-phys-q006', (select id from chapters where code='sci-phys'), 209, 'NCERT Curiosity Grade 8', 1, 'easy', 60, 'mcq', 'What type of image does a convex mirror always form?', null, '["Erect and enlarged", "Erect and diminished", "Inverted and enlarged", "Inverted and diminished"]'::jsonb, 1, 'Erect and diminished', 'Convex mirrors always produce smaller, upright images.  ▸ Textbook: In case of a convex mirror, the image is always erect and smaller than the object, that is diminished.');
insert into questions (code, chapter_id, skill_id, source_exam, marks, difficulty, timer_seconds, type, stem_latex, stem_en, options_latex, correct_option, answer_latex, explain_en) values ('sci-phys-q007', (select id from chapters where code='sci-phys'), 207, 'NCERT Curiosity Grade 8', 2, 'medium', 120, 'mcq', 'Why are convex mirrors used in road safety mirrors?', null, '["They provide a larger view area", "They provide a smaller view area", "They invert the image", "They enlarge the image"]'::jsonb, 0, 'They provide a larger view area', 'Convex mirrors give a wider field of view, which helps in seeing more of the road.  ▸ Textbook: Further, such convex mirrors are installed at road intersections or sharp bends to provide drivers from both sides the visibility of the other side an');
insert into questions (code, chapter_id, skill_id, source_exam, marks, difficulty, timer_seconds, type, stem_latex, stem_en, options_latex, correct_option, answer_latex, explain_en) values ('sci-phys-q008', (select id from chapters where code='sci-phys'), 206, 'NCERT Curiosity Grade 8', 2, 'medium', 120, 'mcq', 'What happens to parallel light beams when they fall on a concave mirror?', null, '["They remain parallel", "They diverge", "They converge", "They reflect back"]'::jsonb, 2, 'They converge', 'Concave mirrors focus parallel beams to a point, causing them to converge.  ▸ Textbook: However, when multiple beams of light fall upon a concave mirror, the multiple reflected beams get closer, that is, they converge.');
insert into questions (code, chapter_id, skill_id, source_exam, marks, difficulty, timer_seconds, type, stem_latex, stem_en, options_latex, correct_option, answer_latex, explain_en) values ('sci-phys-q009', (select id from chapters where code='sci-phys'), 208, 'NCERT Curiosity Grade 8', 1, 'easy', 60, 'mcq', 'What is the main function of a convex lens in optical devices?', null, '["To diverge light", "To converge light", "To reflect light", "To absorb light"]'::jsonb, 1, 'To converge light', 'Convex lenses focus light to a point, which is useful in devices like cameras and glasses.  ▸ Textbook: A convex lens is also called a converging lens while a concave lens is called a diverging lens.');
insert into questions (code, chapter_id, skill_id, source_exam, marks, difficulty, timer_seconds, type, stem_latex, stem_en, options_latex, correct_option, answer_latex, explain_en) values ('sci-phys-q010', (select id from chapters where code='sci-phys'), 209, 'NCERT Curiosity Grade 8', 1, 'easy', 60, 'mcq', 'Which statement is true about the image formed by a concave lens?', null, '["It is always erect and enlarged", "It is always erect and diminished", "It is always inverted and enlarged", "It is always inverted and diminished"]'::jsonb, 1, 'It is always erect and diminished', 'Concave lenses always produce smaller, upright images.  ▸ Textbook: An object placed behind a concave lens and seen through the lens, always appears erect and diminished in size.');
insert into questions (code, chapter_id, skill_id, source_exam, marks, difficulty, timer_seconds, type, stem_latex, stem_en, options_latex, correct_option, answer_latex, explain_en) values ('sci-phys-q011', (select id from chapters where code='sci-phys'), 209, 'NCERT Curiosity Grade 8', 2, 'medium', 120, 'mcq', 'What happens to the image when an object is placed close to a concave mirror?', null, '["The image is erect and enlarged", "The image is inverted and enlarged", "The image is erect and diminished", "The image is inverted and diminished"]'::jsonb, 0, 'The image is erect and enlarged', 'Close objects in concave mirrors appear larger and upright.  ▸ Textbook: In the concave mirror, when the object is placed close to the mirror, the image is erect but larger than the object in size, that is, enlarged.');
insert into questions (code, chapter_id, skill_id, source_exam, marks, difficulty, timer_seconds, type, stem_latex, stem_en, options_latex, correct_option, answer_latex, explain_en) values ('sci-phys-q013', (select id from chapters where code='sci-phys'), 209, 'NCERT Curiosity Grade 8', 1, 'easy', 60, 'mcq', 'Which of the following is a characteristic of a plane mirror?', null, '["It forms an inverted image", "It forms an erect image of the same size", "It forms a diminished image", "It forms an enlarged image"]'::jsonb, 1, 'It forms an erect image of the same size', 'Plane mirrors reflect images that are the same size and orientation as the object.  ▸ Textbook: A plane mirror always forms an erect image of the same size as the object.');
insert into questions (code, chapter_id, skill_id, source_exam, marks, difficulty, timer_seconds, type, stem_latex, stem_en, options_latex, correct_option, answer_latex, explain_en) values ('sci-phys-q014', (select id from chapters where code='sci-phys'), 208, 'NCERT Curiosity Grade 8', 2, 'medium', 120, 'mcq', 'What is the effect of a convex lens on parallel light beams?', null, '["It diverges them", "It converges them", "It reflects them", "It absorbs them"]'::jsonb, 1, 'It converges them', 'Convex lenses focus parallel beams to a point, converging them.  ▸ Textbook: The convex lens converges the light falling on it while the concave lens diverges the light.');
insert into questions (code, chapter_id, skill_id, source_exam, marks, difficulty, timer_seconds, type, stem_latex, stem_en, options_latex, correct_option, answer_latex, explain_en) values ('sci-phys-q015', (select id from chapters where code='sci-phys'), 208, 'NCERT Curiosity Grade 8', 1, 'easy', 60, 'mcq', 'Which type of lens is used in a magnifying glass?', null, '["Concave lens", "Convex lens", "Plane lens", "Bifocal lens"]'::jsonb, 1, 'Convex lens', 'Magnifying glasses use convex lenses to enlarge images.  ▸ Textbook: Have you seen a magnifying glass as shown in Fig. 10.14? It is also a lens that helps in reading small print by making the letters appear bigger.');
insert into questions (code, chapter_id, skill_id, source_exam, marks, difficulty, timer_seconds, type, stem_latex, stem_en, options_latex, correct_option, answer_latex, explain_en) values ('sci-phys-q017', (select id from chapters where code='sci-phys'), 206, 'NCERT Curiosity Grade 8', 1, 'easy', 60, 'mcq', 'What is the law of reflection regarding the angle of incidence and reflection?', null, '["The angle of incidence is always greater than the angle of reflection", "The angle of incidence is always less than the angle of reflection", "The angle of incidence is equal to the angle of reflection", "The angle of incidence is unrelated to the angle of reflection"]'::jsonb, 2, 'The angle of incidence is equal to the angle of reflection', 'The law states that the angle at which light hits a surface equals the angle at which it reflects.  ▸ Textbook: If done carefully, the experiment shows that the angle of incidence (i) is equal to the angle of reflection (r). This is a law of reflection.');
insert into questions (code, chapter_id, skill_id, source_exam, marks, difficulty, timer_seconds, type, stem_latex, stem_en, options_latex, correct_option, answer_latex, explain_en) values ('sci-phys-q018', (select id from chapters where code='sci-phys'), 207, 'NCERT Curiosity Grade 8', 2, 'medium', 120, 'mcq', 'Which type of mirror is used by dentists to provide an enlarged view of teeth?', null, '["Plane mirror", "Concave mirror", "Convex mirror", "None of the above"]'::jsonb, 1, 'Concave mirror', 'Concave mirrors enlarge images, useful for detailed views like in dentistry.  ▸ Textbook: It is a concave mirror which provides an enlarged view of teeth when held close to the teeth inside the mouth.');
insert into questions (code, chapter_id, skill_id, source_exam, marks, difficulty, timer_seconds, type, stem_latex, stem_en, options_latex, correct_option, answer_latex, explain_en) values ('sci-phys-q020', (select id from chapters where code='sci-phys'), 208, 'NCERT Curiosity Grade 8', 1, 'easy', 60, 'mcq', 'What is the shape of a convex lens?', null, '["Thicker at the edges than the middle", "Thicker at the middle than the edges", "Flat on both sides", "Curved inward on both sides"]'::jsonb, 1, 'Thicker at the middle than the edges', 'Convex lenses bulge outwards, being thicker in the center.  ▸ Textbook: A lens which is thicker at the middle as compared to the edges is called a convex lens.');
insert into questions (code, chapter_id, skill_id, source_exam, marks, difficulty, timer_seconds, type, stem_latex, stem_en, options_latex, correct_option, answer_latex, explain_en) values ('sci-phys-q021', (select id from chapters where code='sci-phys'), 207, 'NCERT Curiosity Grade 8', 2, 'medium', 120, 'mcq', 'Which type of mirror is used in the headlights of cars?', null, '["Plane mirror", "Concave mirror", "Convex mirror", "None of the above"]'::jsonb, 1, 'Concave mirror', 'Concave mirrors focus light into a beam, useful for headlights.  ▸ Textbook: The reflectors of torches, headlights of cars and scooters are concave in shape.');
insert into questions (code, chapter_id, skill_id, source_exam, marks, difficulty, timer_seconds, type, stem_latex, stem_en, options_latex, correct_option, answer_latex, explain_en) values ('sci-phys-q023', (select id from chapters where code='sci-phys'), 208, 'NCERT Curiosity Grade 8', 1, 'easy', 60, 'mcq', 'Which of the following is a characteristic of a concave lens?', null, '["It converges light beams", "It diverges light beams", "It reflects light beams", "It absorbs light beams"]'::jsonb, 1, 'It diverges light beams', 'Concave lenses spread out light beams, causing them to diverge.  ▸ Textbook: The convex lens converges the light falling on it while the concave lens diverges the light.');
insert into questions (code, chapter_id, skill_id, source_exam, marks, difficulty, timer_seconds, type, stem_latex, stem_en, options_latex, correct_option, answer_latex, explain_en) values ('sci-phys-q024', (select id from chapters where code='sci-phys'), 206, 'NCERT Curiosity Grade 8', 2, 'medium', 120, 'mcq', 'What is the effect of a concave mirror on parallel light beams?', null, '["They remain parallel", "They diverge", "They converge", "They reflect back"]'::jsonb, 2, 'They converge', 'Concave mirrors focus parallel beams to a point, causing them to converge.  ▸ Textbook: However, when multiple beams of light fall upon a concave mirror, the multiple reflected beams get closer, that is, they converge.');
insert into questions (code, chapter_id, skill_id, source_exam, marks, difficulty, timer_seconds, type, stem_latex, stem_en, options_latex, correct_option, answer_latex, explain_en) values ('sci-phys-q025', (select id from chapters where code='sci-phys'), 209, 'NCERT Curiosity Grade 8', 2, 'medium', 120, 'mcq', 'What type of image does a concave mirror form when the object is far away?', null, '["Erect and enlarged", "Inverted and enlarged", "Inverted and diminished", "Erect and diminished"]'::jsonb, 2, 'Inverted and diminished', 'Far objects in concave mirrors appear smaller and inverted.  ▸ Textbook: However, when the object is moved farther away, the image becomes inverted. Initially, the image is enlarged in size and then keeps getting smaller.');
insert into questions (code, chapter_id, skill_id, source_exam, marks, difficulty, timer_seconds, type, stem_latex, stem_en, options_latex, correct_option, answer_latex, explain_en) values ('sci-phys-q026', (select id from chapters where code='sci-phys'), 208, 'NCERT Curiosity Grade 8', 1, 'easy', 60, 'mcq', 'Which type of lens is thicker at the edges than at the middle?', null, '["Convex lens", "Concave lens", "Plane lens", "Bifocal lens"]'::jsonb, 1, 'Concave lens', 'Concave lenses are thinner in the center, causing them to spread light.  ▸ Textbook: A lens which is thicker at the edges as compared to the middle is called a concave lens.');
insert into questions (code, chapter_id, skill_id, source_exam, marks, difficulty, timer_seconds, type, stem_latex, stem_en, options_latex, correct_option, answer_latex, explain_en) values ('sci-phys-q031', (select id from chapters where code='sci-phys'), 207, 'NCERT Curiosity Grade 8', 2, 'medium', 120, 'mcq', 'What is the purpose of using a concave mirror in a solar cooker?', null, '["To diverge sunlight", "To converge sunlight", "To reflect sunlight", "To absorb sunlight"]'::jsonb, 1, 'To converge sunlight', 'Concave mirrors focus sunlight to a point, increasing heat for cooking.  ▸ Textbook: Devices which concentrate sunlight into a small area, using mirrors and lenses, are called solar concentrators.');
insert into questions (code, chapter_id, skill_id, source_exam, marks, difficulty, timer_seconds, type, stem_latex, stem_en, options_latex, correct_option, answer_latex, explain_en) values ('sci-phys-q033', (select id from chapters where code='sci-phys'), 208, 'NCERT Curiosity Grade 8', 2, 'medium', 120, 'mcq', 'What is the effect of a convex lens on sunlight?', null, '["It diverges sunlight", "It converges sunlight", "It reflects sunlight", "It absorbs sunlight"]'::jsonb, 1, 'It converges sunlight', 'Convex lenses focus sunlight to a point, concentrating heat.  ▸ Textbook: Repeat Activity 10.7 by putting a convex lens in the path of sunrays in place of a concave mirror. Could you burn the paper?');
insert into questions (code, chapter_id, skill_id, source_exam, marks, difficulty, timer_seconds, type, stem_latex, stem_en, options_latex, correct_option, answer_latex, explain_en) values ('sci-phys-q034', (select id from chapters where code='sci-phys'), 207, 'NCERT Curiosity Grade 8', 2, 'medium', 120, 'mcq', 'Which type of mirror is used in telescopes to gather light?', null, '["Plane mirror", "Concave mirror", "Convex mirror", "None of the above"]'::jsonb, 1, 'Concave mirror', 'Concave mirrors focus light, making them ideal for telescopes.  ▸ Textbook: Most modern telescopes are reflecting telescope that use curved mirrors, with the main mirror being a large concave mirror.');
insert into questions (code, chapter_id, skill_id, source_exam, marks, difficulty, timer_seconds, type, stem_latex, stem_en, options_latex, correct_option, answer_latex, explain_en) values ('sci-chem-fp001', (select id from chapters where code='sci-chem'), 210, 'NCERT Curiosity Grade 8', 2, 'medium', 120, 'mcq', 'Who first introduced the concept of Parmanu, which refers to an indivisible particle?', null, '["Acharya Kanad", "Albert Einstein", "Isaac Newton", "Democritus"]'::jsonb, 0, 'Acharya Kanad', 'Acharya Kanad is credited with the concept of Parmanu in ancient Indian philosophy.  ▸ Textbook: Acharya Kanad, an ancient Indian philosopher, first spoke about the idea of a Parmanu (atom).');
insert into questions (code, chapter_id, skill_id, source_exam, marks, difficulty, timer_seconds, type, stem_latex, stem_en, options_latex, correct_option, answer_latex, explain_en) values ('sci-chem-fp002', (select id from chapters where code='sci-chem'), 210, 'NCERT Curiosity Grade 8', 2, 'medium', 120, 'mcq', 'What is the name of the work where Acharya Kanad discussed the idea of Parmanu?', null, '["Vaisheshika Sutras", "Bhagavad Gita", "Arthashastra", "Rigveda"]'::jsonb, 0, 'Vaisheshika Sutras', 'Vaisheshika Sutras is the work where Acharya Kanad discussed Parmanu.  ▸ Textbook: This idea was written in his work called Vaisheshika Sutras.');
insert into questions (code, chapter_id, skill_id, source_exam, marks, difficulty, timer_seconds, type, stem_latex, stem_en, options_latex, correct_option, answer_latex, explain_en) values ('sci-chem-fp009', (select id from chapters where code='sci-chem'), 210, 'NCERT Curiosity Grade 8', 2, 'medium', 120, 'mcq', 'What concept did Acharya Kanad introduce that is similar to the modern concept of an atom?', null, '["Parmanu", "Molecule", "Electron", "Proton"]'::jsonb, 0, 'Parmanu', 'Parmanu is akin to the modern concept of an atom.  ▸ Textbook: Acharya Kanad, an ancient Indian philosopher, first spoke about the idea of a Parmanu (atom).');
insert into questions (code, chapter_id, skill_id, source_exam, marks, difficulty, timer_seconds, type, stem_latex, stem_en, options_latex, correct_option, answer_latex, explain_en) values ('sci-chem-fp010', (select id from chapters where code='sci-chem'), 210, 'NCERT Curiosity Grade 8', 2, 'medium', 120, 'mcq', 'What is the primary subject of the Vaisheshika Sutras?', null, '["The idea of Parmanu", "The laws of motion", "The theory of relativity", "The structure of DNA"]'::jsonb, 0, 'The idea of Parmanu', 'Vaisheshika Sutras discusses the concept of Parmanu.  ▸ Textbook: This idea was written in his work called Vaisheshika Sutras.');
insert into questions (code, chapter_id, skill_id, source_exam, marks, difficulty, timer_seconds, type, stem_latex, stem_en, options_latex, correct_option, answer_latex, explain_en) values ('sci-bio-fp001', (select id from chapters where code='sci-bio'), 211, 'NCERT Curiosity Grade 8', 1, 'easy', 60, 'mcq', 'What is the function of chloroplasts in plant cells?', null, '["They contain chlorophyll and help in photosynthesis.", "They store waste materials.", "They provide structural support to the cell.", "They are involved in cell division."]'::jsonb, 0, 'They contain chlorophyll and help in photosynthesis.', 'Chloroplasts contain chlorophyll, which is essential for photosynthesis.  ▸ Textbook: Some plastids, like chloroplasts, contain chlorophyll, which makes them green and helps in photosynthesis.');
insert into questions (code, chapter_id, skill_id, source_exam, marks, difficulty, timer_seconds, type, stem_latex, stem_en, options_latex, correct_option, answer_latex, explain_en) values ('sci-bio-fp002', (select id from chapters where code='sci-bio'), 211, 'NCERT Curiosity Grade 8', 2, 'medium', 120, 'mcq', 'What is the primary role of vacuoles in plant cells?', null, '["To store important substances and maintain cell shape.", "To assist in cell division.", "To produce energy for the cell.", "To transport nutrients across the cell membrane."]'::jsonb, 0, 'To store important substances and maintain cell shape.', 'Vacuoles store substances and help maintain the shape of plant cells.  ▸ Textbook: This helps the plant cell store important substances, get rid of waste, and maintain the shape of the cell.');
insert into questions (code, chapter_id, skill_id, source_exam, marks, difficulty, timer_seconds, type, stem_latex, stem_en, options_latex, correct_option, answer_latex, explain_en) values ('sci-bio-fp003', (select id from chapters where code='sci-bio'), 211, 'NCERT Curiosity Grade 8', 2, 'medium', 120, 'mcq', 'Which structure is typically absent or small in animal cells compared to plant cells?', null, '["Vacuoles", "Nucleus", "Cell membrane", "Mitochondria"]'::jsonb, 0, 'Vacuoles', 'Animal cells either lack vacuoles or have very small ones compared to plant cells.  ▸ Textbook: In animal cells, vacuoles are usually not present, if present, they are usually small.');
insert into questions (code, chapter_id, skill_id, source_exam, marks, difficulty, timer_seconds, type, stem_latex, stem_en, options_latex, correct_option, answer_latex, explain_en) values ('sci-bio-fp006', (select id from chapters where code='sci-bio'), 211, 'NCERT Curiosity Grade 8', 2, 'medium', 120, 'mcq', 'What is the purpose of plastids in non-green parts of plants?', null, '["To help in the storage of substances.", "To assist in photosynthesis.", "To provide structural support.", "To aid in cell division."]'::jsonb, 0, 'To help in the storage of substances.', 'Plastids in non-green parts are involved in storage.  ▸ Textbook: In non-green parts, they help in the storage of substances.');
insert into questions (code, chapter_id, skill_id, source_exam, marks, difficulty, timer_seconds, type, stem_latex, stem_en, options_latex, correct_option, answer_latex, explain_en) values ('sci-bio-fp007', (select id from chapters where code='sci-bio'), 211, 'NCERT Curiosity Grade 8', 2, 'medium', 120, 'mcq', 'What is the main function of the large vacuole in plant cells?', null, '["To store important substances and maintain cell shape.", "To assist in photosynthesis.", "To transport nutrients.", "To produce energy."]'::jsonb, 0, 'To store important substances and maintain cell shape.', 'The vacuole stores substances and maintains cell shape.  ▸ Textbook: This helps the plant cell store important substances, get rid of waste, and maintain the shape of the cell.');
insert into questions (code, chapter_id, skill_id, source_exam, marks, difficulty, timer_seconds, type, stem_latex, stem_en, options_latex, correct_option, answer_latex, explain_en) values ('sci-bio-fp011', (select id from chapters where code='sci-bio'), 211, 'NCERT Curiosity Grade 8', 2, 'medium', 120, 'mcq', 'What is the role of vacuoles in animal cells, if present?', null, '["To store certain substances dissolved in water.", "To assist in photosynthesis.", "To provide structural support.", "To aid in cell division."]'::jsonb, 0, 'To store certain substances dissolved in water.', 'In animal cells, vacuoles store substances dissolved in water.  ▸ Textbook: These small vacuoles store certain substances dissolved in water.');
insert into questions (code, chapter_id, skill_id, source_exam, marks, difficulty, timer_seconds, type, stem_latex, stem_en, options_latex, correct_option, answer_latex, explain_en) values ('sci-phys-fp001', (select id from chapters where code='sci-phys'), 212, 'NCERT Curiosity Grade 8', 2, 'medium', 120, 'mcq', 'What is the process used to create spherical mirrors?', null, '["Slicing a hollow glass sphere", "Grinding and polishing a flat glass piece", "Molding molten glass", "Using a 3D printer"]'::jsonb, 1, 'Grinding and polishing a flat glass piece', 'Spherical mirrors are made by grinding and polishing flat glass, not by slicing spheres.  ▸ Textbook: Instead, they are created by grinding and polishing a flat glass piece into a curved surface.');
insert into questions (code, chapter_id, skill_id, source_exam, marks, difficulty, timer_seconds, type, stem_latex, stem_en, options_latex, correct_option, answer_latex, explain_en) values ('sci-phys-fp002', (select id from chapters where code='sci-phys'), 212, 'NCERT Curiosity Grade 8', 1, 'easy', 60, 'mcq', 'Where is the reflective coating applied to form a concave mirror?', null, '["Outer curved surface", "Inner curved surface", "Both surfaces", "Flat surface"]'::jsonb, 0, 'Outer curved surface', 'The coating on the outer surface creates a concave mirror.  ▸ Textbook: If a reflective coating (like a thin layer of aluminium) is applied on the outer curved surface, it forms a concave mirror.');
insert into questions (code, chapter_id, skill_id, source_exam, marks, difficulty, timer_seconds, type, stem_latex, stem_en, options_latex, correct_option, answer_latex, explain_en) values ('sci-phys-fp003', (select id from chapters where code='sci-phys'), 212, 'NCERT Curiosity Grade 8', 2, 'medium', 120, 'mcq', 'What type of mirror is used in most modern telescopes?', null, '["Convex mirror", "Concave mirror", "Flat mirror", "Parabolic mirror"]'::jsonb, 1, 'Concave mirror', 'Modern telescopes use concave mirrors as their main mirror.  ▸ Textbook: Most modern telescopes are reflecting telescope that use curved mirrors, with the main mirror being a large concave mirror.');
insert into questions (code, chapter_id, skill_id, source_exam, marks, difficulty, timer_seconds, type, stem_latex, stem_en, options_latex, correct_option, answer_latex, explain_en) values ('sci-phys-fp004', (select id from chapters where code='sci-phys'), 212, 'NCERT Curiosity Grade 8', 1, 'easy', 60, 'mcq', 'What type of mirrors are used as side-view mirrors on vehicles?', null, '["Concave mirrors", "Convex mirrors", "Flat mirrors", "Parabolic mirrors"]'::jsonb, 1, 'Convex mirrors', 'Convex mirrors are used in vehicles for a wider field of view.  ▸ Textbook: Look at the side-view mirrors on vehicles (Fig. 10.7a). These mirrors are convex.');
insert into questions (code, chapter_id, skill_id, source_exam, marks, difficulty, timer_seconds, type, stem_latex, stem_en, options_latex, correct_option, answer_latex, explain_en) values ('sci-phys-fp005', (select id from chapters where code='sci-phys'), 212, 'NCERT Curiosity Grade 8', 2, 'medium', 120, 'mcq', 'What is the purpose of solar concentrators?', null, '["To generate wind energy", "To concentrate sunlight for heating", "To store solar energy", "To convert sunlight into sound"]'::jsonb, 1, 'To concentrate sunlight for heating', 'Solar concentrators focus sunlight to produce heat or electricity.  ▸ Textbook: Devices which concentrate sunlight into a small area, using mirrors and lenses, are called solar concentrators.');
insert into questions (code, chapter_id, skill_id, source_exam, marks, difficulty, timer_seconds, type, stem_latex, stem_en, options_latex, correct_option, answer_latex, explain_en) values ('sci-phys-fp006', (select id from chapters where code='sci-phys'), 212, 'NCERT Curiosity Grade 8', 2, 'medium', 120, 'mcq', 'What ancient method did astronomers use to observe stars and planets over 800 years ago?', null, '["Telescopes", "Shallow bowls of water", "Magnifying glasses", "Convex lenses"]'::jsonb, 1, 'Shallow bowls of water', 'Astronomers used water bowls to observe celestial bodies.  ▸ Textbook: More than 800 years ago, during the time of the great Indian mathematician Bhāskara II, astronomers used shallow bowls of water to observe the stars a');
insert into questions (code, chapter_id, skill_id, source_exam, marks, difficulty, timer_seconds, type, stem_latex, stem_en, options_latex, correct_option, answer_latex, explain_en) values ('sci-phys-fp007', (select id from chapters where code='sci-phys'), 212, 'NCERT Curiosity Grade 8', 1, 'easy', 60, 'mcq', 'What is the main function of a convex mirror in road safety?', null, '["To magnify objects", "To form an erect image", "To focus light", "To invert images"]'::jsonb, 1, 'To form an erect image', 'Convex mirrors provide an erect and smaller image for better visibility.  ▸ Textbook: They always form an erect image of the traffic behind and smaller than the actual vehicles.');
insert into questions (code, chapter_id, skill_id, source_exam, marks, difficulty, timer_seconds, type, stem_latex, stem_en, options_latex, correct_option, answer_latex, explain_en) values ('sci-phys-fp008', (select id from chapters where code='sci-phys'), 212, 'NCERT Curiosity Grade 8', 2, 'medium', 120, 'mcq', 'What is the role of the normal in the reflection of light?', null, '["It divides the incident and reflected rays", "It absorbs light", "It changes the color of light", "It magnifies the light"]'::jsonb, 0, 'It divides the incident and reflected rays', 'The normal helps define the plane of reflection.  ▸ Textbook: However, the direction of the reflected ray is such that the incident ray, the normal at the point of incidence, and the reflected ray all lie in the ');
insert into questions (code, chapter_id, skill_id, source_exam, marks, difficulty, timer_seconds, type, stem_latex, stem_en, options_latex, correct_option, answer_latex, explain_en) values ('sci-phys-fp009', (select id from chapters where code='sci-phys'), 212, 'NCERT Curiosity Grade 8', 2, 'medium', 120, 'mcq', 'What is a key feature of the reflected ray in relation to the incident ray and normal?', null, '["They lie in different planes", "They lie in the same plane", "They are parallel", "They are perpendicular"]'::jsonb, 1, 'They lie in the same plane', 'The incident ray, normal, and reflected ray lie in the same plane.  ▸ Textbook: ...the incident ray, the normal at the point of incidence, and the reflected ray all lie in the same plane in both cases.');
insert into questions (code, chapter_id, skill_id, source_exam, marks, difficulty, timer_seconds, type, stem_latex, stem_en, options_latex, correct_option, answer_latex, explain_en) values ('sci-phys-fp010', (select id from chapters where code='sci-phys'), 212, 'NCERT Curiosity Grade 8', 2, 'medium', 120, 'mcq', 'What is one use of solar furnaces mentioned in the text?', null, '["Generating electricity", "Melting steel", "Cooking food", "Heating water"]'::jsonb, 1, 'Melting steel', 'Solar furnaces can reach high temperatures to melt steel.  ▸ Textbook: Solar furnaces are even used for melting steel!');
insert into questions (code, chapter_id, skill_id, source_exam, marks, difficulty, timer_seconds, type, stem_latex, stem_en, options_latex, correct_option, answer_latex, explain_en) values ('sci-phys-fp011', (select id from chapters where code='sci-phys'), 212, 'NCERT Curiosity Grade 8', 2, 'medium', 120, 'mcq', 'What did ancient astronomers use to measure the positions of stars and planets?', null, '["Telescopes", "Reflecting telescopes", "Shallow bowls of water", "Concave mirrors"]'::jsonb, 2, 'Shallow bowls of water', 'They used water bowls to reflect and measure celestial positions.  ▸ Textbook: ...astronomers used shallow bowls of water to observe the stars and planets.');
insert into questions (code, chapter_id, skill_id, source_exam, marks, difficulty, timer_seconds, type, stem_latex, stem_en, options_latex, correct_option, answer_latex, explain_en) values ('sci-phys-fp012', (select id from chapters where code='sci-phys'), 212, 'NCERT Curiosity Grade 8', 1, 'easy', 60, 'mcq', 'What is the main characteristic of the image formed by convex mirrors used in vehicles?', null, '["Inverted", "Magnified", "Erect and smaller", "Distorted"]'::jsonb, 2, 'Erect and smaller', 'Convex mirrors form smaller, erect images for better rear visibility.  ▸ Textbook: They always form an erect image of the traffic behind and smaller than the actual vehicles.');
insert into questions (code, chapter_id, skill_id, source_exam, marks, difficulty, timer_seconds, type, stem_latex, stem_en, options_latex, correct_option, answer_latex, explain_en) values ('sci-bio-fp020', (select id from chapters where code='sci-bio'), 211, 'NCERT Curiosity Grade 8', 2, 'medium', 120, 'mcq', 'Robert Hooke described cells in a book he published. What was it called?', null, '["Micrographia", "Principia Mathematica", "Origin of Species", "Vaisheshika Sutras"]'::jsonb, 0, 'Micrographia', 'The chapter shows Hooke''s book and his microscope — the book is Micrographia.  ▸ Textbook: Fig. 2.2: (a) Micrographia book; (b) Microscope of Robert Hooke;');
insert into questions (code, chapter_id, skill_id, source_exam, marks, difficulty, timer_seconds, type, stem_latex, stem_en, options_latex, correct_option, answer_latex, explain_en) values ('sci-bio-fp021', (select id from chapters where code='sci-bio'), 211, 'NCERT Curiosity Grade 8', 1, 'easy', 60, 'mcq', 'In the schematic drawings of cells, which one is the ANIMAL cell — the one with no cell wall, no chloroplast and only a tiny vacuole?', null, '["The animal cell", "The plant cell", "Both look identical", "Neither"]'::jsonb, 0, 'The animal cell', 'An animal cell lacks the cell wall, chloroplasts and the large vacuole a plant cell has.  ▸ Textbook: A schematic drawing of (a) An animal cell and (b) A plant');
insert into questions (code, chapter_id, skill_id, source_exam, marks, difficulty, timer_seconds, type, stem_latex, stem_en, options_latex, correct_option, answer_latex, explain_en) values ('sci-chem-fp020', (select id from chapters where code='sci-chem'), 210, 'NCERT Curiosity Grade 8', 1, 'easy', 60, 'mcq', 'Acharya Kanad believed matter is made of tiny particles that cannot be divided further. What did he call them?', null, '["Parmanu", "Anu", "Bhuta", "Sutra"]'::jsonb, 0, 'Parmanu', 'Kanad called the indivisible, eternal particle a Parmanu — the ancient Indian idea of the atom.  ▸ Textbook: He believed that matter is made up of tiny, indivisible eternal particles called Parmanu.');

-- concept cards
insert into concept_sections (chapter_id, idx, title, tier, why, body) values ((select id from chapters where code='sci-chem'), 1, 'Particles of matter, and the three states', '*', 'Rarely asked directly (2/59 papers), but it underpins everything else.', '[{"kind": "p", "text": "All matter is made of very small pieces called CONSTITUENT PARTICLES. Break chalk, grind it, dissolve sugar — you never get a new substance, only smaller and smaller pieces of the same one."}, {"kind": "key", "text": "What state a substance is in is decided by the strength of the ATTRACTION between its particles."}, {"kind": "tbl", "head": ["State", "Particles", "Shape", "Volume"], "rows": [["Solid", "tightly packed, fixed positions, can only vibrate", "definite", "definite"], ["Liquid", "loosely packed, can slide past each other", "takes the container''s shape", "definite"], ["Gas", "far apart, free to move in all directions", "fills the whole container", "no fixed volume"]]}, {"kind": "key", "text": "Heating WEAKENS the attraction between particles. Solid → (melting point) → liquid → (boiling point) → gas."}, {"kind": "warn", "text": "Your test stops at book page 106. Interparticle SPACING (section 7.3) is NOT in scope."}]'::jsonb);
insert into concept_sections (chapter_id, idx, title, tier, why, body) values ((select id from chapters where code='sci-bio'), 1, 'The cell and its organelles', '**', 'Cell structure came up in 29 of the 59 real Science papers.', '[{"kind": "p", "text": "Every living thing is built from cells. A cell has THREE basic parts: the cell membrane, the cytoplasm, and the nucleus. Plant cells add a few more."}, {"kind": "tbl", "head": ["Organelle", "What it does"], "rows": [["Cell membrane", "Encloses the cytoplasm and nucleus. Separates one cell from another. POROUS — lets useful things in and waste out."], ["Cytoplasm", "Fills the space between membrane and nucleus. Holds the other components. MOST life processes happen here."], ["Nucleus", "Regulates ALL activities of the cell, and its growth."], ["Cell wall (plants only)", "Gives rigidity and strength — which is why plant cells look firm and packed."], ["Chloroplast (a plastid)", "Contains chlorophyll → green → does photosynthesis. In non-green parts, plastids store substances."], ["Vacuole", "Stores substances, gets rid of waste, keeps the cell''s shape. LARGE in plant cells; small or absent in animal cells."]]}, {"kind": "key", "text": "Plant cell vs animal cell: a plant cell has a CELL WALL, CHLOROPLASTS and a LARGE VACUOLE. An animal cell has none of those (its vacuoles, if any, are small)."}, {"kind": "p", "text": "A cell''s SHAPE follows its job: a muscle cell is spindle-shaped so it can contract; a nerve cell is long with branches so it can carry signals a long way."}, {"kind": "warn", "text": "Careful — this textbook LABELS mitochondria in Fig 2.5 but never says what it does. If your test asks for its function, that came from class, not this book."}]'::jsonb);
insert into concept_sections (chapter_id, idx, title, tier, why, body) values ((select id from chapters where code='sci-phys'), 1, 'Light: mirrors, reflection and lenses', '***', 'Reflection and mirrors came up in 30 of the 59 real Science papers — the most-asked Science topic.', '[{"kind": "key", "text": "Law of reflection: the angle of incidence = the angle of reflection. Both are measured from the NORMAL (the line at 90° to the mirror), never from the mirror surface."}, {"kind": "p", "text": "So if a ray comes straight along the normal, the angle of incidence is 0° — and it reflects straight back."}, {"kind": "tbl", "head": ["", "Shape", "Effect on parallel rays", "Image"], "rows": [["Concave mirror", "curves INWARDS", "converges them", "far object → inverted & smaller; close object → erect & enlarged"], ["Convex mirror", "curves OUTWARDS", "diverges them", "ALWAYS erect and diminished; wider view"], ["Convex lens", "thicker in the MIDDLE", "converges them", "far object → inverted & smaller; close object → erect & enlarged"], ["Concave lens", "thicker at the EDGES", "diverges them", "ALWAYS erect and diminished"]]}, {"kind": "key", "text": "The pattern to hold on to: CONVEX MIRROR and CONCAVE LENS always give an erect, diminished image. CONCAVE MIRROR and CONVEX LENS depend on how far the object is."}, {"kind": "eg", "lines": ["Convex mirror → vehicle side-view mirrors, road safety mirrors (they show a wide view)", "Concave mirror → dentist''s mirror, car headlights, solar cooker (they converge light)", "Convex lens → magnifying glass"]}]'::jsonb);
insert into concept_sections (chapter_id, idx, title, tier, why, body) values ((select id from chapters where code='sci-chem'), 2, 'Textbook fine print — the bits schools ask about', '***', 'The school usually asks from the textbook fine print.', '[{"kind": "p", "text": "The school likes to ask from the FINE PRINT — the small boxes beside the main text, which are easy to skip when revising."}, {"kind": "key", "text": "Watch the ''A step further'' and ''Our scientific heritage'' boxes, and the figure captions."}, {"kind": "eg", "lines": ["Chemistry — Acharya Kanad first spoke of the Parmanu (atom), in his work the Vaisheshika Sutras.", "Biology  — Robert Hooke described cells in his book Micrographia.", "Physics  — A mirror is made by grinding and polishing flat glass, NOT by slicing a sphere. Coat the OUTER curved surface and you get a CONCAVE mirror; coat the INNER surface and you get a CONVEX one.", "Physics  — 800 years ago, in the time of Bhaskara II, astronomers used shallow bowls of water to observe stars by reflection.", "Physics  — Solar furnaces use concave mirrors to concentrate sunlight — hot enough to melt steel."]}]'::jsonb);
insert into concept_sections (chapter_id, idx, title, tier, why, body) values ((select id from chapters where code='sci-bio'), 2, 'Textbook fine print — the bits schools ask about', '***', 'The school usually asks from the textbook fine print.', '[{"kind": "p", "text": "The school likes to ask from the FINE PRINT — the small boxes beside the main text, which are easy to skip when revising."}, {"kind": "key", "text": "Watch the ''A step further'' and ''Our scientific heritage'' boxes, and the figure captions."}, {"kind": "eg", "lines": ["Chemistry — Acharya Kanad first spoke of the Parmanu (atom), in his work the Vaisheshika Sutras.", "Biology  — Robert Hooke described cells in his book Micrographia.", "Physics  — A mirror is made by grinding and polishing flat glass, NOT by slicing a sphere. Coat the OUTER curved surface and you get a CONCAVE mirror; coat the INNER surface and you get a CONVEX one.", "Physics  — 800 years ago, in the time of Bhaskara II, astronomers used shallow bowls of water to observe stars by reflection.", "Physics  — Solar furnaces use concave mirrors to concentrate sunlight — hot enough to melt steel."]}]'::jsonb);
insert into concept_sections (chapter_id, idx, title, tier, why, body) values ((select id from chapters where code='sci-phys'), 2, 'Textbook fine print — the bits schools ask about', '***', 'The school usually asks from the textbook fine print.', '[{"kind": "p", "text": "The school likes to ask from the FINE PRINT — the small boxes beside the main text, which are easy to skip when revising."}, {"kind": "key", "text": "Watch the ''A step further'' and ''Our scientific heritage'' boxes, and the figure captions."}, {"kind": "eg", "lines": ["Chemistry — Acharya Kanad first spoke of the Parmanu (atom), in his work the Vaisheshika Sutras.", "Biology  — Robert Hooke described cells in his book Micrographia.", "Physics  — A mirror is made by grinding and polishing flat glass, NOT by slicing a sphere. Coat the OUTER curved surface and you get a CONCAVE mirror; coat the INNER surface and you get a CONVEX one.", "Physics  — 800 years ago, in the time of Bhaskara II, astronomers used shallow bowls of water to observe stars by reflection.", "Physics  — Solar furnaces use concave mirrors to concentrate sunlight — hot enough to melt steel."]}]'::jsonb);

commit;
